abc1	dlib-1792-001-KDNTQLXE.txt
abc2	dlib-1873-004-R4EYKVS2.txt
abc3	dlib-1873-024-AWYPDXGC.txt
abc4	dlib-1876-023-RLD920GV.txt
abc5	dlib-1877-021-WL8TOIT4.txt
abc6	dlib-1878-022-MYCAJDL4.txt
abc7	dlib-1879-006-K9808MEY.txt
abc8	dlib-1884-019-GRCVB2SU.txt
abc9	dlib-1885-017-MNWCDKVG.txt
abc10	dlib-1885-021-P09KQCV3.txt
abc11	dlib-1886-004-F966Z3VM.txt
abc12	dlib-1887-020-MZOLRR68.txt
abc13	dlib-1888-002-WFXEFR92.txt
abc14	dlib-1888-005-MVLDL8LV.txt
abc15	dlib-1888-005-ZBTFXM5W.txt
abc16	dlib-1888-007-OO6BL9JK.txt
abc17	dlib-1888-008-EUHESXMF.txt
abc18	dlib-1888-008-WKRCZUZX.txt
abc19	dlib-1888-009-TUPHLYC8.txt
abc20	dlib-1888-021-WGHQONW9.txt
abc21	dlib-1889-002-S2VVWFDQ.txt
abc22	dlib-1889-003-3UDMSK7X.txt
abc23	dlib-1890-008-1OIB8G1Q.txt
abc24	dlib-1890-009-RX3ZJ5CT.txt
abc25	dlib-1890-022-5D4UAHSX.txt
abc26	dlib-1891-009-F42SYWFS.txt
abc27	dlib-1891-030-PPIEZJ7V.txt
abc28	dlib-1892-013-5L8LLJ5X.txt
abc29	dlib-1894-014-GDKVZT4N.txt
abc30	dlib-1894-027-XQIBGU8P.txt
abc31	dlib-1894-040-3VQNKKDU.txt
abc32	dlib-1896-007-K66VSEXB.txt
abc33	dlib-1897-007-62CK1OTG.txt
abc34	dlib-1897-014-7ZWA1B2Y.txt
abc35	dlib-1897-022-8ODY2G9L.txt
abc36	dlib-1897-029-MH41WYOA.txt
abc37	dlib-1897-032-SDID6GXC.txt
abc38	dlib-1897-038-CLHESA4Q.txt
abc39	dlib-1898-015-8RAXUZNJ.txt
abc40	dlib-1898-015-R8NC6QYF.txt
abc41	dlib-1899-033-2LWMSKKN.txt
abc42	dlib-1900-008-9TGLHLWY.txt
abc43	dlib-1900-016-QIC8SIQM.txt
abc44	dlib-1900-035-AZ5T7GEF.txt
abc45	dlib-1901-054-EET7E14I.txt
abc46	dlib-1901-061-P9FWA6BY.txt
abc47	dlib-1902-017-7BFAW0N8.txt
abc48	dlib-1902-038-DQ46SPM3.txt
abc49	dlib-1903-050-DWKGCVMK.txt
abc50	dlib-1904-018-EFNS2MRI.txt
abc51	dlib-1905-005-KQX0ZZSH.txt
abc52	dlib-1905-017-PXTLFEVL.txt
abc53	dlib-1905-034-JWFWY1AI.txt
abc54	dlib-1905-055-Z4HDFJKN.txt
abc55	dlib-1906-025-TVSZWTD5.txt
abc56	dlib-1906-053-L28TDAEP.txt
abc57	dlib-1907-001-PZNW6XPL.txt
abc58	dlib-1907-017-1OB0I5JL.txt
abc59	dlib-1907-025-F5WXHAEM.txt
abc60	dlib-1907-039-2UQ00FSG.txt
abc61	dlib-1908-034-UGZXTPKY.txt
abc62	dlib-1908-048-JKG9CNWA.txt
abc63	dlib-1908-049-OX6WKR5A.txt
abc64	dlib-1908-057-JAANLAHH.txt
abc65	dlib-1909-006-GKVAT0EQ.txt
abc66	dlib-1909-049-HPIZJTEX.txt
abc67	dlib-1909-054-FY53X7LG.txt
abc68	dlib-1909-066-6LXBQXDI.txt
abc69	dlib-1910-018-DC91R511.txt
abc70	dlib-1910-018-LON6G3RC.txt
abc71	dlib-1910-024-OMEFVWRM.txt
abc72	dlib-1910-025-ZMGOPZWZ.txt
abc73	dlib-1910-048-WLC20BTK.txt
abc74	dlib-1911-005-3UHTG1PG.txt
abc75	dlib-1911-022-GCNVB7TS.txt
abc76	dlib-1911-062-687Y40UQ.txt
abc77	dlib-1911-063-Q525PCMB.txt
abc78	dlib-1912-005-17LNLV4A.txt
abc79	dlib-1912-010-DMKHIJP1.txt
abc80	dlib-1912-028-OSFKXS80.txt
abc81	dlib-1912-063-DQJRN6F5.txt
abc82	dlib-1912-064-8A2YLQME.txt
abc83	dlib-1913-003-EZ8XJ4RU.txt
abc84	dlib-1913-009-VTSRGABA.txt
abc85	dlib-1914-021-HHLMYCNC.txt
abc86	dlib-1914-021-SH7JS1YH.txt
abc87	dlib-1914-069-GGKE5OZB.txt
abc88	dlib-1915-012-FQZKDS8J.txt
abc89	dlib-1915-024-9F3J4LIO.txt
abc90	dlib-1915-024-S90MB4ID.txt
abc91	dlib-1915-041-EJDLB5U0.txt
abc92	dlib-1916-020-TOFFFXKP.txt
abc93	dlib-1916-050-55KMMNBK.txt
abc94	dlib-1916-054-SOKRENE6.txt
abc95	dlib-1917-004-RHQAFFWH.txt
abc96	dlib-1917-017-WBIULTWQ.txt
abc97	dlib-1917-023-OW21W88T.txt
abc98	dlib-1917-043-5G48HE0A.txt
abc99	dlib-1918-001-2JGN15IO.txt
abc100	dlib-1918-011-C8967RI0.txt
