dtak1	schulz_reise0201_1795.txt
dtak2	heinse_ardinghello02_1787.txt
dtak3	hartmann_posten_1868.txt
dtak4	berg_ostasien01_1864.txt
dtak5	birken_gespraechspiel_1665.txt
dtak6	goethe_divan_1819.txt
dtak7	bossmann_gvinea_1708.txt
dtak8	nietzsche_zarathustra01_1883.txt
dtak9	wallenrodt_fritz01_1800.txt
dtak10	huber_reisejournal_1811.txt
dtak11	meyer_jenatsch_1876.txt
dtak12	vischer_aesthetik0202_1848.txt
dtak13	berg_ostasienzoologie02_1867.txt
dtak14	paul_hesperus03_1795.txt
dtak15	wundt_medizinische_1867.txt
dtak16	stein_verwaltungslehre03_1867.txt
dtak17	gottsched_pietisterey_1736.txt
dtak18	zachariae_schriften01_1763.txt
dtak19	boelsche_liebesleben03_1903.txt
dtak20	bodmer_sammlung04_1742.txt
dtak21	bunge_vegetarianismus_1885.txt
dtak22	weigel_moralweissheit_1674.txt
dtak23	schulz_reise03_1795.txt
dtak24	scheffel_ekkehard_1855.txt
dtak25	rapsilber_reichstagsgebaeude_1895.txt
dtak26	thomasius_ausuebungvernunfftlehre_1691.txt
dtak27	varnhagen_denkwuerdigkeiten01_1837.txt
dtak28	seip_gesundbrunnen_1717.txt
dtak29	reinkingk_policey_1653.txt
dtak30	rueckert_brahmane02_1837.txt
dtak31	weirauch_dellaragione_1673.txt
dtak32	unzer_erstegruende_1771.txt
dtak33	lambert_organon02_1764.txt
dtak34	thaer_landwirthschaft01_1809.txt
dtak35	schopenhauer_eyck01_1822.txt
dtak36	swedenborg_schriften03_1776.txt
dtak37	beseler_kommentar_1851.txt
dtak38	goerres_revolution_1819.txt
dtak39	santaclara_mercks_1680.txt
dtak40	hebbel_magdalene_1844.txt
dtak41	levezow_iphigenia_1805.txt
dtak42	cancrin_beschreibung_1767.txt
dtak43	gellert_leben01_1747.txt
dtak44	tieck_lovell01_1795.txt
dtak45	storm_immensee_1852.txt
dtak46	hobrecht_polytechnikum_1878.txt
dtak47	arent_dichtercharaktere_1885.txt
dtak48	mueller_kunst_1830.txt
dtak49	goethe_leben03_1814.txt
dtak50	buerger_gedichte_1778.txt
dtak51	alexis_ruhe03_1852.txt
dtak52	pufendorf_einleitung_1691.txt
dtak53	herder_humanitaet01_1793.txt
dtak54	lessing_minna_1767.txt
dtak55	micraelius_pommernland06_1639.txt
dtak56	gundling_discours_1733.txt
dtak57	campe_theophron02_1783.txt
dtak58	fouque_undine_1811.txt
dtak59	stein_verwaltungslehre02_1866.txt
dtak60	humboldt_aequinoktial02_1859.txt
dtak61	gessner_buchdruckerkunst03_1741.txt
dtak62	platen_gabel_1826.txt
dtak63	pocci_komoedienbuechlein03_1869.txt
dtak64	lessing_fabeln_1759.txt
dtak65	huber_revival_1862.txt
dtak66	voss_oduessee_1781.txt
dtak67	goethe_wahlverw02_1809.txt
dtak68	hirschfeld_gartenkunst4_1782.txt
dtak69	richardson_clarissa07_1751.txt
dtak70	wolff_naturwuerckungen_1723.txt
dtak71	zinzendorf_christlichelehre_1725.txt
dtak72	kotzebue_erinnerungen02_1804.txt
dtak73	george_seele_1897.txt
dtak74	richardson_clarissa08_1753.txt
dtak75	gotthelf_sagen_1842.txt
dtak76	eckermann_goethe01_1836.txt
dtak77	haller_anfangsgruende05_1772.txt
dtak78	marperger_hutmacher_1719.txt
dtak79	gleim_versuch02_1745.txt
dtak80	laband_staatsrecht01_1876.txt
dtak81	schloezer_universalhistorie02_1773.txt
dtak82	pancovius_herbarium_1656.txt
dtak83	nestroy_lumpacivagabundus_1835.txt
dtak84	thaer_landwirthschaft04_1812.txt
dtak85	boelsche_liebesleben02_1900.txt
dtak86	gutzkow_charaktere_1835.txt
dtak87	schwab_sagen03_1840.txt
dtak88	nn_jaeger_1848.txt
dtak89	berg_ostasienzoologie01_1876.txt
dtak90	melander_jocoseria01_1605.txt
dtak91	valentin_hochzeit_1616.txt
dtak92	neumark_lustgarten_1666.txt
dtak93	hirschfeld_gartenkunst3_1780.txt
dtak94	arndt_christentum01_1610.txt
dtak95	froelich_virginia01_1820.txt
dtak96	anthus_esskunst_1838.txt
dtak97	alexis_ruhe01_1852.txt
dtak98	schuchardt_lautgesetze_1885.txt
dtak99	jhering_recht03_1865.txt
dtak100	brehm_thierleben01_1864.txt
dtak101	wanderley_bauconstructionslehre02_1878.txt
dtak102	reichart_landschatz05_1754.txt
dtak103	thiers_david_1827.txt
dtak104	hoffmann_elixiere01_1815.txt
dtak105	polenz_buettnerbauer_1895.txt
dtak106	meissner_krimi_1796.txt
dtak107	brehm_thierleben06_1869.txt
dtak108	cantemir_geschichte_1745.txt
dtak109	glueck_pandecten02verbesserungen_1800.txt
dtak110	greflinger_krieg_1657.txt
dtak111	zachariae_schriften02_1763.txt
dtak112	valentinus_occulta_1603.txt
dtak113	herder_geschichte02_1785.txt
dtak114	nn_lissabon2_1756.txt
dtak115	weckherlin_gedichte_1641.txt
dtak116	veitschlegel_florentin_1801.txt
dtak117	stifter_steine02_1853.txt
dtak118	schiller_naive02_1795.txt
dtak119	arndt_christentum04_1610.txt
dtak120	goethe_wahlverw01_1809.txt
dtak121	nn_verbesserungen_1744.txt
dtak122	bruemmer_lexikon04_1913.txt
dtak123	nn_turnkunst01_1843.txt
dtak124	bismarck_erinnerungen01_1898.txt
dtak125	sperander_negotiant_1706.txt
dtak126	hilbert_mathematische_1900.txt
dtak127	mayer_verwaltungsrecht02_1896.txt
dtak128	rudolphi_erziehung01_1807.txt
dtak129	boelsche_liebesleben01_1898.txt
dtak130	dahlmann_politik_1835.txt
dtak131	paul_flegeljahre04_1805.txt
dtak132	szentivanyi_ketzereylehren_1703.txt
dtak133	berg_ostasien03_1873.txt
dtak134	glauber_furni03_1648.txt
dtak135	herwegh_gedichte02_1843.txt
dtak136	thomasius_discours_1690.txt
dtak137	bruemmer_lexikon01_1913.txt
dtak138	chladni_klang_1787.txt
dtak139	niethammer_philantropinismus_1808.txt
dtak140	gall_untersuchungen_1791.txt
dtak141	wagner_zukunft_1850.txt
dtak142	wezel_belphegor01_1776.txt
dtak143	clausewitz_krieg03_1834.txt
dtak144	herder_humanitaet04_1794.txt
dtak145	goethe_farbenlehre02_1810.txt
dtak146	lehmann_versuch_1756.txt
dtak147	zeiller_centuria02_1659.txt
dtak148	bodmer_sammlung10_1743.txt
dtak149	stieve_hoffceremoniel_1715.txt
dtak150	paul_flegeljahre01_1804.txt
dtak151	sarganeck_unzucht_1740.txt
dtak152	weigel_gueldenergriff_1613.txt
dtak153	forster_niederrhein01_1791.txt
dtak154	santa_judas02_1689.txt
dtak155	haller_anfangsgruende02_1762.txt
dtak156	berg_ostasien04_1873.txt
dtak157	roux_kampf_1881.txt
dtak158	witzendorff_policey_1693.txt
dtak159	trichter_ritterexercitienlexikon_1742.txt
dtak160	riegl_stilfragen_1893.txt
dtak161	wienbarg_feldzuege_1834.txt
dtak162	puetter_staatsverfassung03_1787.txt
dtak163	calvi_beutelschneider02_1627.txt
dtak164	gessner_buchdruckerkunst01_1740.txt
dtak165	birken_friedensvergleich_1652.txt
dtak166	pascha_kriegsbaukunst_1662.txt
dtak167	paul_flegeljahre03_1804.txt
dtak168	pueckler_briefe03_1831.txt
dtak169	laroche_geschichte01_1771.txt
dtak170	kuernberger_amerikamuede_1855.txt
dtak171	harsdoerffer_trichter03_1653.txt
dtak172	weismann_naturzuechtung_1893.txt
dtak173	avelallemant_gaunerthum01_1858.txt
dtak174	hilscher_nachricht_1723.txt
dtak175	weigel_gnothi02_1618.txt
dtak176	salzmann_suenden_1785.txt
dtak177	gabelentz_ostasiatische_1881.txt
dtak178	glauber_furni02_1647.txt
dtak179	brehm_thierleben05_1869.txt
dtak180	wecker_kochbuch_1598.txt
dtak181	varnhagen_rahel03_1834.txt
dtak182	goetze_zeitvertreib01_1783.txt
dtak183	klopstock_gelehrtenrepublik_1774.txt
dtak184	winckelmann_kunstgeschichte01_1764.txt
dtak185	jacobi_allwill_1792.txt
dtak186	kraus_professorenroman_1884.txt
dtak187	mueller_festigkeitslehre_1886.txt
dtak188	hundtradowsky_judenschule01_1822.txt
dtak189	waiblinger_phaeton02_1823.txt
dtak190	baer_thiere_1837.txt
dtak191	hagedorn_sammlung02_1744.txt
dtak192	becher_discurs_1668.txt
dtak193	storm_schimmelreiter_1888.txt
dtak194	laukhard_leben02_1792.txt
dtak195	keller_seldwyla_1856.txt
dtak196	treviranus_biologie05_1818.txt
dtak197	friderich_edict_1697.txt
dtak198	schleicher_darwin_1863.txt
dtak199	weckherlin_oden02_1619.txt
dtak200	storm_gedichte_1852.txt
dtak201	ebeling_betrachtungen03_1747.txt
dtak202	basedow_philanthropinum_1774.txt
dtak203	oa_artzneybuch_1688.txt
dtak204	pflueger_rueckenmark_1853.txt
dtak205	kant_aufklaerung_1784.txt
dtak206	haller_anfangsgruende01_1759.txt
dtak207	gryphius_rechtsgelehrter_1659.txt
dtak208	heine_reisebilder02_1827.txt
dtak209	micraelius_pommernland03_1639.txt
dtak210	rueckert_brahmane03_1837.txt
dtak211	brehm_thierleben02_1865.txt
dtak212	platen_gedichte_1828.txt
dtak213	wedekind_erwachen_1891.txt
dtak214	milton_paradies02_1763.txt
dtak215	storm_aquis_1877.txt
dtak216	benner_meineid_1739.txt
dtak217	curtius_sprachforschung_1885.txt
dtak218	ranke_reformation02_1839.txt
dtak219	fontane_briest_1896.txt
dtak220	mohr_fachwerk02_1875.txt
dtak221	weise_ertznarren_1672.txt
dtak222	bernd_lebensbeschreibung_1738.txt
dtak223	marx_kapital0302_1894.txt
dtak224	rabener_sammlung03_1752.txt
dtak225	tetens_versuche01_1777.txt
dtak226	schaumann_crimipsyche_1792.txt
dtak227	jhering_recht01_1852.txt
dtak228	munzinger_japaner_1898.txt
dtak229	seckendorff_fuerstenstaat_1656.txt
dtak230	crueger_cupediae_1631.txt
dtak231	august_zigeuner_1698.txt
dtak232	vogt_briefe02_1851.txt
dtak233	richardson_clarissa01_1748.txt
dtak234	davidis_kochbuch_1849.txt
dtak235	johannes_zigeuner_1693.txt
dtak236	goethe_werther02_1774.txt
dtak237	pestalozzi_lienhard02_1783.txt
dtak238	ramdohr_mahlerei03_1787.txt
dtak239	brandenburg_zigeuner_1684.txt
dtak240	wackenroder_herzensergiessungen_1797.txt
dtak241	stein_verwaltungslehre07_1868.txt
dtak242	moritz_nachahmung_1788.txt
dtak243	braeker_lebensgeschichte_1789.txt
dtak244	gerstner_mechanik01_1831.txt
dtak245	karsch_gedichte_1764.txt
dtak246	lambert_einrichtung_1761.txt
dtak247	fontane_irrungen_1888.txt
dtak248	kant_rvernunft_1781.txt
dtak249	keller_heinrich04_1855.txt
dtak250	buerger_candidatus_1692.txt
dtak251	basedow_weisheit_1768.txt
dtak252	grimmelshausen_continuatio_1669.txt
dtak253	unzer_gedanken_1746.txt
dtak254	mesmer_magnetismus_1781.txt
dtak255	ebbinghaus_gedaechtnis_1885.txt
dtak256	spielhagen_problematische02_1861.txt
dtak257	humboldt_kosmos03_1850.txt
dtak258	mueller_geld_1816.txt
dtak259	schiller_stuart_1801.txt
dtak260	kant_urtheilskraft_1790.txt
dtak261	rhode_schall_1800.txt
dtak262	moritz_reiser02_1786.txt
dtak263	fischer_maehrchen_1802.txt
dtak264	schelle_spatziergaenge_1802.txt
dtak265	justi_velazquez01_1888.txt
dtak266	butschky_kantzeley_1649.txt
dtak267	harsdoerffer_trichter01_1650.txt
dtak268	unknown_civilprozessordnung_1877.txt
dtak269	klostermann_eigenthum02_1869.txt
dtak270	strauss_jesus02_1836.txt
dtak271	kraepelin_arzneimittel_1892.txt
dtak272	hunold_gedichte_1702.txt
dtak273	mueller_hellenische02_1824.txt
dtak274	lasswitz_seife_1890.txt
dtak275	oa_koechin_1706.txt
dtak276	martens_voelkerrecht_1796.txt
dtak277	bierbaum_stilpe_1897.txt
dtak278	hoffmannswaldau_gedichte04_1708.txt
dtak279	schweiger_cyklopen_1900.txt
dtak280	sachs_botanik_1875.txt
dtak281	schulz_reise0102_1795.txt
dtak282	dilthey_geisteswissenschaften_1883.txt
dtak283	keller_legenden_1872.txt
dtak284	thaer_landwirthschaft02_1810.txt
dtak285	gladov_modesprach_1727.txt
dtak286	droste_letzte_1860.txt
dtak287	moser_beleuchtung_1731.txt
dtak288	gottfried_historia_1631.txt
dtak289	kleist_kaethchen_1810.txt
dtak290	zachariae_schriften04_1764.txt
dtak291	kleist_amphytrion_1807.txt
dtak292	leisewitz_julius_1776.txt
dtak293	hellwig_haussverwalter_1712.txt
dtak294	wolff_ausverkauf_1824.txt
dtak295	schnabel_fata03_1739.txt
dtak296	francois_reckenburgerin02_1871.txt
dtak297	wedekind_pandora_1902.txt
dtak298	paul_flegeljahre02_1804.txt
dtak299	oa_cartouche_1722.txt
dtak300	winkler_gedanken_1744.txt
dtak301	lange_licht01_1729.txt
dtak302	rosenkranz_aesthetik_1853.txt
dtak303	ramler_oden_1767.txt
dtak304	siegmeyer_tonsetzkunst_1822.txt
dtak305	kosegarten_poesieen03_1802.txt
dtak306	nietzsche_zarathustra04_1891.txt
dtak307	pomet_materialist_1717.txt
dtak308	avelallemant_gaunerthum03_1862.txt
dtak309	beier_buchhandel_1690.txt
dtak310	klaj_lobrede_1645.txt
dtak311	paul_katzenberger01_1809.txt
dtak312	scheffner_leben_1823.txt
dtak313	mommsen_judenthum_1880.txt
dtak314	heine_lieder_1827.txt
dtak315	nicolai_nothanker03_1776.txt
dtak316	darwin_pflanzen_1876.txt
dtak317	benner_herrnhuterey03_1748.txt
dtak318	reichart_landschatz06_1755.txt
dtak319	lohenstein_agrippina_1665.txt
dtak320	herwegh_gedichte01_1841.txt
dtak321	morhof_unterricht_1682.txt
dtak322	grimm_maerchen01_1812.txt
dtak323	swedenborg_schriften02_1776.txt
dtak324	vischer_aesthetik0201_1847.txt
dtak325	moritz_goetterlehre_1791.txt
dtak326	moeser_phantasien02_1776.txt
dtak327	frege_sinn_1892.txt
dtak328	reil_curmethode_1803.txt
dtak329	laube_europa03_1837.txt
dtak330	goethe_lehrjahre04_1796.txt
dtak331	stieler_venus_1660.txt
dtak332	rumohr_forschungen03_1831.txt
dtak333	buesch_handlung01_1792.txt
dtak334	burckhardt_cicerone_1855.txt
dtak335	barclay_argenis_1626.txt
dtak336	schroeder_logik03_1895.txt
dtak337	stuer_bericht_1601.txt
dtak338	schmoller_grundriss01_1900.txt
dtak339	gleditsch_abhandlungen01_1789.txt
dtak340	herder_humanitaet10_1797.txt
dtak341	wundt_grundriss_1896.txt
dtak342	arnimb_goethe03_1835.txt
dtak343	friedrich_publicum01_1753.txt
dtak344	moritz_reiser04_1790.txt
dtak345	schaumann_psyche01_1791.txt
dtak346	buchner_theoria01_1682.txt
dtak347	druskowitz_religionsersatz_1886.txt
dtak348	schmidlin_kinderindustrie_1821.txt
dtak349	natorp_sozialpaedagogik_1899.txt
dtak350	bodmer_sammlung07_1743.txt
dtak351	gerstenberg_ugolino_1768.txt
dtak352	berg_ostasien02_1866.txt
dtak353	rochow_versuch_1772.txt
dtak354	kortum_jobsiade02_1799.txt
dtak355	rost_thaten_1721.txt
dtak356	treviranus_biologie01_1802.txt
dtak357	keller_heinrich03_1854.txt
dtak358	schelling_methode_1803.txt
dtak359	hauptmann_bahnwaerter_1892.txt
dtak360	herder_humanitaet02_1793.txt
dtak361	niebuhr_roemische01_1811.txt
dtak362	pestalozzi_lienhard03_1785.txt
dtak363	raabe_akten_1896.txt
dtak364	ganswindt_faerberei_1889.txt
dtak365	huebner_staatslexicon_1704.txt
dtak366	schiller_naive01_1795.txt
dtak367	strauss_jesus01_1835.txt
dtak368	schwab_sagen02_1839.txt
dtak369	gottsched_versuch_1730.txt
dtak370	haigold_russland02_1772.txt
dtak371	herder_humanitaet06_1795.txt
dtak372	rosegger_waldschulmeister_1875.txt
dtak373	klopstock_messias_1749.txt
dtak374	schulz_reise0101_1795.txt
dtak375	rohde_psyche_1894.txt
dtak376	moser_grundlehren_1778.txt
dtak377	holz_selicke_1890.txt
dtak378	wuerttemberg_verordnung_1683.txt
dtak379	immermann_muenchhausen03_1839.txt
dtak380	haller_anfangsgruende06_1774.txt
dtak381	musaeus_reisen02_1778.txt
dtak382	karsch_gedichte_1792.txt
dtak383	siebold_suesswasserfische_1863.txt
dtak384	marx_bonaparte_1869.txt
dtak385	friedrich_publicum03_1753.txt
dtak386	savigny_system05_1841.txt
dtak387	ludwig_physiologie02_1856.txt
dtak388	krueger_weltweisheit_1746.txt
dtak389	zeiller_centuria01_1658.txt
dtak390	garve_sammlung_1779.txt
dtak391	goethe_iphigenie_1787.txt
dtak392	schroeder_logik01_1890.txt
dtak393	rueckert_brahmane06_1839.txt
dtak394	poppe_charakteristik02_1777.txt
dtak395	schiller_universalgeschichte_1789.txt
dtak396	schwappach_forstpolitik_1894.txt
dtak397	ideler_wahnsinn_1847.txt
dtak398	beck_eisen05_1903.txt
dtak399	goethe_werther01_1774.txt
dtak400	meinhold_bernsteinhexe_1843.txt
dtak401	hofmannswaldau_uebersetzungen_1679.txt
dtak402	meyer_gedichte_1882.txt
dtak403	dahlmann_geschichte_1845.txt
dtak404	scheyb_theresiade01_1746.txt
dtak405	immermann_muenchhausen01_1838.txt
dtak406	arnimb_goethe02_1835.txt
dtak407	hoffmann_elixiere02_1816.txt
dtak408	holtei_vagabunden03_1852.txt
dtak409	klostermann_eigenthum01_1867.txt
dtak410	rein_japan01_1881.txt
dtak411	laband_staatsrecht0302_1882.txt
dtak412	arnimb_guenderode02_1840.txt
dtak413	blum_spatziergaenge01_1774.txt
dtak414	raabe_odfeld_1889.txt
dtak415	birken_sonntagswandel_1681.txt
dtak416	lohenstein_cleopatra_1661.txt
dtak417	lessing_nathan_1779.txt
dtak418	falke_trachten01_1858.txt
dtak419	kempelen_maschine_1791.txt
dtak420	schwenter_deliciae_1636.txt
dtak421	spindler_jugendfruechte_1745.txt
dtak422	stifter_nachsommer02_1857.txt
dtak423	carus_psyche_1846.txt
dtak424	menger_historismus_1884.txt
dtak425	kant_naturgeschichte_1755.txt
dtak426	perthes_buchhandel_1816.txt
dtak427	forster_niederrhein03_1794.txt
dtak428	krane_reitpferd_1856.txt
dtak429	fuhlrott_neanderthaler_1865.txt
dtak430	paul_loge01_1793.txt
dtak431	humboldt_aequinoktial03_1859.txt
dtak432	jacobi_betrachtungen01_1741.txt
dtak433	paul_katzenberger02_1809.txt
dtak434	zeiller_centuria03_1659.txt
dtak435	brockes_vergnuegen07_1743.txt
dtak436	mueller_waldhornist_1821.txt
dtak437	euler_rechenkunst01_1738.txt
dtak438	heckert_schulgesetzgebung_1847.txt
dtak439	ebers_koenigstochter03_1864.txt
dtak440	mommsen_roemische02_1855.txt
dtak441	siegemund_unterricht_1690.txt
dtak442	fleming_jaeger02_1724.txt
dtak443	goethe_metamorphose_1790.txt
dtak444	fessler_eleusinien02_1803.txt
dtak445	haarer_bawrenkrieg_1625.txt
dtak446	moeser_phantasien01_1775.txt
dtak447	schliemann_trojanische_1874.txt
dtak448	posos_krinkekesmes_1721.txt
dtak449	michelis_reiseschule_1869.txt
dtak450	doyle_fechtkunst_1715.txt
dtak451	reimarus_blitze_1769.txt
dtak452	hegel_logik0102_1813.txt
dtak453	werner_seeleben_1880.txt
dtak454	schiller_geisterseher_1789.txt
dtak455	moerike_mozart_1856.txt
dtak456	oa_jubilaeum_1640.txt
dtak457	nn_heydelberg_1689.txt
dtak458	savigny_system06_1847.txt
dtak459	kosegarten_poesieen01_1798.txt
dtak460	semmelweis_kindbettfieber_1861.txt
dtak461	kleist_fehrbellin_1822.txt
dtak462	bach_versuch01_1759.txt
dtak463	schloezer_universalhistorie01_1772.txt
dtak464	tieck_phantasus02_1812.txt
dtak465	keller_heinrich01_1854.txt
dtak466	arnim_wunderhorn02_1808.txt
dtak467	schirmer_rosengepuesche_1650.txt
dtak468	grimm_maerchen02_1815.txt
dtak469	gellert_leben02_1748.txt
dtak470	hamann_denkwuerdigkeiten_1759.txt
dtak471	schubert_symbolik_1814.txt
dtak472	lavater_fragmente03_1777.txt
dtak473	buechner_danton_1835.txt
dtak474	pufendorf_einleitung_1682.txt
dtak475	nn_engellaender_1734.txt
dtak476	heine_reisebilder01_1826.txt
dtak477	hegel_logik0101_1812.txt
dtak478	tieck_sternbald01_1798.txt
dtak479	vischer_aesthetik0301_1851.txt
dtak480	holz_buch_1886.txt
dtak481	rist_teuetschland_1647.txt
dtak482	laube_bernsteinhexe_1846.txt
dtak483	lessing_emilia_1772.txt
dtak484	eichendorff_dichter_1834.txt
dtak485	lenau_gedichte_1832.txt
dtak486	schlegel_athenaeum_1798.txt
dtak487	hegel_logik02_1816.txt
dtak488	herder_litteratur01_1767.txt
dtak489	vischer_aesthetik030201_1852.txt
dtak490	klinger_zwillinge_1796.txt
dtak491	dubois_naturerkennen_1872.txt
dtak492	corvinus_frauenzimmer_1715.txt
dtak493	nathusius_leporiden_1876.txt
dtak494	richardson_clarissa04_1749.txt
dtak495	forster_niederrhein02_1791.txt
dtak496	goethe_leben01_1811.txt
dtak497	ludwig_himmel_1856.txt
dtak498	schiller_tell_1804.txt
dtak499	lasswitz_planeten01_1897.txt
dtak500	sulzer_theorie01_1771.txt
dtak501	klueber_recht_1817.txt
dtak502	richardson_clarissa05_1750.txt
dtak503	thumbshirn_oeconomia_1616.txt
dtak504	behrens_hercynia_1703.txt
dtak505	sulzer_reise_1780.txt
dtak506	soemmerring_telegraphen_1811.txt
dtak507	lasswitz_atom01_1890.txt
dtak508	bruemmer_lexikon08_1913.txt
dtak509	euler_algebra02_1770.txt
dtak510	savigny_system02_1840.txt
dtak511	fouque_frauen_1826.txt
dtak512	hauptmann_sonnenaufgang_1889.txt
dtak513	klopstock_oden_1771.txt
dtak514	simmel_geld_1900.txt
dtak515	jacobi_betrachtungen02_1745.txt
dtak516	ercker_aula02_1672.txt
dtak517	holtei_vagabunden02_1852.txt
dtak518	ranke_reformation01_1839.txt
dtak519	moeser_osnabrueck_1768.txt
dtak520	estor_rechtsgelehrsamkeit03_1767.txt
dtak521	kleist_krug_1811.txt
dtak522	zachariae_schriften06_1764.txt
dtak523	dronke_polizeigeschichten_1846.txt
dtak524	haeckel_schoepfungsgeschichte_1868.txt
dtak525	hartwig_erziehung_1847.txt
dtak526	iffland_jaeger_1785.txt
dtak527	guenther_voelkerrecht02_1792.txt
dtak528	moritz_reiser01_1785.txt
dtak529	gauss_theoria_1831.txt
dtak530	weise_jugend_1701.txt
dtak531	braeuner_pest_1714.txt
dtak532	martzi_klugen_1692.txt
dtak533	stolbergstolberg_gedichte_1779.txt
dtak534	curtius_alterthum01_1875.txt
dtak535	jhering_recht0201_1854.txt
dtak536	eytelwein_faschinenwerke_1800.txt
dtak537	lewald_jenny02_1843.txt
dtak538	vischer_aesthetik030204_1857.txt
dtak539	thomasius_einleitungsittenlehre_1692.txt
dtak540	nn_friedensschluss_1648.txt
dtak541	mendel_pflanzenhybriden_1866.txt
dtak542	boerne_paris02_1832.txt
dtak543	arnold_cyprian_1700.txt
dtak544	reuter_ehrenfried_1700.txt
dtak545	brockes_vergnuegen09_1748.txt
dtak546	brockes_vergnuegen06_1740.txt
dtak547	feuerbach_christentum_1841.txt
dtak548	wolff_anfangsgruende04_1710.txt
dtak549	beck_eisen02_1895.txt
dtak550	mayer_analysis02_1818.txt
dtak551	thaer_moeglin_1815.txt
dtak552	woyt_gazophylacium_1737.txt
dtak553	wartmann_germania01_1650.txt
dtak554	bruemmer_lexikon06_1913.txt
dtak555	menzel_literatur01_1828.txt
dtak556	zeller_erkenntnistheorie_1862.txt
dtak557	brehm_thierleben03_1866.txt
dtak558	raabe_stopfkuchen_1891.txt
dtak559	storch_petersburg02_1794.txt
dtak560	pueckler_briefe02_1830.txt
dtak561	olearius_reise_1647.txt
dtak562	glauber_furni04_1648.txt
dtak563	moltke_zustaende_1841.txt
dtak564	stifter_steine01_1853.txt
dtak565	stein_verwaltungslehre04_1867.txt
dtak566	kotzebue_menschenhass_1790.txt
dtak567	arnimb_guenderode01_1840.txt
dtak568	clausius_waermetheorie_1856.txt
dtak569	laube_europa0101_1833.txt
dtak570	ramdohr_mahlerei02_1787.txt
dtak571	dohm_juden02_1783.txt
dtak572	mach_mechanik_1883.txt
dtak573	weigel_wasserkunst_1672.txt
dtak574	herder_litteratur02_1767.txt
dtak575	spalding_bestimmung_1749.txt
dtak576	brockes_vergnuegen05_1736.txt
dtak577	treitschke_geschichte02_1882.txt
dtak578	vogt_briefe01_1851.txt
dtak579	friderich_umstreiner_1698.txt
dtak580	bachstrom_schwimmen_1742.txt
dtak581	bauer_buehnenleben_1871.txt
dtak582	friedrich_literatur_1780.txt
dtak583	francois_reckenburgerin01_1871.txt
dtak584	robert_griechische_1881.txt
dtak585	bodmer_sammlung12_1744.txt
dtak586	lohenstein_feldherr01_1689.txt
dtak587	schleiden_menschengeschlecht_1863.txt
dtak588	rohr_einleitung_1728.txt
dtak589	varnhagen_rahel02_1834.txt
dtak590	schwann_mikroskopische_1839.txt
dtak591	knueppeln_rechte_1784.txt
dtak592	hippel_lebenslaeufe0301_1781.txt
dtak593	fritsch_tractatus_1669.txt
dtak594	lohenstein_sophonisbe_1680.txt
dtak595	lessing_dramaturgie02_1767.txt
dtak596	micraelius_pommernland04_1639.txt
dtak597	spielhagen_problematische04_1861.txt
dtak598	zachariae_schriften05_1764.txt
dtak599	calvi_beutelschneider01_1627.txt
dtak600	fontane_brandenburg01_1862.txt
dtak601	koch_wundinfektionskrankheiten_1878.txt
dtak602	gessner_idyllen_1756.txt
dtak603	forster_reise01_1778.txt
dtak604	poppe_charakteristik01_1776.txt
dtak605	helmholtz_luftschwingungen_1860.txt
dtak606	strouhal_tonerregung_1878.txt
dtak607	goethe_lehrjahre01_1795.txt
dtak608	siever_briefe_1796.txt
dtak609	pachelbel_fichtelberg_1716.txt
dtak610	littrow_weltsystem03_1836.txt
dtak611	justi_velazquez02_1888.txt
dtak612	schoenaich_aesthetik_1754.txt
dtak613	hippel_lebenslaeufe01_1778.txt
dtak614	carus_zoologie_1872.txt
dtak615	wilamowitz_tragoedie_1889.txt
dtak616	herder_philosophie_1774.txt
dtak617	loeber_heuschrecken_1693.txt
dtak618	rabener_sammlung01_1751.txt
dtak619	hohberg_georgica01_1682.txt
dtak620	rueckert_brahmane01_1836.txt
dtak621	bruemmer_lexikon05_1913.txt
dtak622	zesen_assenat_1670.txt
dtak623	hippel_weiber_1792.txt
dtak624	gauss_lehrsaetze_1840.txt
dtak625	forster_reise02_1780.txt
dtak626	opitz_buch_1624.txt
dtak627	koelliker_entwicklungs_1861.txt
dtak628	suppius_oden_1749.txt
dtak629	hoffmannswaldau_grabschriften_1662.txt
dtak630	sulzer_theorie02_1774.txt
dtak631	wedekind_erdgeist_1895.txt
dtak632	lohenstein_feldherr03_1690.txt
dtak633	rumohr_forschungen02_1827.txt
dtak634	busch_max_1865.txt
dtak635	wilamowitz_aristoteles01_1893.txt
dtak636	schwab_sagen01_1838.txt
dtak637	feuerbach_recht_1801.txt
dtak638	thunberg_reisen02_1794.txt
dtak639	moerike_nolten01_1832.txt
dtak640	wirth_nationalfest02_1832.txt
dtak641	stein_verwaltungslehre06_1868.txt
dtak642	robins_artillerie_1745.txt
dtak643	gessert_schulzucht_1826.txt
dtak644	avelallemant_gaunerthum04_1862.txt
dtak645	klopstock_messias02_1756.txt
dtak646	mangoldt_unternehmergewinn_1855.txt
dtak647	wolff_theorie_1764.txt
dtak648	fassmann_narr_1729.txt
dtak649	nn_hoeltznerin_1739.txt
dtak650	beckmann_technologie_1777.txt
dtak651	mueller_ostiacken_1726.txt
dtak652	dannhauer_catechismus11_1678.txt
dtak653	abel_leibmedicus_1699.txt
dtak654	maennling_helicon_1704.txt
dtak655	krueger_geistliche_1743.txt
dtak656	mommsen_roemische03_1856.txt
dtak657	schnabel_fata04_1743.txt
dtak658	nn_anarchie_1852.txt
dtak659	marperger_banqven_1717.txt
dtak660	hoffmannswaldau_gedichte05_1710.txt
dtak661	lucius_canaan_1731.txt
dtak662	zwinger_theatrum_1690.txt
dtak663	lavater_fragmente02_1776.txt
dtak664	guenther_voelkerrecht01_1787.txt
dtak665	rossmaessler_suesswasseraquarium_1857.txt
dtak666	tieck_lovell03_1796.txt
dtak667	grimmelshausen_simplicissimus_1669.txt
dtak668	sander_beschreibung02_1784.txt
dtak669	kliphausen_helikon_1689.txt
dtak670	mayer_verwaltungsrecht01_1895.txt
dtak671	musaeus_reisen01_1779.txt
dtak672	littrow_weltsystem01_1834.txt
dtak673	retif_mensch_1785.txt
dtak674	sprengel_blumen_1793.txt
dtak675	schelling_kunst_1859.txt
dtak676	beck_eisen04_1899.txt
dtak677	czepko_triumphbogen_1641.txt
dtak678	spielhagen_problematische01_1861.txt
dtak679	kippenheim_dieberey_1660.txt
dtak680	thaer_landwirthschaft03_1810.txt
dtak681	laukhard_leben01_1792.txt
dtak682	pocci_komoedienbuechlein01_1859.txt
dtak683	knigge_umgang02_1788.txt
dtak684	stifter_nachsommer01_1857.txt
dtak685	bodmer_sammlung01_1741.txt
dtak686	wuerttemberg_zigeuner_1685.txt
dtak687	moerike_gedichte_1838.txt
dtak688	simmel_differenzierung_1890.txt
dtak689	george_algabal_1892.txt
dtak690	campe_robinson02_1780.txt
dtak691	baer_thiere_1828.txt
dtak692	zesen_rosemund_1645.txt
dtak693	fontane_wuthenow_1883.txt
dtak694	gruber_examen_1703.txt
dtak695	paul_titan03_1802.txt
dtak696	gehema_feldapotheke_1688.txt
dtak697	glauber_furni06_1650.txt
dtak698	laroche_geschichte02_1771.txt
dtak699	brunn_griechen0201_1856.txt
dtak700	paul_titan01_1800.txt
dtak701	dilger_arndes_1620.txt
dtak702	naude_messkunst_1706.txt
dtak703	spyri_heidi_1880.txt
dtak704	lasswitz_planeten02_1897.txt
dtak705	weise_theatrum_1683.txt
dtak706	roentgen_strahlen_1896.txt
dtak707	wagner_kindermoerderin_1776.txt
dtak708	micraelius_pommernland02_1639.txt
dtak709	stirner_einzige_1845.txt
dtak710	schleiermacher_hermeneutik_1838.txt
dtak711	hobrecht_verkehrsverhaeltnisse_1893.txt
dtak712	haller_anfangsgruende04_1768.txt
dtak713	thuemmel_wilhelmine_1764.txt
dtak714	klopstock_messias04_1773.txt
dtak715	pestalozzi_lienhard04_1787.txt
dtak716	reichart_landschatz01_1753.txt
dtak717	saar_novellen_1877.txt
dtak718	nathusius_kammerjungfer_1851.txt
dtak719	hoffmann_nachtstuecke01_1817.txt
dtak720	voss_ini_1810.txt
dtak721	brunn_griechen01_1853.txt
dtak722	nn_cartel_1678.txt
dtak723	lenz_anmerkungen_1774.txt
dtak724	walter_beschreibung_1609.txt
dtak725	savigny_system08_1849.txt
dtak726	ranke_paepste03_1836.txt
dtak727	tschirnhaus_anleitung_1727.txt
dtak728	beck_eisen03_1897.txt
dtak729	mueller_gesichtserscheinungen_1826.txt
dtak730	schirmer_rosengepuesche_1653.txt
dtak731	nicolai_nothanker01_1773.txt
dtak732	laukhard_leben0402_1797.txt
dtak733	clauren_liebe_1827.txt
dtak734	euler_rechenkunst02_1740.txt
dtak735	frauenfeld_vogelschutzgesetz_1871.txt
dtak736	paul_hesperus02_1795.txt
dtak737	hoffmannswaldau_gedichte01_1695.txt
dtak738	siemens_abhandlungen_1881.txt
dtak739	dannhauer_catechismus09_1672.txt
dtak740	raabe_postgeheimnisse_1803.txt
dtak741	beseler_volksrecht_1843.txt
dtak742	arnim_wunderhorn03_1808.txt
dtak743	arndt_christentum02_1610.txt
dtak744	holtei_vagabunden01_1852.txt
dtak745	buechner_kraft_1855.txt
dtak746	ranke_paepste02_1836.txt
dtak747	fontane_brandenburg03_1873.txt
dtak748	littrow_weltsystem02_1835.txt
dtak749	reichart_landschatz02_1753.txt
dtak750	neitschitz_reise_1666.txt
dtak751	glauber_furni05_1649.txt
dtak752	chladni_akustik_1802.txt
dtak753	lange_schachspiel_1856.txt
dtak754	klein_geometrische_1872.txt
dtak755	loescher_historie_1705.txt
dtak756	dilich_kriegsbuch_1607.txt
dtak757	richardson_clarissa06_1750.txt
dtak758	thunberg_reisen01_1792.txt
dtak759	lavater_fragmente04_1778.txt
dtak760	menzel_maurer_1847.txt
dtak761	micraelius_pommernland01_1639.txt
dtak762	weierstrass_integrale_1849.txt
dtak763	pfizer_einheit_1849.txt
dtak764	goethe_faustfragment_1790.txt
dtak765	becker_arbeiter_1860.txt
dtak766	gotter_erbschleicher_1789.txt
dtak767	humboldt_grenzen_1851.txt
dtak768	laube_europa0201_1837.txt
dtak769	robert_sylphen_1806.txt
dtak770	vischer_aesthetik01_1846.txt
dtak771	grimm_meistergesang_1811.txt
dtak772	novalis_ofterdingen_1802.txt
dtak773	treitschke_geschichte04_1889.txt
dtak774	kant_pvernunft_1788.txt
dtak775	wanderley_bauconstructionslehre01_1877.txt
dtak776	knigge_umgang01_1788.txt
dtak777	brunner_rechtsgeschichte02_1892.txt
dtak778	ulrich_gesinde_1615.txt
dtak779	jahn_turnkunst_1816.txt
dtak780	kentz_handwerksboden_1629.txt
dtak781	beer_europa_1682.txt
dtak782	marperger_correspondent_1717.txt
dtak783	valentin_entwicklungsgeschichte_1835.txt
dtak784	varnhagen_denkwuerdigkeiten03_1838.txt
dtak785	eichendorff_ahnung_1815.txt
dtak786	faulhaber_instrument_1610.txt
dtak787	laband_staatsrecht0301_1880.txt
dtak788	bodmer_sammlung03_1742.txt
dtak789	canitz_gedichte_1700.txt
dtak790	heine_reisebilder04_1831.txt
dtak791	lessing_dramaturgie01_1767.txt
dtak792	bengel_abriss01_1751.txt
dtak793	seyfried_medulla_1679.txt
dtak794	fontane_brandenburg04_1882.txt
dtak795	eiteritz_affe_1719.txt
dtak796	soden_alethia_1796.txt
dtak797	frapan_bittersuess_1891.txt
dtak798	droste_gedichte_1844.txt
dtak799	otto_bauernsohn_1849.txt
dtak800	wernicke_symptomencomplex_1874.txt
dtak801	hoffmannswaldau_gedichte02_1697.txt
dtak802	altmann_elementarorganismen_1890.txt
dtak803	arends_exter_1708.txt
dtak804	hobrecht_strassenbau_1890.txt
dtak805	schlegel_lucinde_1799.txt
dtak806	reichart_landschatz07_1762.txt
dtak807	wolff_anfangsgruende03_1710.txt
dtak808	arnold_ketzerhistorie02_1700.txt
dtak809	lettus_chronik02_1753.txt
dtak810	lewald_jenny01_1843.txt
dtak811	hoffmannswaldau_gedichte03_1703.txt
dtak812	boeheim_waffenkunde_1890.txt
dtak813	schmolck_sabbath_1712.txt
dtak814	hoffmann_floh_1822.txt
dtak815	boehmemi_viehartzney_1712.txt
dtak816	rein_japan02_1886.txt
dtak817	hirschfeld_gartenkunst1_1779.txt
dtak818	leupold_theatrum_1724.txt
dtak819	thomasius_ausuebungsittenlehre_1696.txt
dtak820	chamisso_schlemihl_1814.txt
dtak821	kepler_messekunst_1616.txt
dtak822	buri_causalitaet_1873.txt
dtak823	jhering_recht0202_1858.txt
dtak824	santa_judas03_1692.txt
dtak825	spielhagen_problematische03_1861.txt
dtak826	spee_cautio_1647.txt
dtak827	laband_staatsrecht02_1878.txt
dtak828	winckelmann_kunstgeschichte02_1764.txt
dtak829	haigold_russland01_1767.txt
dtak830	liszt_reichsstrafrecht_1881.txt
dtak831	swedenborg_schriften04_1776.txt
dtak832	laube_europa0102_1833.txt
dtak833	lambert_architectonic02_1771.txt
dtak834	lambert_architectonic01_1771.txt
dtak835	dannhauer_catechismus10_1673.txt
dtak836	maro_abriss_1668.txt
dtak837	kerl_metallurgische_1866.txt
dtak838	spiess_biographien03_1796.txt
dtak839	humboldt_kosmos02_1847.txt
dtak840	schulz_reise0202_1795.txt
dtak841	schoch_comoedia_1658.txt
dtak842	mehring_kunst_1896.txt
dtak843	mayer_kapitalismus_1881.txt
dtak844	luz_blitz_1784.txt
dtak845	froelich_virginia02_1820.txt
dtak846	brentano_kasperl_1838.txt
dtak847	beck_eisen01_1884.txt
dtak848	fichte_reden_1808.txt
dtak849	fouque_geselligkeit_1814.txt
dtak850	uz_gedichte_1755.txt
dtak851	frentzel_schauplatz_1744.txt
dtak852	silesius_schlussrime_1657.txt
dtak853	benner_herrnhuterey01_1746.txt
dtak854	berg_ostasienbotanik_1866.txt
dtak855	samter_erfindungen_1896.txt
dtak856	gutzkow_wally_1835.txt
dtak857	brandes_naturlehre01_1830.txt
dtak858	goetze_zeitvertreib02_1783.txt
dtak859	unbekannt_weltmann_1680.txt
dtak860	wolff_voelckerrecht_1754.txt
dtak861	ranke_reformation04_1843.txt
dtak862	bose_electricitaet_1744.txt
dtak863	furttenbach_kunstspiegel_1663.txt
dtak864	candidus_christus_1854.txt
dtak865	bauller_lasterspiegel_1681.txt
dtak866	kleist_fruehling_1749.txt
dtak867	christ_pomologie01_1809.txt
dtak868	buchholtz_herkules01_1659.txt
dtak869	campe_theophron01_1783.txt
dtak870	herbart_psychologie02_1825.txt
dtak871	ebeling_betrachtungen04_1747.txt
dtak872	silesius_hirten04_1657.txt
dtak873	liliencron_adjutantenritte_1883.txt
dtak874	meyfart_rhetorica_1634.txt
dtak875	naumann_rossarzt_1780.txt
dtak876	heyne_einleitung_1772.txt
dtak877	rueckert_brahmane04_1838.txt
dtak878	uhland_gedichte_1815.txt
dtak879	goethe_lehrjahre02_1795.txt
dtak880	nettelbeck_lebensbeschreibung02_1821.txt
dtak881	opitz_schaefferey_1630.txt
dtak882	geise_corpus_1703.txt
dtak883	grassmann_ausdehnungslehre_1844.txt
dtak884	buecher_volkswirtschaft_1893.txt
dtak885	grimmelshausen_trutzsimplex_1670.txt
dtak886	menger_volkswirtschaftslehre_1871.txt
dtak887	schottel_hoelle_1676.txt
dtak888	laukhard_leben03_1796.txt
dtak889	schmeizel_staatswissenschafft_1732.txt
dtak890	nietzsche_tragoedie_1872.txt
dtak891	collin_coriolan_1804.txt
dtak892	berlin_wortblindheit_1887.txt
dtak893	purmann_feldscher_1680.txt
dtak894	boerne_paris03_1833.txt
dtak895	kaempfer_japan01_1777.txt
dtak896	zesen_helikon01_1640.txt
dtak897	laukhard_leben05_1802.txt
dtak898	brentano_gockel_1838.txt
dtak899	heidegger_mythoscopia_1698.txt
dtak900	gerber_staatsrecht_1865.txt
dtak901	laukhard_leben0401_1797.txt
dtak902	wartmann_germania04_1652.txt
dtak903	blum_spatziergaenge02_1775.txt
dtak904	schulz_italien_1797.txt
dtak905	lesser_boerse_1844.txt
dtak906	wiegmann_perspektive_1846.txt
dtak907	nn_complimente_1736.txt
dtak908	kotzebue_kleinstaedter_1803.txt
dtak909	niviandts_schwerd_1708.txt
dtak910	savigny_system01_1840.txt
dtak911	santa_judas01_1686.txt
dtak912	keller_sinngedicht_1882.txt
dtak913	pfleiderer_kosmopolitismus_1874.txt
dtak914	kurz_sonnenwirth_1855.txt
dtak915	schubert_naturwissenschaft_1808.txt
dtak916	stein_verwaltungslehre05_1868.txt
dtak917	rueckert_brahmane05_1839.txt
dtak918	marperger_handelsdiener_1715.txt
dtak919	nn_turnkunst02_1844.txt
dtak920	puetter_staatsverfassung02_1786.txt
dtak921	brandes_naturlehre03_1832.txt
dtak922	glueck_pandecten01_1790.txt
dtak923	eckermann_goethe03_1848.txt
dtak924	treitschke_geschichte05_1894.txt
dtak925	lucius_himmelsblumen_1736.txt
dtak926	reichart_landschatz04_1753.txt
dtak927	bodmer_sammlung02_1741.txt
dtak928	marpurg_versuch_1776.txt
dtak929	humboldt_aequinoktial04_1859.txt
dtak930	treviranus_biologie06_1822.txt
dtak931	jung_lebensgeschichte_1835.txt
dtak932	wirth_nationalfest01_1832.txt
dtak933	lambert_organon01_1764.txt
dtak934	schlegel_canut_1746.txt
dtak935	schnabel_fata01_1740.txt
dtak936	urbanitzky_electricitaet_1885.txt
dtak937	novalis_christenheit_1826.txt
dtak938	miller_siegwart01_1776.txt
dtak939	moritz_reiser03_1786.txt
dtak940	dannhauer_catechismus06_1657.txt
dtak941	steinthal_grammatik_1855.txt
dtak942	sagittarius_carlstuart_1671.txt
dtak943	heinse_ardinghello01_1787.txt
dtak944	nn_corsica_1731.txt
dtak945	pocci_komoedienbuechlein06_1877.txt
dtak946	moeser_phantasien04_1786.txt
dtak947	spiess_biographien04_1796.txt
dtak948	liebig_agricultur_1840.txt
dtak949	fabricius_oratorie_1724.txt
dtak950	mayer_duengerkapital_1869.txt
dtak951	schroeder_logik0201_1891.txt
dtak952	rabener_sammlung02_1751.txt
dtak953	ebeling_betrachtungen01_1747.txt
dtak954	wrangel_luxusfuhrwerk_1898.txt
dtak955	unknown_strafgesetzbuch_1870.txt
dtak956	hauptmann_weber_1892.txt
dtak957	quenstedt_mineralogie_1854.txt
dtak958	wieland_oberon_1780.txt
dtak959	goethe_faust01_1808.txt
dtak960	milton_paradies01_1760.txt
dtak961	treitschke_geschichte03_1885.txt
dtak962	toennies_gemeinschaft_1887.txt
dtak963	rabener_sammlung04_1755.txt
dtak964	bodmer_sammlung06_1742.txt
dtak965	schreber_kallipaedie_1858.txt
dtak966	hagedorn_sammlung01_1742.txt
dtak967	pocci_komoedienbuechlein02_1861.txt
dtak968	weigel_gnothi03_1618.txt
dtak969	nn_lissabon_1755.txt
dtak970	elssholtz_gartenbaw_1666.txt
dtak971	storch_petersburg01_1794.txt
dtak972	chamberlain_grundlagen01_1899.txt
dtak973	rost_schaefererzaelungen_1742.txt
dtak974	goethe_leben02_1812.txt
dtak975	fontane_brandenburg02_1863.txt
dtak976	bodmer_sammlung08_1743.txt
dtak977	peschel_voelkerkunde_1874.txt
dtak978	buchholtz_herkules02_1660.txt
dtak979	beer_antonius_1697.txt
dtak980	reuter_femme_1695.txt
dtak981	leopold_ziggeiner_1696.txt
dtak982	goethe_goetz_1773.txt
dtak983	reichart_landschatz03_1753.txt
dtak984	schaumann_psyche02_1791.txt
dtak985	hundtradowsky_judenschule02_1822.txt
dtak986	fontane_gedichte_1851.txt
dtak987	haller_anfangsgruende08_1776.txt
dtak988	gerstner_baukunst_1789.txt
dtak989	gerstner_mechanik03_1834.txt
dtak990	spener_bedencken03_1702.txt
dtak991	schnabel_fata02_1737.txt
dtak992	estor_rechtsgelehrsamkeit02_1758.txt
dtak993	uhse_poet_1719.txt
dtak994	schmid_justitzrad_1725.txt
dtak995	goethe_farbenlehre01_1810.txt
dtak996	schlegel_indier_1808.txt
dtak997	hirschfeld_gartenkunst5_1785.txt
dtak998	spener_friede_1686.txt
dtak999	felgenhauer_jehior_1640.txt
dtak1000	zachariae_schriften03_1764.txt
dtak1001	weigel_gnothi_1615.txt
dtak1002	herder_humanitaet03_1794.txt
dtak1003	estor_rechtsgelehrsamkeit01_1757.txt
dtak1004	treviranus_biologie02_1803.txt
dtak1005	daumer_krone_1859.txt
dtak1006	staehlein_schneidergesell_1783.txt
dtak1007	alexis_ruhe04_1852.txt
dtak1008	wolff_gesellschaftlichesleben_1721.txt
dtak1009	keller_heinrich02_1854.txt
dtak1010	menzel_literatur02_1828.txt
dtak1011	nn_comet_1682.txt
dtak1012	hoffmann_unpolitische01_1840.txt
dtak1013	dannhauer_catechismus08_1666.txt
dtak1014	sanders_woerterbuchschreiber_1889.txt
dtak1015	friderich_klage_1700.txt
dtak1016	devrient_nationaltheater_1849.txt
dtak1017	schoppe_prophet01_1846.txt
dtak1018	weise_redner_1693.txt
dtak1019	hoff_atome_1877.txt
dtak1020	stein_verwaltungslehre01_1865.txt
dtak1021	rumohr_forschungen01beygabe_1827.txt
dtak1022	musaeus_reisen03_1779.txt
dtak1023	wallenrodt_fritz02_1800.txt
dtak1024	krafft_landwirthschaft03_1876.txt
dtak1025	lavater_kriegsbuechlein_1659.txt
dtak1026	muehlpfort_gedichte01_1686.txt
dtak1027	holz_phantasus02_1899.txt
dtak1028	kotzebue_erinnerungen01_1804.txt
dtak1029	klingemann_nachtwachen_1805.txt
dtak1030	kerner_gedichte_1826.txt
dtak1031	roepell_polen_1876.txt
dtak1032	dannhauer_catechismus05_1654.txt
dtak1033	raabe_sperlingsgasse_1857.txt
dtak1034	zschokke_geister_1789.txt
dtak1035	heeren_staatensystem_1809.txt
dtak1036	vischer_aesthetik030203_1854.txt
dtak1037	rumohr_forschungen01_1827.txt
dtak1038	kosegarten_poesieen02_1798.txt
dtak1039	franckenberg_conclusiones_1646.txt
dtak1040	savigny_system03_1840.txt
dtak1041	schoenberg_berginformation_1693.txt
dtak1042	boerne_paris04_1833.txt
dtak1043	werner_gebirgsarten_1787.txt
dtak1044	abschatz_gedichte_1704.txt
dtak1045	spener_bedencken02_1701.txt
dtak1046	carus_gynaekologie01_1820.txt
dtak1047	fichte_wissenschaftslehre_1794.txt
dtak1048	fessler_eleusinien01_1802.txt
dtak1049	pinter_pferdschatz_1688.txt
dtak1050	herbart_goettingen_1842.txt
dtak1051	brockes_vergnuegen03_1730.txt
dtak1052	huebner_handbuch_1696.txt
dtak1053	cundisius_predigten_1648.txt
dtak1054	nn_emigranten_1732.txt
dtak1055	blumenbach_menschengeschlecht_1798.txt
dtak1056	boerne_paris01_1832.txt
dtak1057	wezel_belphegor02_1776.txt
dtak1058	liebknecht_frage_1878.txt
dtak1059	boltzmann_gastheorie01_1896.txt
dtak1060	schroeder_logik0202_1905.txt
dtak1061	boerne_paris06_1834.txt
dtak1062	glauber_opera02_1659.txt
dtak1063	beer_lebensbeschreibung_1680.txt
dtak1064	maximilian_gruss_1606.txt
dtak1065	glueck_pandecten01verbesserungen_1798.txt
dtak1066	obrecht_secreta_1617.txt
dtak1067	treviranus_biologie03_1805.txt
dtak1068	pertsch_recht_1721.txt
dtak1069	kortum_jobsiade01_1799.txt
dtak1070	herder_artundkunst_1773.txt
dtak1071	nimwegen_friede_1679.txt
dtak1072	gessner_buchdruckerkunst04_1745.txt
dtak1073	benner_herrnhuterey02_1747.txt
dtak1074	eichendorff_gedichte_1837.txt
dtak1075	treitschke_geschichte01_1879.txt
dtak1076	savigny_gesetzgebung_1814.txt
dtak1077	ludwig_erbfoerster_1853.txt
dtak1078	santaclara_grammatica_1699.txt
dtak1079	goerres_volksbuecher_1807.txt
dtak1080	chladni_geschichtswissenschaft_1752.txt
dtak1081	justi_geschichte_1771.txt
dtak1082	griesinger_psychische_1845.txt
dtak1083	wartmann_germania05_1653.txt
dtak1084	quantz_versuch_1752.txt
dtak1085	waiblinger_phaeton01_1823.txt
dtak1086	mohr_eisenkonstruktionen_1868.txt
dtak1087	schnitzler_reigen_1903.txt
dtak1088	heine_reisebilder03_1830.txt
dtak1089	puetter_staatsverfassung01_1786.txt
dtak1090	schleiden_pflanze_1848.txt
dtak1091	seume_syrakus_1803.txt
dtak1092	spener_bedencken04_1702.txt
dtak1093	tieck_lovell02_1796.txt
dtak1094	schoppe_prophet02_1846.txt
dtak1095	chamberlain_grundlagen02_1899.txt
dtak1096	eschstruth_katz_1886.txt
dtak1097	pueckler_briefe01_1830.txt
dtak1098	siemens_telegraphie_1866.txt
dtak1099	bach_versuch02_1762.txt
dtak1100	lilienthal_vogelflug_1889.txt
dtak1101	beer_nero_1685.txt
dtak1102	rudolphi_erziehung02_1807.txt
dtak1103	muralt_lustgarte_1715.txt
dtak1104	klueber_voelkerrecht02_1821.txt
dtak1105	mommsen_roemische01_1854.txt
dtak1106	weckherlin_oden01_1618.txt
dtak1107	brandes_naturlehre02_1831.txt
dtak1108	goethe_lehrjahre03_1795.txt
dtak1109	tieck_phantasus03_1816.txt
dtak1110	marx_kapital0301_1894.txt
dtak1111	august_zigeuner_1685.txt
dtak1112	bruemmer_lexikon07_1913.txt
dtak1113	rossmaessler_wald_1863.txt
dtak1114	droysen_alexander_1833.txt
dtak1115	bruce_reisen_1784.txt
dtak1116	hoffmann_unpolitische02_1841.txt
dtak1117	blumenbach_anatomie_1805.txt
dtak1118	herder_kritische03_1769.txt
dtak1119	savigny_system04_1841.txt
dtak1120	humboldt_kosmos01_1845.txt
dtak1121	gleditsch_abhandlungen03_1789.txt
dtak1122	brockes_vergnuegen08_1746.txt
dtak1123	zeiller_centuria04_1660.txt
dtak1124	hegel_phaenomenologie_1807.txt
dtak1125	brunner_rechtsgeschichte01_1887.txt
dtak1126	valentinus_natuerlichedinge_1603.txt
dtak1127	carus_gynaekologie02_1820.txt
dtak1128	bismarck_erinnerungen02_1898.txt
dtak1129	haeckel_morphologie01_1866.txt
dtak1130	wilamowitz_aristoteles02_1893.txt
dtak1131	lavater_fragmente01_1775.txt
dtak1132	gessner_buchdruckerkunst02_1740.txt
dtak1133	liscow_samlung_1739.txt
dtak1134	hulsius_schifffahrt_1649.txt
dtak1135	moerike_nolten02_1832.txt
dtak1136	santa_judas04_1695.txt
dtak1137	buechner_werke_1879.txt
dtak1138	ercker_aula01_1672.txt
dtak1139	neickel_museographia_1727.txt
dtak1140	eichendorff_taugenichts_1826.txt
dtak1141	zoeckler_lehre_1879.txt
dtak1142	lassalle_steuer_1863.txt
dtak1143	hauptmann_henschel_1899.txt
dtak1144	oa_vierlinge_1616.txt
dtak1145	jungelius_maulwurff_1616.txt
dtak1146	weismann_keimplasma_1892.txt
dtak1147	moser_politische01_1796.txt
dtak1148	weisse_lieder_1767.txt
dtak1149	justi_abhandlung01_1758.txt
dtak1150	heine_wintermaehrchen_1844.txt
dtak1151	herder_kritische02_1769.txt
dtak1152	roessig_oekonomie02_1782.txt
dtak1153	bohse_helicon_1696.txt
dtak1154	ernst_nordamerika_1820.txt
dtak1155	haeckel_weltraethsel_1899.txt
dtak1156	schiller_domkarlos_1787.txt
dtak1157	marx_kapital01_1867.txt
dtak1158	daguerre_daguerrereotyp_1839.txt
dtak1159	schiller_reitstall_1700.txt
dtak1160	spiess_biographien01_1796.txt
dtak1161	fontane_stechlin_1899.txt
dtak1162	vischer_auch02_1879.txt
dtak1163	swedenborg_schriften01_1776.txt
dtak1164	lehnert_seehaefen02_1892.txt
dtak1165	hoffmann_nachtstuecke02_1817.txt
dtak1166	roessig_oekonomie01_1781.txt
dtak1167	monti_brieffe_1734.txt
dtak1168	weise_machiavellus_1679.txt
dtak1169	wesenigk_polysigma_1702.txt
dtak1170	voss_luise_1795.txt
dtak1171	hippel_lebenslaeufe02_1779.txt
dtak1172	grillparzer_diener_1830.txt
dtak1173	zinzendorf_gedichte_1735.txt
dtak1174	scheffner_gedichte_1771.txt
dtak1175	mendelssohn_jerusalem_1783.txt
dtak1176	vischer_aesthetik030205_1857.txt
dtak1177	leskien_declination_1876.txt
dtak1178	arnima_invalide_1818.txt
dtak1179	marx_kapital02_1885.txt
dtak1180	boerne_paris05_1834.txt
dtak1181	vischer_aesthetik030202_1853.txt
dtak1182	fitzner_anzeige_1736.txt
dtak1183	bodmer_sammlung09_1743.txt
dtak1184	immermann_muenchhausen04_1839.txt
dtak1185	buesch_handlung02_1792.txt
dtak1186	herder_humanitaet08_1796.txt
dtak1187	alexis_ruhe05_1852.txt
dtak1188	klopstock_messias03_1769.txt
dtak1189	riemann_hypothesen_1867.txt
dtak1190	wolff_anfangsgruende02_1710.txt
dtak1191	kunckel_glasmacher_1679.txt
dtak1192	braun_vagabundenfrage_1883.txt
dtak1193	francisci_lusthaus_1676.txt
dtak1194	mueller_staatskunst02_1809.txt
dtak1195	gryphius_leoarmenius_1650.txt
dtak1196	hoche_lesesucht_1794.txt
dtak1197	stieber_magni_1716.txt
dtak1198	friderici_musica_1619.txt
dtak1199	savigny_system07_1848.txt
dtak1200	sturm_kunst_1670.txt
dtak1201	krafft_landwirthschaft02_1876.txt
dtak1202	riemann_teichbau_1798.txt
dtak1203	lohenstein_ibrahim_1673.txt
dtak1204	opitz_poemata_1624.txt
dtak1205	grimmelshausen_vorsehung_1667.txt
dtak1206	herder_kritische01_1769.txt
dtak1207	pestalozzi_lienhard01_1781.txt
dtak1208	august_verboht_1669.txt
dtak1209	ohm_galvanische_1827.txt
dtak1210	pocci_komoedienbuechlein04_1871.txt
dtak1211	neumark_lustwaeldchen_1652.txt
dtak1212	conradi_adam_1889.txt
dtak1213	niebuhr_roemische02_1812.txt
dtak1214	schiller_naive03_1796.txt
dtak1215	buchner_theoria02_1683.txt
dtak1216	schlegel_athenaeum_1799.txt
dtak1217	ledebur_eisenhuettenkunde_1884.txt
dtak1218	liebig_physiologie_1842.txt
dtak1219	mueller_hellenische03_1824.txt
dtak1220	falke_trachten02_1858.txt
dtak1221	glauber_furni01_1646.txt
dtak1222	schupp_schriften_1663.txt
dtak1223	varnhagen_denkwuerdigkeiten02_1837.txt
dtak1224	micraelius_pommernland07_1639.txt
dtak1225	eckermann_goethe02_1836.txt
dtak1226	spener_bedencken01_1700.txt
dtak1227	gleim_versuch01_1744.txt
dtak1228	spener_piadesideria_1676.txt
dtak1229	becher_narrheit_1682.txt
dtak1230	kerner_besessene_1834.txt
dtak1231	lenz_soldaten_1776.txt
dtak1232	logau_sinngetichte_1654.txt
dtak1233	stein_handbuch_1870.txt
dtak1234	andreas_fenitschka_1898.txt
dtak1235	mueller_staatskunst01_1809.txt
dtak1236	suessmilch_ordnung_1741.txt
dtak1237	lange_licht02_1729.txt
dtak1238	raschdorff_hochbau_1880.txt
dtak1239	schoppe_prophet03_1846.txt
dtak1240	paul_loge02_1793.txt
dtak1241	anhaltkoethen_fruchtbringende_1628.txt
dtak1242	herder_geschichte01_1784.txt
dtak1243	schweiger_armenien_1878.txt
dtak1244	hauptmann_biberpelz_1893.txt
dtak1245	hoffmannswaldau_gedichte06_1709.txt
dtak1246	schiller_raeuber_1781.txt
dtak1247	ebers_koenigstochter01_1864.txt
dtak1248	silberer_traber_1883.txt
dtak1249	haller_anfangsgruende07_1775.txt
dtak1250	micraelius_pommernland05_1639.txt
dtak1251	nettelbeck_lebensbeschreibung03_1823.txt
dtak1252	arnimb_goethe01_1835.txt
dtak1253	furttenbach_buechsenmeister_1643.txt
dtak1254	huber_verkehr_1893.txt
dtak1255	modestinus_unterredungen_1737.txt
dtak1256	richardson_clarissa02_1748.txt
dtak1257	hundtradowsky_judenschule03_1823.txt
dtak1258	rohr_julii_1718.txt
dtak1259	mutach_underricht_1709.txt
dtak1260	schiller_kabale_1784.txt
dtak1261	spener_natur_1687.txt
dtak1262	scheuchzer_naturgeschichten01_1706.txt
dtak1263	ludovici_grundriss_1756.txt
dtak1264	schwenckfeld_hirschberischen_1619.txt
dtak1265	krafft_landwirthschaft01_1875.txt
dtak1266	wolff_anfangsgruende01_1710.txt
dtak1267	haller_anfangsgruende03_1766.txt
dtak1268	holz_phantasus01_1898.txt
dtak1269	lettus_chronik01_1747.txt
dtak1270	ranke_reformation03_1840.txt
dtak1271	haeckel_plastidule_1876.txt
dtak1272	vischer_auch01_1879.txt
dtak1273	jacobi_betrachtungen04_1766.txt
dtak1274	woellner_aufhebung_1766.txt
dtak1275	tieck_sternbald02_1798.txt
dtak1276	schmoller_kleingewerbe_1870.txt
dtak1277	bruemmer_lexikon03_1913.txt
dtak1278	hugo_rechtsgeschichte_1790.txt
dtak1279	michelet_loesung_1849.txt
dtak1280	bodmer_sammlung05_1742.txt
dtak1281	hoelty_gedichte_1783.txt
dtak1282	ebeling_betrachtungen02_1747.txt
dtak1283	nn_abc_1736.txt
dtak1284	herder_abhandlung_1772.txt
dtak1285	stock_gesellenwesen_1844.txt
dtak1286	baumstark_encyclopaedie_1835.txt
dtak1287	fleming_jaeger01_1719.txt
dtak1288	scheuchzer_naturgeschichten03_1708.txt
dtak1289	schopenhauer_eyck02_1822.txt
dtak1290	arndt_christentum03_1610.txt
dtak1291	arnim_wunderhorn01_1806.txt
dtak1292	grillparzer_sappho_1819.txt
dtak1293	nettelbeck_lebensbeschreibung01_1821.txt
dtak1294	praetorius_verrichtung_1668.txt
dtak1295	diefenbach_reformation_1897.txt
dtak1296	sulzer_reise_1742.txt
dtak1297	melander_jocoseria02_1605.txt
dtak1298	herder_litteratur03_1767.txt
dtak1299	sverige_zigeuner_1698.txt
dtak1300	ebers_koenigstochter02_1864.txt
dtak1301	mohr_fachwerk01_1874.txt
dtak1302	paul_hesperus01_1795.txt
dtak1303	rohr_einleitung_1729.txt
dtak1304	hering_lichtsinn_1878.txt
dtak1305	ramdohr_mahlerei01_1787.txt
dtak1306	klinger_faust_1791.txt
dtak1307	avelallemant_gaunerthum02_1858.txt
dtak1308	hahnemann_organon_1810.txt
dtak1309	bodmer_sammlung11_1743.txt
dtak1310	helmholtz_erhaltung_1847.txt
dtak1311	bluntschli_voelkerrecht_1868.txt
dtak1312	rudolstadt_weiber_1683.txt
dtak1313	koerner_leyer_1814.txt
dtak1314	zeller_turnkunst_1817.txt
dtak1315	scheuchzer_naturgeschichten02_1706.txt
dtak1316	herder_humanitaet05_1795.txt
dtak1317	humboldt_kosmos04_1858.txt
dtak1318	schmidt_rockenphilosophia01_1705.txt
dtak1319	hanssen_grundfragen_1731.txt
dtak1320	jacoby_fragen_1841.txt
dtak1321	august_gesindlein_1680.txt
dtak1322	pueckler_briefe04_1831.txt
dtak1323	freiligrath_caira_1846.txt
dtak1324	pufendorf_bericht_1667.txt
dtak1325	brehm_thierleben04_1867.txt
dtak1326	gerstner_mechanik02_1832.txt
dtak1327	campe_robinson01_1779.txt
dtak1328	happel_roman_1690.txt
dtak1329	albertinus_landtstoertzer01_1615.txt
dtak1330	schmoller_volkswirtschaftslehre_1893.txt
dtak1331	meyer_wiedergebohrne_1759.txt
dtak1332	jahn_volksthum_1810.txt
dtak1333	brockes_vergnuegen02_1727.txt
dtak1334	humboldt_aequinoktial01_1859.txt
dtak1335	boltzmann_gastheorie02_1898.txt
dtak1336	brunn_griechen02_1859.txt
dtak1337	hoelderlin_gedichte_1826.txt
dtak1338	darjes_cameralwissenschaften_1756.txt
dtak1339	nietzsche_zarathustra02_1883.txt
dtak1340	musaeus_reisen04_1779.txt
dtak1341	wartmann_germania0203_1650.txt
dtak1342	paul_titan04_1803.txt
dtak1343	thuenen_staat_1826.txt
dtak1344	glauber_opera01_1658.txt
dtak1345	kortum_jobsiade03_1799.txt
dtak1346	pocci_komoedienbuechlein05_1875.txt
dtak1347	nestroy_jux_1844.txt
dtak1348	schlegel_athenaeum_1800.txt
dtak1349	becher_psychosophia_1683.txt
dtak1350	drude_pflanzengeographie_1890.txt
dtak1351	virchow_cellularpathologie_1858.txt
dtak1352	thomasius_einleitungvernufftlehre_1691.txt
dtak1353	royer_beschreibung_1648.txt
dtak1354	miller_siegwart02_1776.txt
dtak1355	bastian_voelkergedanke_1881.txt
dtak1356	moser_politische02_1796.txt
dtak1357	pasch_voltesiren_1660.txt
dtak1358	schnitzler_anatol_1893.txt
dtak1359	kretzer_timpe_1888.txt
dtak1360	platen_oedipus_1829.txt
dtak1361	burdach_propaedeutik_1800.txt
dtak1362	bluntschli_staatslehre_1875.txt
dtak1363	gleditsch_abhandlungen02_1789.txt
dtak1364	herder_humanitaet07_1796.txt
dtak1365	droysen_historik_1868.txt
dtak1366	richardson_clarissa03_1749.txt
dtak1367	steinen_naturvoelker_1894.txt
dtak1368	marperger_militare_1724.txt
dtak1369	scheyb_theresiade02_1746.txt
dtak1370	heyse_novellen_1855.txt
dtak1371	sailer_selbstmord_1785.txt
dtak1372	ranke_reformation05_1843.txt
dtak1373	heffter_voelkerrecht_1844.txt
dtak1374	gressel_grabgedichte_1716.txt
dtak1375	kaempfer_japan02_1779.txt
dtak1376	friderich_bettler_1663.txt
dtak1377	immermann_muenchhausen02_1839.txt
dtak1378	fuechsel_entwurf_1773.txt
dtak1379	harsdoerffer_trichter02_1648.txt
dtak1380	brockes_vergnuegen04_1735.txt
dtak1381	hufeland_leben_1797.txt
dtak1382	jungstilling_versuch_1779.txt
dtak1383	lehnert_seehaefen01_1891.txt
dtak1384	beer_paria_1829.txt
dtak1385	fleming_poemata_1642.txt
dtak1386	decker_baumeister01_1711.txt
dtak1387	gutsmuths_spiele_1796.txt
dtak1388	bruemmer_lexikon02_1913.txt
dtak1389	rollenhagen_reysen_1603.txt
dtak1390	sander_beschreibung01_1783.txt
dtak1391	hippel_lebenslaeufe0302_1781.txt
dtak1392	schnitzler_liebelei_1896.txt
dtak1393	berlepsch_alpen_1861.txt
dtak1394	nietzsche_zarathustra03_1884.txt
dtak1395	fiedler_kuenstlerische_1887.txt
dtak1396	goethe_torquato_1790.txt
dtak1397	genee_fledermaus_1874.txt
dtak1398	anzengruber_gwissenswurm_1874.txt
dtak1399	liszt_voelkerrecht_1898.txt
dtak1400	zesen_helikon02_1641.txt
dtak1401	hauff_phantasien_1827.txt
dtak1402	herbart_psychologie01_1824.txt
dtak1403	ranke_paepste01_1834.txt
dtak1404	bohse_helicon01_1703.txt
dtak1405	herder_plastik_1778.txt
dtak1406	duras_urika_1824.txt
dtak1407	mayer_analysis01_1818.txt
dtak1408	lessing_menschengeschlecht_1780.txt
dtak1409	goethe_reineke_1794.txt
dtak1410	ludwig_zigeuner_1700.txt
dtak1411	grabbe_napoleon_1831.txt
dtak1412	varnhagen_rahel01_1834.txt
dtak1413	lachmann_nibelungen_1816.txt
dtak1414	oa_policeij_1628.txt
dtak1415	herder_humanitaet09_1797.txt
dtak1416	august_uhrkunde_1685.txt
dtak1417	westphalus_gedancken_1734.txt
dtak1418	becke_soldaten_1605.txt
dtak1419	moeser_phantasien03_1778.txt
dtak1420	oken_biologie_1805.txt
dtak1421	scriver_schaefflein_1672.txt
dtak1422	hagedorn_sammlung03_1752.txt
dtak1423	fischer_werkzeugmaschinen01_1900.txt
dtak1424	humboldt_kosmos0501_1862.txt
dtak1425	hohberg_georgica02_1682.txt
dtak1426	paul_titan02_1801.txt
dtak1427	may_kurdistan_1892.txt
dtak1428	holz_hamlet_1889.txt
dtak1429	lucius_warnung_1747.txt
dtak1430	delbrueck_sprachforschung_1885.txt
dtak1431	ludwig_physiologie01_1852.txt
dtak1432	buchner_theoria03_1685.txt
dtak1433	klopstock_messias01_1751.txt
dtak1434	wieland_agathon02_1767.txt
dtak1435	philippi_reimschmiedekunst_1743.txt
dtak1436	august_ziegeuner_1669.txt
dtak1437	nicolai_nothanker02_1775.txt
dtak1438	tetens_versuche02_1777.txt
dtak1439	klueber_voelkerrecht01_1821.txt
dtak1440	treviranus_biologie04_1814.txt
dtak1441	wieland_agathon01_1766.txt
dtak1442	buerger_muenchhausen_1786.txt
dtak1443	holtei_vagabunden04_1852.txt
dtak1444	benner_herrnhuterey04_1748.txt
dtak1445	wuelffer_gottesgeschick_1656.txt
dtak1446	gryphius_horribilicribrifax_1663.txt
dtak1447	schmidt_rockenphilosophia02_1705.txt
dtak1448	stifter_nachsommer03_1857.txt
dtak1449	dannhauer_catechismus04_1653.txt
dtak1450	sailer_prediger_1791.txt
dtak1451	glueck_pandecten02_1791.txt
dtak1452	spiess_biographien02_1796.txt
dtak1453	mohl_staatswissenschaften_1859.txt
dtak1454	hirschfeld_gartenkunst2_1780.txt
dtak1455	tieck_phantasus01_1812.txt
dtak1456	gercke_torpedowaffe_1898.txt
dtak1457	poersch_gewerkschaftsbewegung_1897.txt
dtak1458	august_ziegeuner_1697.txt
dtak1459	diesterweg_universitaeten_1836.txt
dtak1460	burckhardt_renaissance_1860.txt
dtak1461	czepko_siebengestirne_1671.txt
dtak1462	silesius_seelenlust01_1657.txt
dtak1463	achenwall_staatswissenschaft_1749.txt
dtak1464	hofmannsthal_tizian_1901.txt
dtak1465	alexis_ruhe02_1852.txt
dtak1466	muenter_bekehren_1772.txt
dtak1467	august_gesindlein_1650.txt
