Book	Smell_Word	Smell_Source	Quality	Full_Sentence
abc1	zeliše	kruh		Tukaj v mrazu niso nič kurili , po noči niso imeli nikake luči in jedli so samo kruh in nekako zeliše .
abc1	duh		Hudi	Hudi duh odvrača človeka od sv .
abc1	brez dišave			) Tako govori sam večni Bog ; jaz pa pristavim , kar je rekla nek sama Marija devica nekemu človeku , ki je scer roženkranc , pa grehu udan , opravljal ; rekla je , namreč : „ IIočeš , da bo tvoja molitev nebeški kraljici všeč , nikar ji ne nosi ovelih cvetlicic , ampak spleti ji venec iz lepih in živih rož ; zakaj tiste , ktere daruješ , so brez dišave , brez svitlobe """" .
abc1	dišavo	cvetlice		O sveti Duh , ogrej in oživi le tri cvetlice s sedmerim žarkom svoje gnade , da bolj in bolj cvetijo in s svojo dišavo vse serca napolnujejo ! Razlaga .
abc1	dišeči		lepo	so nam priče , kako dragi so Bogu mladi duhovi , oni so velikokrat omenjeni pervenci , lepo dišeči darovi , nad katerimi ima nebeški Oče svoje dopadanje .
abc1	dišeče	cvetlice	lepo	Tri svitle in lepo dišeče cvetlice sem vam dans podal .
abc1	dišeče	cvetlice	lepo	Tri svitle in lepo dišeče cvetlice sem vam dans podal .
abc2	ovohalo	to jed		Nekaj jih je ovohalo to jed , torej priderejo v njeno hišo in jo umorili žugajo , če jim jesti ne da .
abc3	diši|dišeča	rožica	Prijetno|Prijetno	Vijolica mala In nizke rasti , Je rožica zala , Prijetno diši ; Pa pride ji čaS , Ki vniči njen kras ! Je roža rudeČa , Ko vččerni žar , Prijetno dišeča , Nam kinČa oltar ; Al pride ji čas , Ki vniči njen kras ! 3 .
abc3	diši|dišeča	rožica	Prijetno|Prijetno	Vijolica mala In nizke rasti , Je rožica zala , Prijetno diši ; Pa pride ji čaS , Ki vniči njen kras ! Je roža rudeČa , Ko vččerni žar , Prijetno dišeča , Nam kinČa oltar ; Al pride ji čas , Ki vniči njen kras ! 3 .
abc4	dišeče	pismice	lično	Ni mu dolgo čakati , kajti že tretji dan potrka nekdo na vrata njegove sobe in položi lično , dišeče pismice z njegovim napisom na mizo .
abc4	dišeče	pismice	lično	Ni mu dolgo čakati , kajti že tretji dan potrka nekdo na vrata njegove sobe in položi lično , dišeče pismice z njegovim napisom na mizo .
abc4	duh		dober	V prvem tvenutku hoče Miko šiniti kviško in izgovarjati svojo nerodnost , kajti to mu je bilo jasno , da je na mačko sedel ; pa dober duh mu zašepeta na ušesa , da jo potem tudi pogubljen , ker o nikomur se še ni slišalo , da bi mu bilo kdaj odpuščeno , če je to mačko le po strani pogledal .
abc4	duh	dim	neprijeten|lažnjivi	Zato „ Brencelj “ ni še popolnoma tri ure letel po zraku , ko mu nek neprijeten duh , po Židih ( judih ) gosta švin - delska soparica naznanja , da je nad Dunajem ; lažnjivi dim , : ki se vzdiga iz tiskarnic nemško - liberalnih časnikov , mu hoče skoro sapo vzeti .
abc4	duh	dim	neprijeten|lažnjivi	Zato „ Brencelj “ ni še popolnoma tri ure letel po zraku , ko mu nek neprijeten duh , po Židih ( judih ) gosta švin - delska soparica naznanja , da je nad Dunajem ; lažnjivi dim , : ki se vzdiga iz tiskarnic nemško - liberalnih časnikov , mu hoče skoro sapo vzeti .
abc4	puhtel|duh		prijeten	Bilo je proti enajsti uri dopoldne in iz gostilnic je puhtel prijeten duh kviško ; „ Brenceljnu “ so se jele sline cediti , ker še ni nič druzega vžil , , , ko da je zjutraj pri odhodu nekega nemškutarja malo pičil ; pa mu ni bilo nič kaj dobro po takem zajtrku .
abc4	dišečem		lepo	Za tem seže po lepo dišečem fazanu , mu odtrga nogo in jo jame glodati .
abc5	duh|duh	izhlapevsih nitroproduktov )	nadležen	Ako se o prihodu v hranisče zapazi dihalom nadležen duh ( izvirajoč od izhlapevsih nitroproduktov ) , naj se skrinje , iz katerih ide ta duh , poiščejo , precej iz hranišča odpravijo in tudi po določilih priloge B pokončajo .
abc5	duh|duh	izhlapevsih nitroproduktov )	nadležen	Ako se o prihodu v hranisče zapazi dihalom nadležen duh ( izvirajoč od izhlapevsih nitroproduktov ) , naj se skrinje , iz katerih ide ta duh , poiščejo , precej iz hranišča odpravijo in tudi po določilih priloge B pokončajo .
abc5	diščča	olja	zoperno	) 37 s posodami vred , v katerih se prevažajo ; vsa zoperno diščča olja , tudi salmi - jakovec .
abc5	diščča	olja	zoperno	) 37 s posodami vred , v katerih se prevažajo ; vsa zoperno diščča olja , tudi salmi - jakovec .
abc5	smrdljive|gnjusne	Sirove		Sirove kože , tolšče , kite , kosti in druge stvari , če so posebno smrdljive in gnjusne .
abc5	dišeča	Trpentinovo olje|olja	druga zoperno	Trpentinovo olje ter vsa druga zoperno dišeča olja se odpravljajo samo v odprtih vozovih .
abc5	dišeča	Trpentinovo olje|olja	druga zoperno	Trpentinovo olje ter vsa druga zoperno dišeča olja se odpravljajo samo v odprtih vozovih .
abc6	dišavami	oljnimi barvami		trgovina z dišavami , oljnimi barvami , Šopki .
abc7	diši	jed		Človeku diši zopet jed , čo je imel bel jezik .
abc7	duha	po kavi	dobrega	Popolno nadomestilo za pravo kavo v zrnih ! se priporoča s mlekom uživana kot vkusen , močen Ijiidt - ilii živež ; kava , ki ne vznemirja živcev , nasprotno pak je zelo zdrava , krepilna in lehko prebavljiva ; dvojno se pri porota za osobe , ki imajo slab želodec , kakor tudi zaradi zelo dobrega duha po kavi in nizke cene , tudi ker je — brcx dodatka pravo kave užh pripravljena za kuho .
abc7	duha	po kavi	dobrega	Popolno nadomestilo za pravo kavo v zrnih ! se priporoča s mlekom uživana kot vkusen , močen Ijiidt - ilii živež ; kava , ki ne vznemirja živcev , nasprotno pak je zelo zdrava , krepilna in lehko prebavljiva ; dvojno se pri porota za osobe , ki imajo slab želodec , kakor tudi zaradi zelo dobrega duha po kavi in nizke cene , tudi ker je — brcx dodatka pravo kave užh pripravljena za kuho .
abc7	duh		slab	matična , vpliva oživljajoče , zapreči pokončanje zob in odpravi slab duh i / , ust .
abc8	dišava		Blaga	Blaga dišava Zemlji šumlja , Dije povsod , Y bistrem zrcali Vsa se narava Solnce igra .
abc8	dišav		nežnih	Na pol vzbujena se lepa narava vzdiga iz nežnih dišav ter se naproti smehlja veselemu jutru , ktero se , s cveticami ovenčano , na perotih pihljajočih sapic bliža cvetočim livadam .
abc8	vonjave	cvetica	najslajše	Vsaka cvetica vzdiga svojo okrepčano glavico ter njemu , kterega si morejo misliti le neumrljive stvari , daruje najslajše vonjave ; tisoč plemen lahko - perotnih žuželk leta okoli njega , srka vlažno roso in slavi s svojim veseljem nevede svojega stvaritelja .
abc8	vonjave	cvetica	najslajše	Vsaka cvetica vzdiga svojo okrepčano glavico ter njemu , kterega si morejo misliti le neumrljive stvari , daruje najslajše vonjave ; tisoč plemen lahko - perotnih žuželk leta okoli njega , srka vlažno roso in slavi s svojim veseljem nevede svojega stvaritelja .
abc8	puhti	zrak	Čist|zdrav	Mam ) Kako prijetno je v gozdu , v tem veličastnem vrtu , kjer je vsako drevo vir , iz kterega klije sladko čvrstilo , iz kterega puhti Čist in zdrav zrak ! Uho ti razveseljuje prijetno šumenje med gostimi vejami in petje krilatih pevcev .
abc8	puhti	zrak	Čist|zdrav	Mam ) Kako prijetno je v gozdu , v tem veličastnem vrtu , kjer je vsako drevo vir , iz kterega klije sladko čvrstilo , iz kterega puhti Čist in zdrav zrak ! Uho ti razveseljuje prijetno šumenje med gostimi vejami in petje krilatih pevcev .
abc8	diše	cvetke	lepo	In kdor ve , kako lepo diše njene cvetke , ta se ne čudi , da rode tako rajske jagode .
abc8	diše	cvetke	lepo	In kdor ve , kako lepo diše njene cvetke , ta se ne čudi , da rode tako rajske jagode .
abc8	diše	Jagode	drobne|sladke|dobro	Jagode ima sicer drobne , pa sladke , in dobro diše .
abc8	diše	Jagode	drobne|sladke|dobro	Jagode ima sicer drobne , pa sladke , in dobro diše .
abc8	dišeče	cvetice	lepo	Jel je trgati lepo dišeče cvetice ter jih vtikati za klobuk , tresti sadje in si z njim hladiti žejo in tolažiti lakoto .
abc8	dišeče	cvetice	lepo	Jel je trgati lepo dišeče cvetice ter jih vtikati za klobuk , tresti sadje in si z njim hladiti žejo in tolažiti lakoto .
abc8	zelišče	tulipanov|narcisov|balzamin|georgin|krompir .	amerikansko	Iz gredic je postala njiva , in namesto tulipanov in narcisov , namesto balzamin in georgin so posadili mati drago amerikansko zelišče , krompir .
abc8	zelišče	tulipanov|narcisov|balzamin|georgin|krompir .	amerikansko	Iz gredic je postala njiva , in namesto tulipanov in narcisov , namesto balzamin in georgin so posadili mati drago amerikansko zelišče , krompir .
abc8	dišeče		sladko|lepo	Toda česa naj ti želim ? Ali dobrega sadu ? O kako sladko je in lepo dišeče ! Ali naj se ti razširjajo veje ? O kako lepo je obokan tvoj vrh , kako hladna je tvoja senca ! Ali naj bi se potok vil okoli tvojega podnožja ? Saj mimo tebe šumlja najbistrejša vodica ! Vendar , vendar te hočem blagosloviti , blago drevo ! Naj bo ves tvoj zarod tebi jednak ! """" — Tako je govoril popotnik ; prav tako tudi jaz rečem tebi , blagi gostoljub ! Glej velike znanosti si si pridobil ; časti in premoženja imaš dovolj ; zavest svoje vrednosti , srečo v svoji družini in spoštovanje vseh pravičnih uživaš , kakor malokdo .
abc8	dišeča zelišča	koreninice|listje|brstje	močno	Živež te čudne živali so močno dišeča zelišča , mnoge koreninice , listje in brstje .
abc8	dišeča zelišča	koreninice|listje|brstje	močno	Živež te čudne živali so močno dišeča zelišča , mnoge koreninice , listje in brstje .
abc8	duh		milo|čisto	Iz zvonika se oglasi veliki zvon in kmalu zapojeta še dva druga milo in čisto , da se duh človeški kakor na perotih k stvarniku povzdigne .
abc8	dišavami		z dragimi	Pri ženitninah , gostijah , darovanjih in drugih svečanostih so se z dragimi dišavami mazilili , bogate gospe in potratniki pa slednji dan .
abc8	dišečega	čaja	lepo	Brž se začnem v svoji koči udomačevati : moj Mongi - lomba mi postelje postelj iz porobkovine , jaz si pa počnem lepo dišečega čaja za večerjo pripravljati .
abc8	dišečega	čaja	lepo	Brž se začnem v svoji koči udomačevati : moj Mongi - lomba mi postelje postelj iz porobkovine , jaz si pa počnem lepo dišečega čaja za večerjo pripravljati .
abc8	vzduhu	( zraku )		Brez skrbi so se bili Pompejani podali v amfiteater gledat krvave igre in skusbe gladiatorske , kar se začne popoldne ( po naši štetvi ) strašen oblak iz Vezuva valiti in po vzduhu ( zraku ) razprostirati , sedaj ognjen , sedaj temen , sedaj pisan , in ta oblak ni bil drugega kot pepel in drobljanci prsti , ki jih je z nova užgana šopka o prvem rigu do neizmerne višave bruhnila .
abc8	diši	Meso	svinjskemu	Meso je svinjskemu podobno , le da diši malo po prsti .
abc8	diši	Meso	svinjskemu	Meso je svinjskemu podobno , le da diši malo po prsti .
abc8	diše		sladki|mlečnati	Tudi v turščici napravijo v malo urah mnogo škode , ker požro cele kupe strokov , ki jim pa le diše , dokler so mladi , sladki in mlečnati .
abc8	dišečih	rožic		) 1 V prijazni ravnici sred rožic dišečih Pod belim Snežnikom krog svoj ' ga vrta Je v dnevu jesenskem ob solnčnem zahodu Prevzetno šetala Skopulja gospa .
abc8	duh		peklenski	„ „ Kako se predrzneš me tukaj nadleg ' vat ' ? Pober ' se od mene , nesramni lenuh ! Ko b ' takemu sadje zametati imela , Kaj ' vidim , da vzame peklenski ga duh .
abc8	dišalo|diši	Suho zrnje		Suho zrnje ni jej več dišalo , za skorjico kruha marala ni ; le po sladki smetani sline cedi in mleka piti miški diši .
abc8	ovoha	košček slanine		Vse kote preišče , vse sklede poliže in piskre prestakne , naposled košček slanine ovoha , ki je bila v loncu nastavljena .
abc8	ne diši	dobra slanina		Veselo poskoči in se v lonec prekucne ; ali iz lonca nazaj ne more , in dobra slanina jej več ne diši .
abc8	diše		prijetno	Kako pusti in žalostni bi bili travniki naši in pašniki , ko bi je moral človek leto za letom s travnim semenom obsevati in kar je nasejal ali nasadil , še polivati ! Kako hvaležni moramo tedaj biti Bogu , da je on to veliko delo na - se vzel , da obseva o pravem času prazno zemljo , gole gore in celo gole peči s travnim semenom in zavije vse v lepo zelen prt ! — Kdo pa tudi more prešteti , kdo popisati , koliko plemen trav in rastlin je oče nebeški nam v veselje in hasen nasejal in nasadil ! Na travniku , ki je tisoč stopinj dolg in tisoč širok , najdeš več ko sto tisoč travnih bilk , in na prostoru , ki ne obsega več kakor štirjaški meter , je gotovo več ko tisoč raznih plemen ; in te travne bilke , naj bodo majhne , kakor hočejo , vendar prijetno diše , česar se lahko prepričaš , ako greš o košnji na travnik , kedar seno obračajo , grabijo in spravljajo v kupe ali na vozove .
abc8	dišave		prijetne	In vse te prijetne dišave dobiš in uživaš zastonj ; vinarja ti ni treba dati za nje .
abc8	zelišča		Razna	Razna zelišča dajo človeku jed , zdravila in mnogo drugih dobrot ; ona ga razveseljujejo in k hvaležnosti do stvarnika obujajo , zraven pa so tudi v prebivališče in živež brezštevilnim živalim .
abc8	zelišče	tobakovo		tobakovo zelišče , našteješ na jedni sami sadiki štirideset tisoč sto in dvajset semenskih zrn , in ako preračuniš njeno rodovitnost v štirih letih , tedaj najdeš , da jedno samo zrno daje semena črez dva trilijona , kar je toliko , da ga vsi ljudje , kar jih je zdaj na svetu , ne seštejejo v jednem letu , ko bi tudi noč in dan šteli .
abc8	zeli	o jutranji rosi		Vzlasti do kresa je nabirala zeli o jutranji rosi , ker te so neki najboljše .
abc8	zelišče		grenko	Potrpežljivost je grenko zelišče pa prinaša sladek sad .
abc9	duh		liberalni	Pa nemčursko - liberalni duh Boroveljski razvlekel se je tudi dalje v Podljubelj in Košentavro , in tako za naju tu ni nič opraviti .
abc9	ne diši			Primožu , pa jim nič ne diši ; ne vem , ali se bojo temu ognili ? Pri nas imamo novo šolo , pa stane tudi lep denar .
abc9	dišave	žgane pijače		Sploh imam vsake vrste tržaško ( prekmorsko ) blago , mast , moko , raznih žit , žgane pijače , dišave itd .
abc10	smrdi	črvive gobe	strupena|mlečna	Pomnite otroci : Ne pobirajte gliv , katerih dobro ne poznate ; strupena je vsaka , ki smrdi , je mlečna , in katera barvo spremeni , ako jo prelomiš ali prerežeš , tudi stare in črvive gobe niso zdrave , vrh tega so gnusne .
abc10	smrdi	črvive gobe	strupena|mlečna	Pomnite otroci : Ne pobirajte gliv , katerih dobro ne poznate ; strupena je vsaka , ki smrdi , je mlečna , in katera barvo spremeni , ako jo prelomiš ali prerežeš , tudi stare in črvive gobe niso zdrave , vrh tega so gnusne .
abc10	voha	Zelena žaba	dobro	Zelena žaba precej dobro voha .
abc10	voha	Zelena žaba	dobro	Zelena žaba precej dobro voha .
abc10	ni zadi			V ustih ima jezik , ki pa ni zadi , nego predi priraščen ; zob žaba nima .
abc11	vonjavi		pohlevni	Ali duhovi se ne ganejo , in ko Cvetäna vsa objokana in preplašena odpira vrata iz sobe v dvorano , prisopiha hlevnik Jaka , ki nosi danes navzlic pohlevni vonjavi črno suknjo in bele rokavice ter zakliče , da se razlega po vsi dvorani : — Gospod Veselin je v Savi utonil ! — Učinek teh besed na ženina , ki je bil doslej zamaknjen v zlatd in še bolj naudan strahu , da bi kdo iz poštene družbe ne popravil števila cekinov na svojo korist , bila sta žalost in veselje zajedno .
abc11	vzduhu		kužnem	Po takem kužnem vzduhu ga spoznavajo zmerneje živeči Indovci žc od daleč in se ga ogibljejo , kolikor morejo .
abc11	dišav		krepilnih	Indovec se hvali , da plava po morji sladkih sanj in krepilnih dišav .
abc11	zelišča		kvarna|zdravih	Saj so bile pri nas že živali toliko umne — pa bi človek ne bil — da so včdele ločiti kvarna zelišča od zdravih ; vedele so celd poiskati zdravilnih rastlin za pokvarjeno zdravje — pa bi jih zdravnik ne včdel ? « » Res je , « odgovorim svojemu spremljevalcu , » da so si ljudstva , živeča v preprosti slobodi , prihranila še nekoliko prirodnega čustva .
abc11	diši	smodko|trdčč	najbolj	Po kosilu smo legli po tleh ; nekateri so celd nekoliko zadremali , drugi pa prižgali smodko , trdčč , da jim otovrč najbolj diši .
abc11	diši	smodko|trdčč	najbolj	Po kosilu smo legli po tleh ; nekateri so celd nekoliko zadremali , drugi pa prižgali smodko , trdčč , da jim otovrč najbolj diši .
abc11	dišečega	sena		Zlezli smo po lestvi na nekdanjo žago , sedaj izpremenjeno v stajo za govejo živino , in našli na parni obilo dišečega sena .
abc11	diši		močno|neprijetno	Gospodar pa jo pisano gleda , in sicer ne brez vzroka , zakaj živina se je na pašniku ne dotakne in tudi v sčnu se je brani , ker diši močno in neprijetno ter je grenkega , ostrega ukusa .
abc11	duhat	beli nagelj		In veste li , kaj je storila ta Julika , katero imate za takd dobro ? Tisti beli nagelj je vteknila v kozarec vode in ga ima še vedno na oknu ter ga hodi duhat vsak večer , predno grč spat .
abc11	duha	beli nagelj		Včm le to , da vsak večer duha tisti beli nagelj .
abc12	duh		močni	Kje je močni duh tvoj , Kacijanar ? Sokol silni , ali naj se plašiš , Če kričč ob tebi vrani črni ? Le peruti dvigni — vsi zbežijo .
abc12	diši	mrtvec		Ni mogoče ! — Vrani le kričijo , A kričijo , ker diši jim mrtvec .
abc12	dišala		sumnjivo	Tam je našla odprto drobno stcklenico s tekočino , katera ji je dišala nekamo sumnjivo .
abc12	vonjem		strupenim	S strupenim vonjem vred so ji v glavo šinile tudi strupene misli , katere ji je zdajci zanetil pohlep po ostalim Pavličevi .
abc12	vonjavo	eteriško olje		Razodel mi je gospod Veselin , da je bilo leku , najdenemu pri Pavličevih , primešano vonjavo eteriško olje .
abc12	sopar|vpliva		čuden|omotičen|opojno	Državni pravdnik govori s povzdignjenim glasom , da se širi po dvorani čuden , omotičen sopar , ki opojno vpliva na možgane porotnikov , da , celd na predsednikove živce , in da ni možno obravnavati dalje .
abc12	duhä	jenje		Čitali smo na konci desetega poglavja , da je Samorad odklonil nadaljno svar - jenje duhä , ki mu je pokladal na srce , naj se odreče Abadonu in njega pogodbi .
abc12	duh|duh		blagi|Sanjavi	Ko blagi duh odide , prisede Abadon prijazno k Samoradu pod oreh , in izpregovori : — Sanjavi duh , ki te je ravnokar nadlegoval , sličen je prav tebi .
abc12	vonjavo	strupeni vodici		Čemu je podaril nje zalvi veliko novcev , ko jo je mogel drugače prisiliti , da izpovč resnico ? Čemu je storil to stoprav zadnji dan pred obravnavo ? Čemu je dal pri obravnavi dozdevni strupeni vodici drugačno vonjavo , nego je bila ob zasledbi namišljenega zlo - činstva , da je takd zmotil veščake ? Čemu je podmitil porotnike , kateri bi bili itak oprostili Cvetäno z mirno , pošteno vestjd ? Zakaj se je javil sodišču kakor Samoradova oseba ravno med obravnavo in ne prej ? Zakaj je iztrgal Cvetäno iz rok sodne oblasti ravno med obravnavo , ko bi bil vender lahko počakal nekaj ur , da jo potlej odvede takšno , kakor jo je prej , ali pa kakor nedolžno oproščenko ? Gotovo je , da hoče zli duh Abadon tudi s Cvetäno igrati takd , kakor igrä ž njim , Samoradom .
abc12	diši	Divji tulipan|rumeno cvetje	vrlo	— Divji tulipan je malone povsod znana rastlina ; prav radi ga imajo ljudje tudi po vrtčh , ker njega rumeno cvetje prav vrlo diši .
abc12	diši	Divji tulipan|rumeno cvetje	vrlo	— Divji tulipan je malone povsod znana rastlina ; prav radi ga imajo ljudje tudi po vrtčh , ker njega rumeno cvetje prav vrlo diši .
abc13	diši	pečenka|po žaltavem olju		Na kavi in juhi plavajo oljnati einki , v olju cvrč se pečenka , z oljem belijo prikuho , z oljem mažejo grla in obutala , obleka diši po žaltavem olju .
abc13	smraje	kranjskega zelja in koruznih žgancev		Ubogi želodec , ki mora prenašati toliko olja I Koli - krat si želim kranjskega zelja in koruznih žgancev namesto te smraje .
abc13	duh	Rožmarin		A Kranjec je rekel , ko je zibal Francoza : Čez devet let vse mine ! Zato , ne bodi nemaren , sam sebi zapojem ono domačo : » Rožmarin ima svoj duh , naj bo zelen al ' pa suh .
abc14	dišalo	mleko	Prijetno	Prijetno je dišalo tisto mleko in le s težavo se je premagal , da ni steklo po njegovem su - hotnem grlu ; od jutra namreč ni užil ničesar .
abc14	dišalo	mleko	Prijetno	Prijetno je dišalo tisto mleko in le s težavo se je premagal , da ni steklo po njegovem su - hotnem grlu ; od jutra namreč ni užil ničesar .
abc14	dišeče	smodke	modrikast	In velikodušni mož se je zasukal nekolikokrat z leve na desno , potem z desne na levo , puhnil modrikast dim dišeče smodke skozi nos in usta ter jel preklinjati množečo se revščino na svetu in pa — svoje premehko srce , ki mu brani take - le nemaniče brcniti hladnokrvno čez prag .
abc14	dišeče	smodke	modrikast	In velikodušni mož se je zasukal nekolikokrat z leve na desno , potem z desne na levo , puhnil modrikast dim dišeče smodke skozi nos in usta ter jel preklinjati množečo se revščino na svetu in pa — svoje premehko srce , ki mu brani take - le nemaniče brcniti hladnokrvno čez prag .
abc14	dišav	mandeljev|zelenjave|olja		Za debelo uro se je vrnila ona ; najprej je postavala na mizo konec smrdljive lojeve sveče ter jo prižgala , tresoča se na vsem telesu ; potem je zložila na cunje poleg Pe - peta in dečka : kruha , surovega masla , gnjati , slanine , jajec , zabele , moke , mandeljev , dišav , zelenjave , olja in mesa ; z dna košare je potegnila slednjič tudi steklenico vina .
abc14	dišalo|dišalo	slanina , gnjat , juha .	prijetno	„ No , mož , ali ne vidiš , kaj je poleg tebe ? Vzemi in jej ! To sem pridobila jaz , vedi ! Pogum , srčnost , Pepe ! """" — Pogledal je ne - zaupno njo z obema očesoma in še nezaup - neje jedi poleg sebe ; toda dišalo je , prijetno dišalo : slanina , gnjat , juha .
abc14	dišalo|dišalo	slanina , gnjat , juha .	prijetno	„ No , mož , ali ne vidiš , kaj je poleg tebe ? Vzemi in jej ! To sem pridobila jaz , vedi ! Pogum , srčnost , Pepe ! """" — Pogledal je ne - zaupno njo z obema očesoma in še nezaup - neje jedi poleg sebe ; toda dišalo je , prijetno dišalo : slanina , gnjat , juha .
abc14	duh		prijetni	Kakor bi se ji kam mudilo , molčala je več kot navadno in hitela z večerjo ; tudi njega je lačni želodec in prijetni duh jedil premagal , da je okusil , jedel in jedel — - in dolgo je jedel , da je pokrepčal svoje skoro že do cela oslabelo telo .
abc14	dišalo		mamljivo lepo	Iz gostiln in prodajalnic je mamljivo lepo dišalo .
abc14	duh		nemirni	Njegov nemirni duh niha med realizmom in dekadentizmom sem ter tje , a nagiba se k deka - dentizmu .
abc14	duhom		preprostim	Kdor bere dan na dan , teden za tednom s preprostim duhom take časopise , mora se napolniti z mržnjo ali celo s sovraštvom do katoliške vere in cerkve .
abc15	vonj	Klora|parfum .	neprijeten	Okna , obrnjena na usodno dvorišče , so zaprli takoj tudi zato , da bi se ne slišalo vpitje Rozinih hČerž ; vendar sc je po hiši že širil nekak neprijeten vonj Klora ter že premagal tudi v grofičini sobi njen delikatni parfum .
abc15	vonj	Klora|parfum .	neprijeten	Okna , obrnjena na usodno dvorišče , so zaprli takoj tudi zato , da bi se ne slišalo vpitje Rozinih hČerž ; vendar sc je po hiši že širil nekak neprijeten vonj Klora ter že premagal tudi v grofičini sobi njen delikatni parfum .
abc15	smrdela	gniloba		Pred vrati mu je smrdela vsa neimenovana gniloba iz temne , Črne jame , Črez katero je bila postavljena gnila deska za brv .
abc15	gnilo		slabo	Vse njegovo poslopje je slabo in gnilo , a on bi samo v izbi rad podprl strop , ki se je bil že enkrat sesul na ženo in jo poškodoval za vedno .
abc15	duh		samonikel|izviren	Čitajte te krasne kontraste o Pragi speči v jutranji megli in o naglem bistrem napadu Jaromirovem , čitajte pobitje Sasov , kruto seč Jaroslavovo , čitajte Ctimira in Vlaslava , Zaboja in Slavoja , čitajte oni v kratkih , pa bridkih črtah izraženi pojav Libušinega soda ( sodišča ) , ko na strastno invektivo Ilrudoševo s takovo no - bleso stila in poze odgovarja » knjeginja v beloleskli rizi ( obleki ) « , to so taki kontrasti v primeri z ono poezijo , ki so jo gojili v dobi » najdenja « rokopisov » to je tako redka umetniška ekonomija proti brbljavosti takratnih proizvodov , da moramo reči , pesnik obeh rokopisov ni bil samo znamenit , ampak tudi dovršeno samostojen , samonikel , izviren duh .
abc17	smrdi|diši	Vrtni kuhnrca		lišku vejxs da naj bi biLi ona temelj izrabljanju ljudstva « Vse kar ji - v povzdihu SloveČanstva , Vam smrdi , kukor Vrtni kuhnrca diši .
abc17	zelišč	Trinerjevo|vino	zdravilno	Trinerjevo zdravilno grenko vino je napravljeno izključno le iz naravnega vina in zelišč ; ono čisti kri in ob enem ojafil želodec in živce .
abc17	zelišč	Trinerjevo|vino	zdravilno	Trinerjevo zdravilno grenko vino je napravljeno izključno le iz naravnega vina in zelišč ; ono čisti kri in ob enem ojafil želodec in živce .
abc17	dišava	( parfem )	najfinejša	o najfinejša dišava ( parfem ) .
abc17	dišava	( parfem )	najfinejša	o najfinejša dišava ( parfem ) .
abc18	dišeče	whiskey|rigare	izvrstni|najbolja	izvrstni whiskey , najbolja vina in dišeče rigare , so pr : meni na razpolago .
abc18	dišeče	whiskey|rigare	izvrstni|najbolja	izvrstni whiskey , najbolja vina in dišeče rigare , so pr : meni na razpolago .
abc20	smrdeči|smrad	Mestni|mlin		Fej vas bodi ! — Mestni smrdeči mlin še vedno širi svojo kugo in smrad po svojem okolišu .
abc20	okusa		jako prijetnega|grenkega	Germanova življenska esenca se pripravlja iz blagodelujočih , povsem neškodljivih rastlinskih sokov , je jako prijetnega , nekoliko grenkega okusa , tako da ga lahko uživajo tudi občutljive osebe , ženske in otroci , kateri drugih zdravil ne morejo jemati .
abc21	dišeče	cigare		ulice , kjer točim pristno uležann jjATLAS """" pivo , izvrstni whiskey , uajboija vina in dišeče cigare , so pri meni na razpolago .
abc22	zavohal	Vodnikovo tobakiro		Ko je zavohal še Vodnikovo tobakiro , mu je bil sklep gotov : Pobahal se je , da kadi iz Prešernove pipe .
abc22	diše	šulferainski groši		Ali tudi temu strastnemu » Narodovcu « diše šulferainski groši ? ? Posojilnica v Sodrailoi je imela zadnjo nedeljo občni zbor .
abc22	ne diši	zapuščena cerkev		v Vipavskim liberalcem ne diši zapuščena cerkev sv .
abc22	zavohal	o Wagenpfeilovi zlatnini		Če je kaj zavohal o Wagenpfeilovi zlatnini , ne vemo .
abc22	okus	juhi	krepak|prijeten	Ta je za skrbno gospodinjo staroznano , ceno sredstvo , ki more z njim pridati krepak , prijeten okus slabi juhi .
abc22	okus	juhi	krepak|prijeten	Ta je za skrbno gospodinjo staroznano , ceno sredstvo , ki more z njim pridati krepak , prijeten okus slabi juhi .
abc23	duh		dober	Ko je mera polna , gre čez , kadar gre pa čez , pa ni prav dober duh v kuhinji .
abc23	zelišč	solate|kuhinjskin|kmetijskin semen		vse vrste solate , kakor sploh vseh kuhinjskin zelišč in kmetijskin semen , p > .
abc24	dišeče	smodke		ulice , kjer točim pristno uležano Atlas pivo , izvrstni whiskey , naj bol ja vina in dišeče smodke so pri meni na razpolago .
abc25	zelišč	balzam|rož		Hermanekov angelika balzam bo proizvaja le iz korenin , zelišč in izbranih rož , ki bo potrebno za ojačenje telesa in utrditev zdravja .
abc25	dišale	jedi	boljše	Kabite je , da vam bodo boljše dišale jedi , kot krepčalo in Čistilca krvi , branite bolezni .
abc25	dišale	jedi	boljše	Kabite je , da vam bodo boljše dišale jedi , kot krepčalo in Čistilca krvi , branite bolezni .
abc26	zelišča		divja	Zemlja , ki je proizvajala nekdaj le travo in divja zelišča , daje danes bogate žitne žetve .
abc26	zelišča	grmovje	Divja	Divja zelišča in grmovje , ki so prej donašale slabo hrano , so se jxiplemenila v tečna živila in drevesa , ki donašajo i zborno sadje .
abc26	zelišča	grmovje	Divja	Divja zelišča in grmovje , ki so prej donašale slabo hrano , so se jxiplemenila v tečna živila in drevesa , ki donašajo i zborno sadje .
abc26	duh		Stari|bojeviti|roparski	Stari , bojeviti , roparski duh je že ztlawnej izgini pri Tartarih in Mongolih , Danes te st > k ) h nemogoče , da bi vodje nomadov udrK proti zapadu in si osvojili eviupejsko ozemlje .
abc26	zelišč	rož		Hermanekov angelika balzam se proizvaja le iz korenin , zelišč ir izbrnnih rož , ki so potrebne za ojačenje telesa in utnlitev zdravja .
abc27	duh	dajroon alkohol|pijančevanja	hudobni	človek napada človeka in ga , pobije k tlom , da ma ložje vzame denar — a pri vseh teh prizorih igra velikansko vlogo dajroon alkohol , — hudobni duh pijančevanja ! In to ravno med slovenskim ljudstvom , med slovenskimi delavci lepih , bogatih dežel , ki se odlikujejo e svojo rodovitnostjo med vsemi drugimi deželami .
abc27	duh	dajroon alkohol|pijančevanja	hudobni	človek napada človeka in ga , pobije k tlom , da ma ložje vzame denar — a pri vseh teh prizorih igra velikansko vlogo dajroon alkohol , — hudobni duh pijančevanja ! In to ravno med slovenskim ljudstvom , med slovenskimi delavci lepih , bogatih dežel , ki se odlikujejo e svojo rodovitnostjo med vsemi drugimi deželami .
abc27	duhteč		krasen|nežno	Sinko , mogočni župan iz Središča ? Dohtar in zopet dohtar in hofrat , župnik in zopet kaplan in potem spet kaplan — o krasen , nežno - duhteč .
abc28	vonj		skrivnostni	— Vse krog njega je dihalo skrivnostni vonj .
abc28	dišali	beli mandeljni|bršljan		šumeli so vrhovi vitkih pinij , beli mandeljni so dišali , po skalah je plezal bršljan , veselo so ponihavali srčasti listi .
abc28	vonj|vzduh		sveži	Na trato , kjer je bilo vse posuto s pri - mulami , so sužnji razgrnili preproge , in despojna je legla s kretnjo razposajene pasti - rice v hladno senco in z vso slastjo vživala sveži vonj , ki je nasičeval vzduh .
abc28	duhom		sladkim	Zrak se je napolnil s sladkim duhom , s tajnim mirom .
abc28	duha		poln|mističnega	Neki rudar , Evan Roberts , je imel - vsaj pravil je tako — prikazni in poln nekega mističnega duha je hodil od vasi do vasi , od mesta do mesta , in je delavskemu ljudstvu pridigal , vstajenje ' ter jih klical k molitvi in k pokori .
abc29	dišale	jedi	boljše	Rabite je , da vam bodo boljše dišale jedi , kot krepealo » n čistilca krvi , branite bolezni .
abc29	dišale	jedi	boljše	Rabite je , da vam bodo boljše dišale jedi , kot krepealo » n čistilca krvi , branite bolezni .
abc29	kaditi	kalifornijsko vino|žganje		za piti fino Wieland - ovo pivo , kalifornijsko vino in najboljše žganje in kaditi najfinejše unijske suuxlke Prigrizek proBt in igralne mize na razpolago , Rojaki dobe hrano in stanovanje .
abc30	duh		ženijalen	A bil je učitelj ženijalen duh in ni se zadovoljil z navadnimi zabavami , hotel je prirediti svojim pristašem kaj izrednega .
abc30	ne smrdi	slovenski denar		Mi se le čudimo , da gospodu Zieru ne smrdi tudi slovenski denar in da ne vrže slovenskega kmeta črez prag svoje prodajalne , ako pride kupovat k njemu .
abc31	puhal	dima		« Naslonil se je zadovoljno na naslonjač ter puhal goste , modre oblake dima iz svoje pipe .
abc31	vdarjal duh	po pijači		Najprej dolga vrsta nizkih , iz same opeke zidanih in neometanih hiš , vmes pa semtertja kakšna gostilna močno razsvetljena , odkoder je vdarjal duh po pijači .
abc31	duh		prijeten	Od sredine stropa je visela na skoro nevidni zlati žici goreča svetilka v obliki srebrnega goloba in širila prijeten duh po sobi , — vse je spominjalo na razkošje vzhodnih dežel .
abc31	diši	dimov tobaka|pravega indijskega tobaka		Ali naj odmašim eno buteljko ? Ne ? — Pa vsaj upam , da se ne bodete branili narediti nekaj dimov tobaka , pravega indijskega tobaka , ki diši ko balzam .
abc31	puhal		gost	« Tadej Šolto je vzdihnil , nažgal zopet svojo pipo , puhal gost dim v zrak in gledal zamišljeno predse .
abc31	duhom		ostrim|smolnatim	Ena izmed steklenic je bila gotovo strta , ker je tekla iz nje črna tekočina in napolnjevala zrak z ostrim , smolnatim duhom .
abc31	dišeče	tekočine	močno	Vsak pes sledi slanika , ki bi ga kdo po tleh vlekel , kamorkoli , po celi deželi ; kaj šele naučen pes ! tak ne bi sledil tako močno dišeče tekočine ? To se mi zdi prav kakor naloga iz regeldetrije .
abc31	dišeče	tekočine	močno	Vsak pes sledi slanika , ki bi ga kdo po tleh vlekel , kamorkoli , po celi deželi ; kaj šele naučen pes ! tak ne bi sledil tako močno dišeče tekočine ? To se mi zdi prav kakor naloga iz regeldetrije .
abc31	vohom		čudovito ostrim	« JS 58 PS » To je pes , ali ne ? « » Da , izvrsten mešanec , s čudovito ostrim vohom .
abc31	duh		močan kreozotov	« Naredil sem , kakor mi je rekel , in takoj sem začutil močan kreozotov duh .
abc31	duh|vonjavo	kreozotov	močni	Očividno je močni kreozotov duh prekašal vsako drugo vonjavo .
abc31	duh|vonjavo	kreozotov	močni	Očividno je močni kreozotov duh prekašal vsako drugo vonjavo .
abc31	dišala	po kreozotu .		Doge soda in kolo samokolnice , vse je bilo prepojeno s temno tekočino in vsa okolica je dišala po kreozotu .
abc31	duh		živahni	Kajti znano mi je bilo le predobro , kakšna muka je bila za njegov živahni duh , da je bil takorekoč prisiljen čakati in mirovati .
abc31	smrad	retorte|sopare		Razgreval je retorte in destiliral sopare in naposled provzročil tak smrad , da sem šel iz sobe .
abc31	dišečim		posebno prijetno	Še proti jutru sem slišal , kako se je ukvarjal s svojimi pripravami in steklenicami ; gotovo je imel opraviti še vedno s tistim posebno prijetno dišečim poskusom .
abc32	vonj|puhtel		omamni	Kmalu se je raztočil pod šotorom omamni vonj , ki je puhtel iz obleke kraljice Hunov .
abc32	vonj	Huna		"""" Huna je zamamil vonj — skrčil je iztegnjeno roko in jo ovil Alanki krog vrata .
abc32	smrad|gniloba			Čudno bi se zgodilo , če bi se enkrat pretrgala nebeška odeja , ves smrad in gniloba bi se dvignila v svetovje in bilo bi konec vsega .
abc32	duh		močan	Baraga je bil močan duh , utrjen v neprestani molitvi .
abc32	duhtečim	gorskim rožam		Zato je pa naš oče san Romoaldo hrepenel po skalnatih višinah in je bežal iz težke megle in od lenih rek v čisti zrak nebotičnih gora k mrzlim studencem in duhtečim gorskim rožam v ponižnem grmičevju .
abc32	dišečim	oljem		Največ je bil Pompejan tudi doma pod milim nebom , sicer se je izprehajal po foru , se pogovarjal „ o politiki """" , ki se je sukala večinoma okoli občinskih zadev , šel v gimnazij in v kopališče , da se okoplje , okrepi in si ude namaže z dišečim oljem , potem je krenil v gledišče .
abc33	dih	oceana		Pred gradom , v daljavi ene milje , se je nagibalo skalovito bregovje dol k morju ; in dih oceana je vel dan in noč mogočno semkaj tako da so se pripogibala visoka drevesa in vzdihovala , veternice na strehi stokale in jelo javkati celo častitljivo poslopje , ker je pihal veter skozi razrite strešnike , skozi brezdanje kamine in ubita okna .
abc33	duhteli		žlahtno	Prišel je večer : sedla sva k večerji pred velikim ognjem v visokem kaminu , kjer se je med dvema jerebicama , ki sta žlahtno duhteli , pekel zadnji konec zajca .
abc33	duh	pečene krvave klobase	dušljiv|masten	Pusto , od umazanosti bleščečo se izbo z njenimi črvivimi , od starosti začrnelimi j tramovi je napolnjeval vso dušljiv , masten duh pečene krvave klobase .
abc33	duh	pečene krvave klobase	dušljiv|masten	Pusto , od umazanosti bleščečo se izbo z njenimi črvivimi , od starosti začrnelimi j tramovi je napolnjeval vso dušljiv , masten duh pečene krvave klobase .
abc34	duh|duh|duh	Radiške fare .	pravi|starodavni	Želeti bi le bilo , da se še tisti odpadniki društva , ki so nekdaj samo po zaslepljenosti in zapeljivosti nekaterih nezadovoljnežev izstopili , vrnejo v tabor našega društva , da bo tako po celi fari vel le en duh krščanskega in slovenskega mišljenja , ki je duh naših očetov , pravi , starodavni duh Radiške fare .
abc34	duh|duh|duh	Radiške fare .	pravi|starodavni	Želeti bi le bilo , da se še tisti odpadniki društva , ki so nekdaj samo po zaslepljenosti in zapeljivosti nekaterih nezadovoljnežev izstopili , vrnejo v tabor našega društva , da bo tako po celi fari vel le en duh krščanskega in slovenskega mišljenja , ki je duh naših očetov , pravi , starodavni duh Radiške fare .
abc35	dišalo|ne diši	^ iniimiailo		To , kar ga je diames z ^ iniimiailo ali mu dišalo , to mu ne diši vuič jutri .
abc36	smrdi|smradu|duh|okus	blato	neprijeten	To blato smrdi in tega smradu se ve6 ali manj na \ zame vse žito , in tudi moka iz tega žita ima neprijeten duh in okus .
abc36	smrdi|smradu|duh|okus	blato	neprijeten	To blato smrdi in tega smradu se ve6 ali manj na \ zame vse žito , in tudi moka iz tega žita ima neprijeten duh in okus .
abc37	ne diši		preveč dobro	( Naša kandidatura v okolici ) ne diši preveč dobro našim narodnjakom in že nas obsipavajo z različnimi priimki in imeni .
abc37	dišečega	vijoličnega|vrtničnega|lilijno|mlečnega|breskvinega cveta	rožno	Ugodna prilika za uakup radi stečaja neke velike tovarne samo 3 goldinarje itane poštni zabojček 5 kilogramov celotne teže ( približno 60 — 60 komadov ) pri stiskanju malo poškodovanega , lepo zvrščenega , rožno dišečega 25 24 toaletnega mila 6 ronja vijoličnega , vrtničnega , osojničnega , solnčničnega , špajkinega , lilijno - mlečnega , šmarničnega , breskvinega cveta i .
abc37	dišečega	vijoličnega|vrtničnega|lilijno|mlečnega|breskvinega cveta	rožno	Ugodna prilika za uakup radi stečaja neke velike tovarne samo 3 goldinarje itane poštni zabojček 5 kilogramov celotne teže ( približno 60 — 60 komadov ) pri stiskanju malo poškodovanega , lepo zvrščenega , rožno dišečega 25 24 toaletnega mila 6 ronja vijoličnega , vrtničnega , osojničnega , solnčničnega , špajkinega , lilijno - mlečnega , šmarničnega , breskvinega cveta i .
abc37	duh|duh			Ni li bil sam tudi duh ? Kaj ni bil duhovnik v njem že umorjen ? Kakor duh iz grobnice se mu je prikazal prejšnji gospo - jinski župnik , gledajoč ga s suhimi očmi , pa je položil prst na usta , kakor da mu hoče pritisniti goreč pečat na ustnice .
abc38	brez duha	perilo		Da snežno belo in popolno brez duha perilo in izrtdno varuje platenino .
abc38	aroma|okusa	sveže žgana kava	izvrstna kakovost|najboljši|krepkega	Električni obrat , tedaj večkrat na dan sveže žgana kava ; izvrstna kakovost , najboljši aroma , krepkega okusa .
abc38	aroma|okusa	sveže žgana kava	izvrstna kakovost|najboljši|krepkega	Električni obrat , tedaj večkrat na dan sveže žgana kava ; izvrstna kakovost , najboljši aroma , krepkega okusa .
abc39	diši		bolje	Odkar jo naš Jaroušek uživa , veliko rajši papa , ter mu vse bolje diši in kar je glavno — redi se .
abc40	dišeče	smodke		Naj bol ja vina in dišeče smodke so pri meni na razpolago .
abc41	zaduhati	gazolina		gazolina , kajti že znani č if u t ski prorok je dejal : 14 Vojno bode lahko zaduhati od daleč in potem bodo vsi narodi kričali ' ' O my ! """" Motorman lui je tudi povedal resna dejstva o Hon .
abc41	zaduhal|smrad		neprijeten	Ko je pri kuhinji neke stranke zaduhal neprijeten smrad , je hotel iti v kuhinjo , a je bila zaklenjena .
abc43	diše	hrope		Ali je že konec ? Nikakor , otrok še diše in hrope .
abc43	duhati	Ciganka		Ciganka jima da po - duhati naiprej nek robec , vsled česar kmalu pa - deta r omotico , ker je bilo v robcu neko mamilo .
abc44	dišati	po krapih .		Ko sva se s sestro bližali naši hiši , je res začelo dišati po krapih .
abc44	duh|duh			Oh , ta duh , ta duh ! „ Svoj vrtec preljubi prav rada imam “ , tako jaz pojem večkrat na vrtcu .
abc44	duhteli	zvončki	lepo	Najprej so mi začeli cveteti zvončki , ki so tako lepo duhteli , čašice so pa obešali proti zemlji .
abc44	duhteli	zvončki	lepo	Najprej so mi začeli cveteti zvončki , ki so tako lepo duhteli , čašice so pa obešali proti zemlji .
abc44	duhti		silno lepo	Iz njih si včasi naredim šopek , ki silno lepo duhti .
abc44	dišijo|dišijo	Vijolice	lepo|najlepše	Joj , kako lepo dišijo ! Vijolice Pač najlepše dišijo .
abc44	dišijo|dišijo	Vijolice	lepo|najlepše	Joj , kako lepo dišijo ! Vijolice Pač najlepše dišijo .
abc44	smrdljive	brine		Okoli čremse sva nadevala drena , ive in smrdljive brine .
abc44	duh		prijeten	Pod drevjem pa vlada nepopisno prijeten duh .
abc44	duh	cvetočih dreves .		Ta duh prihaja od cvetočih dreves .
abc44	dehtečim	marelici|cvetjem	belim	Na vrtu imamo tudi dve marelici , ki sta zdaj posuti z belim dehtečim cvetjem , kakor nebo v jasnem večeru z zvezdami .
abc44	dehtečim	marelici|cvetjem	belim	Na vrtu imamo tudi dve marelici , ki sta zdaj posuti z belim dehtečim cvetjem , kakor nebo v jasnem večeru z zvezdami .
abc44	dišeče	lilije		Naše dišeče lilije .
abc44	dišeče	lilije		Naše dišeče lilije .
abc44	Dehteče	lilije		Oh , kako prijetno je sedaj na našem vrtu ! Dehteče lilije so tam razvile svoj nežnobeli cvet .
abc44	dišečih	cvetlic		V našem vrtu imamo pet grmov teh dišečih cvetlic .
abc44	dehtečim	cvetjem	nedolžnim	Prelepo te vabijo na vrt s svojim nedolžnim in dehtečim cvetjem .
abc44	dehtečim	cvetjem	nedolžnim	Prelepo te vabijo na vrt s svojim nedolžnim in dehtečim cvetjem .
abc44	diše	Zvončki	zelo lepo	Zvončki zelo lepo diše .
abc44	diše	Zvončki	zelo lepo	Zvončki zelo lepo diše .
abc44	duhtečih	vijolic|zvončkov		Ob potu že najdemo tuintam kako trobentico , v grmovju duhtečih vijolic in pa cele šopke samih zvončkov .
abc44	duhteče	šmarnice		One krasno duhteče šmarnice tam za plotom so že tudi zacvele .
abc44	dišeči	grmovje|„ calycanthus “|grm|„ forsitya “|„ dentzia “|„ mag - nolia “		Za plotom raste razno grmovje , kakor „ calycanthus “ ali dišeči grm , „ forsitya “ , „ dentzia “ , „ mag - nolia “ itd .
abc44	Dišeči|dišečim	grm|cvetjem	čudovito	Dišeči grm posebno vabi prišleca , ne s svojo lepoto , ampak s svojim čudovito dišečim cvetjem k sebi .
abc44	Dišeči|dišečim	grm|cvetjem	čudovito	Dišeči grm posebno vabi prišleca , ne s svojo lepoto , ampak s svojim čudovito dišečim cvetjem k sebi .
abc44	diši	„ Calycanthus “|cvet|lub		„ Calycanthus “ je čudna rastlina , ker ne diši samo njen cvet , ampak tudi lub , les in korenine .
abc44	smrdečim|smrdel	plin		Pod smrdečim mehurjem — smrdel je namreč plin — pa nisem bil sam , ampak imel sem tam tudi tovariše .
abc44	dišiš		lepo	Zvonček : „ Ne , ne ! “ Anzek : „ Da , hej kak ’ lepo dišiš ! “ ( ? , 3 .
abc44	duhtečih	cvetk|vijolice|iskrice|hrušice		Ob potu , po katerem smo zdaj hodili , je rastlo mnogo duhtečih cvetk , kakor : vijolice , iskrice , hrušice itd .
abc44	dišeče	lilije		Naše dišeče lilije , 2 .
abc45	duh		germanski	iz jeseniškega tovarniškega podjetja se širi germanski duh po celi Gorenjski in ni ga večjega kraja na Gorenjskem okoli Radovljice , da bi ga ne obvejaia sapa od drznih perut germanskega orla .
abc45	dišeča	» Umgangssprache «|slovenska pisava	slaba	Mož se je skril , kakor je sedaj moderno , za anonimnost , ali okoljščiua in pa slaba , po nemški » Umgangssprache « dišeča slovenska pisava so ga izdale .
abc45	dišeča	» Umgangssprache «|slovenska pisava	slaba	Mož se je skril , kakor je sedaj moderno , za anonimnost , ali okoljščiua in pa slaba , po nemški » Umgangssprache « dišeča slovenska pisava so ga izdale .
abc47	zaduhal	tabakov dim		Čez nekaj časa sem že zaduhal tabakov dim , so že kadili — pa ne moje svalčice .
abc47	duha nimajo		Izvrstno	„ Izvrstno ! Niti duha nimajo , da sva poštena Kranjca .
abc47	dehteča	svila	mehka	MITJA : PO PRVEM DEJANJU Podprla si je glavo z obema rokama , tako da so ji gosti črni lasje zakrili prste kakor mehka , dehteča svila .
abc47	dehteča	svila	mehka	MITJA : PO PRVEM DEJANJU Podprla si je glavo z obema rokama , tako da so ji gosti črni lasje zakrili prste kakor mehka , dehteča svila .
abc47	duh|duh			Po nečem je bil duh zunaj in je prihajal skozi odprto okno tudi v sobo ; tisti duh , ki veje jeseni z uvelega listja , ki leže na dušo v čudno tajinstveno tesnobo , da je človek žalosten in sam ne ve prav , zakaj .
abc47	dišava	za pecivo		Buhtln * dišava za pecivo , steklenica ' It kg - .
abc48	duha		istega	Pri svojem navdušenju za duhovnika v Šmartnem je pa pozabil povedati , da bi moral biti duhovnik istega duha , kakor je on , ki mu stanovanje ponuja .
abc48	dišalo	žensko meso		v » Gorenjcu « , da je starosta sokolov v Železnikih dobil o polnoči železniškega župnika pod oknom in da mu je dišalo žensko meso in da se ima župnik le velikodušnosti staroste zahvaliti , da ni dobil par gorkih preko ušes .
abc48	okus	» Scottova emulzija «|ribjega olja	prijeten	Izvrstno krepilno sredstvo je » Scottova emulzija « , napravljena iz ribjega olja , ki pa ima vendar prijeten okus in jo zamore tudi slaboten želodec prebaviti .
abc48	okus	» Scottova emulzija «|ribjega olja	prijeten	Izvrstno krepilno sredstvo je » Scottova emulzija « , napravljena iz ribjega olja , ki pa ima vendar prijeten okus in jo zamore tudi slaboten želodec prebaviti .
abc49	duh	Meso	poseben	Meso ima nek poseben duh , pa če človek prejaha nekoliko milj ali izpodkoplje nekoliko sto čevljev lesa , tekne izvrstno .
abc49	duh	Meso	poseben	Meso ima nek poseben duh , pa če človek prejaha nekoliko milj ali izpodkoplje nekoliko sto čevljev lesa , tekne izvrstno .
abc50	smrad	razlitega vina|tobakovega dima	Neznosen	Neznosen ji je postal smrad razlitega vina in tobakovega dima .
abc50	smrad	razlitega vina|tobakovega dima	Neznosen	Neznosen ji je postal smrad razlitega vina in tobakovega dima .
abc50	gnilo	grozdje		Ljudje so bili prisiljeni k trgatvi , ker je grozdje vsled vednega deževja gnilo .
abc50	duha|smrdijo			Kadar so posode na naveden način osnažene , potem se jih postavi narobe , da se odtečejo , na kar se morajo na zračnem in vsakega duha prostem kraju prezračiti , ker smrdijo sicer po plesnjobi .
abc50	duh ali aroma			Pri bonitiranju ali razsojevanju teh kobuljDO kakovosti moramo gledati : a ) na njeno obliko , b ) na njeno dolgost , c ) na njeno rast , č ) na njene dele ( vreteno z ovinki , listi , lupulin , plod oziroma zrna ) , d ) na njen duh ali aroma , e ) gledati je konečno tudi na to , ali so se kobule pravilno obrale , posušile in sortirale .
abc50	duh	hmelja		Največjega pomena pri bonitiranju hmelja je duh ali aroma .
abc50	duh|duh	Fini hmelj|hmeljski|vrste hmelja|po travi|po sadju|po jagodah|po česnu|čebulu	pravi	Fini hmelj ima pravi hmeljski duh ; slabše vrste hmelja imajo duh ali po travi , po sadju , po jagodah , po česnu ali čebulu .
abc50	duh|duh	Fini hmelj|hmeljski|vrste hmelja|po travi|po sadju|po jagodah|po česnu|čebulu	pravi	Fini hmelj ima pravi hmeljski duh ; slabše vrste hmelja imajo duh ali po travi , po sadju , po jagodah , po česnu ali čebulu .
abc50	smrdi|duh	Lupulin starega hmelja|po pokvarjenem siru		Lupulin starega hmelja smrdi in ima duh po pokvarjenem siru .
abc50	vohati	hrano		Ono začne dano mu hrano vohati in lizati in se navadi kmalu , da jo začne počasi žvečiti in jesti .
abc52	dišati	po krapih .		Ko sva se s sestro bližali naši hiši , je res začelo dišati po krapih .
abc52	duh|duh			Oh , ta duh , ta duh ! „ Svoj vrtec preljubi prav rada imam “ , tako jaz pojem večkrat na vrtcu .
abc52	duhteli	zvončki	lepo	Najprej so mi začeli cveteti zvončki , ki so tako lepo duhteli , čašice so pa obešali proti zemlji .
abc52	duhteli	zvončki	lepo	Najprej so mi začeli cveteti zvončki , ki so tako lepo duhteli , čašice so pa obešali proti zemlji .
abc52	duhti		silno lepo	Iz njih si včasi naredim šopek , ki silno lepo duhti .
abc52	dišijo|dišijo	Vijolice	lepo|najlepše	Joj , kako lepo dišijo ! Vijolice Pač najlepše dišijo .
abc52	dišijo|dišijo	Vijolice	lepo|najlepše	Joj , kako lepo dišijo ! Vijolice Pač najlepše dišijo .
abc52	smrdljive	brine		Okoli čremse sva nadevala drena , ive in smrdljive brine .
abc52	duh		prijeten	Pod drevjem pa vlada nepopisno prijeten duh .
abc52	duh	cvetočih dreves .		Ta duh prihaja od cvetočih dreves .
abc52	dehtečim	marelici|cvetjem	belim	Na vrtu imamo tudi dve marelici , ki sta zdaj posuti z belim dehtečim cvetjem , kakor nebo v jasnem večeru z zvezdami .
abc52	dehtečim	marelici|cvetjem	belim	Na vrtu imamo tudi dve marelici , ki sta zdaj posuti z belim dehtečim cvetjem , kakor nebo v jasnem večeru z zvezdami .
abc52	dišeče	lilije		Naše dišeče lilije .
abc52	dišeče	lilije		Naše dišeče lilije .
abc52	Dehteče	lilije		Oh , kako prijetno je sedaj na našem vrtu ! Dehteče lilije so tam razvile svoj nežnobeli cvet .
abc52	dišečih	cvetlic		V našem vrtu imamo pet grmov teh dišečih cvetlic .
abc52	dehtečim	cvetjem	nedolžnim	Prelepo te vabijo na vrt s svojim nedolžnim in dehtečim cvetjem .
abc52	dehtečim	cvetjem	nedolžnim	Prelepo te vabijo na vrt s svojim nedolžnim in dehtečim cvetjem .
abc52	diše	Zvončki	zelo lepo	Zvončki zelo lepo diše .
abc52	diše	Zvončki	zelo lepo	Zvončki zelo lepo diše .
abc52	duhtečih	vijolic|zvončkov		Ob potu že najdemo tuintam kako trobentico , v grmovju duhtečih vijolic in pa cele šopke samih zvončkov .
abc52	duhteče	šmarnice		One krasno duhteče šmarnice tam za plotom so že tudi zacvele .
abc52	dišeči	grmovje|„ calycanthus “|grm|„ forsitya “|„ dentzia “|„ mag - nolia “		Za plotom raste razno grmovje , kakor „ calycanthus “ ali dišeči grm , „ forsitya “ , „ dentzia “ , „ mag - nolia “ itd .
abc52	Dišeči|dišečim	grm|cvetjem	čudovito	Dišeči grm posebno vabi prišleca , ne s svojo lepoto , ampak s svojim čudovito dišečim cvetjem k sebi .
abc52	Dišeči|dišečim	grm|cvetjem	čudovito	Dišeči grm posebno vabi prišleca , ne s svojo lepoto , ampak s svojim čudovito dišečim cvetjem k sebi .
abc52	diši	„ Calycanthus “|cvet|lub		„ Calycanthus “ je čudna rastlina , ker ne diši samo njen cvet , ampak tudi lub , les in korenine .
abc52	smrdečim|smrdel	plin		Pod smrdečim mehurjem — smrdel je namreč plin — pa nisem bil sam , ampak imel sem tam tudi tovariše .
abc52	dišiš		lepo	Zvonček : „ Ne , ne ! “ Anzek : „ Da , hej kak ’ lepo dišiš ! “ ( ? , 3 .
abc52	duhtečih	cvetk|vijolice|iskrice|hrušice		Ob potu , po katerem smo zdaj hodili , je rastlo mnogo duhtečih cvetk , kakor : vijolice , iskrice , hrušice itd .
abc52	dišeče	lilije		Naše dišeče lilije , 2 .
abc55	vzduhi	vodi|zraku		Da se truplo redno in mirno razkraja , je treba predvsem pripravne zemlje , ker sicer traja proces več deset letij , poleg tega se pa razširjajo razkrajalne sestavine in vzduhi po vodi in zraku .
abc55	duh	duha		Pozdravljam te , gospod moje duše , duh mojega duha .
abc57	smrdi	Zrak|po svincu|smodniku		Diplomat je - na vseh straneh dr • ajo noč in dan , da pride do icake obrrvuave , pa je vse zaman Zrak v Kvropi smrdi po svincu iu smodniku , in položaj je prišel tako daleč , da eden se mora umakniti , ah pa bo """" narodna čast """" razžaljena .
abc58	Ne diši			Ne diši jim , da je češka krŠČansko - soci - alna stranka pritegnila v svo | e vrste mnogo oseb iz priprostega ljudstva .
abc58	smrdel|duhovih	tobak|po tobaku		Nekdo je kupil v tobakarni paket za 44 h in ko je začel kaditi , mu je prišlo slabo , ker tobak je bil plesnjiv in je smrdel bo različnih duhovih , samo po tobaku ne .
abc58	duhtel	Šnops		Notri je sedel pijan mož , iz katerega je duhtel Šnops , iz žepa mu je gledal iz enega „ Narodni List """" in iz enega pa „ Stajerc .
abc58	duh		hudi	Po vsej sili zahtevata , da se jima dopisnik z imenom jajvi , ter sta izdala povelje , da se ima jima takoj prikazati , kakor hudi duh iz : „ Fausta .
abc58	nima duha			Priznano najzanesljivejše desinfekcijsko sredstvo sedajnosti je : ki nima duha , je nenevarno in ceno se dobi v vsaki lekarni in drožeriji v originalnih steklenicah po 80 vinarjev .
abc58	duhtečega	milo	finega	je fino , prijetno toaletno milo s vsebino Lysoforma in vpliva antiseptično ! Lysoform - milo je vporabljivo za najobčutnejšo kožo , celo za deco ; olepša teint , ga napravi duhtečega in finega .
abc58	duhtečega	milo	finega	je fino , prijetno toaletno milo s vsebino Lysoforma in vpliva antiseptično ! Lysoform - milo je vporabljivo za najobčutnejšo kožo , celo za deco ; olepša teint , ga napravi duhtečega in finega .
abc58	duh		neprijeten	Hitro in gotovo odstrani neprijeten duh iz ust in konzervira zobe .
abc59	smrdi	riba		ne , Ljudska posojilnica tudi ne ! Dotični je potrkal tudi pri nekem odvetniku ( Klici : Pegan ! ) , ta pa ga je zavrnil z grožnjo : » Če nisi tiho , te damo še tapreti ! « Končno sta plačala vendar oba Hansa , toda gotovo ne iz svojega ; plačala sta potom nakaznice na človeka , ki je poklican varovati moralo , — skratka — riba smrdi pri glavi .
abc59	zelišča	cve		I Ndibći so In no ] cine ! $ B postrežbo I sa drogve , kemikalije , zelišča cve - * * tja , korenine itd .
abc59	dišave	mila		osine vede In sobni prasak , ribje olie , redllne in posipalne moke za otroka , dišave , mila in sploh vse toaletne predmete , fotografitne aparate in potrebščine Urnrelcna obvezila vsake vrste , sredstva sa desinf ekciio , vosek Ia paste sa tU itd .
abc59	duha|okusa	francoskega žganja Diana	prijetnega	Vsled prijetnega duha in okusa francoskega žganja Diana ter njegovih razkužujoČih lastnosti je to izborna voda za zobe in grgranje .
abc59	duha|okusa	francoskega žganja Diana	prijetnega	Vsled prijetnega duha in okusa francoskega žganja Diana ter njegovih razkužujoČih lastnosti je to izborna voda za zobe in grgranje .
abc59	Vonja	francosko žganje Diana	prijetnega	Vonja je prijetnega in je francosko žganje Diana zaradi tega izvrstno primerno za osveženje zraka v sobi .
abc59	Vonja	francosko žganje Diana	prijetnega	Vonja je prijetnega in je francosko žganje Diana zaradi tega izvrstno primerno za osveženje zraka v sobi .
abc60	smrdi	Gnojnica		Gnojnica , ki se izliva potom v , Jutra “ iz „ Učiteljske tiskarne “ , smrdi do neba .
abc61	diši|aromatično		prijetno	Ker vpliva hitro in gotovo , ker se zamore brez škode od vsakogar rabiti , ker diši prijetno aromatično , ker ne škoduje kozi kakor druga desinfekcijska sredstva , ker je pa tudi jako ceno , priporočajo to sredstvo večidel zdravniki in se rabi radevoljno v vsaki hiši .
abc61	duh|dišeči	znoj|aroman	slabi	Napravite poiskus I Zapomnite , da ■ Lysolbrm « slabi duh in znoj takoj in gotovo odstrani I Izvrstno desinfekcijsko sredstvo za vsako dnevno rabo za usta in zobe je aroman - tirrm ju rini ) dišeči „ PFEFFERMINZ - LYSOFORM """" ' v steklenicah a K 1 ' 60 .
abc61	duh|dišeči	znoj|aroman	slabi	Napravite poiskus I Zapomnite , da ■ Lysolbrm « slabi duh in znoj takoj in gotovo odstrani I Izvrstno desinfekcijsko sredstvo za vsako dnevno rabo za usta in zobe je aroman - tirrm ju rini ) dišeči „ PFEFFERMINZ - LYSOFORM """" ' v steklenicah a K 1 ' 60 .
abc61	okus|duh		slabi	Konzervira zobe , daje ustam prijetni okus in odstrani hitro ter zanesljivo slabi duh izust .
abc62	duhteč	pomladni zrak		v New Yor - da je mnogo delavcev brez i duhteč pomladni zrak boža m in zaslužka .
abc64	zaduhel|smrad	zrak|zrak|po skvarjenem jesihu|po repi|kislem zelju i .	prhloba|plesnivost|mrzel|soparen|presuh	Ako začutiš pri prihodu v klet , zaduhel z mokroto prepojen zrak , prhloba in plesnivost , mrzel ali soparen ali presuh zrak , ali smrad po skvarjenem jesihu ali po repi ali kislem zelju i .
abc64	zaduhel|smrad	zrak|zrak|po skvarjenem jesihu|po repi|kislem zelju i .	prhloba|plesnivost|mrzel|soparen|presuh	Ako začutiš pri prihodu v klet , zaduhel z mokroto prepojen zrak , prhloba in plesnivost , mrzel ali soparen ali presuh zrak , ali smrad po skvarjenem jesihu ali po repi ali kislem zelju i .
abc64	duha|smrdeči	Surov lizoform|surov lizoform|karbol ali kreolin .	strupen|neprijetnega|neverjetno	Surov lizoform je med vsemi do sedaj znanimi razkuževalnimi sredstvi najzanesljivejše , najzdatnejše in radi tega tudi najcenejše sredstvo ; razen tega se sme dati vsakemu v roke , ker ni strupen in kar je velike važnosti je to , da surov lizoform nima nikakšnega neprijetnega duha in je radi tega uporaba za ljudi in živino mnogo prijetnejša , nego neverjetno smrdeči karbol ali kreolin .
abc64	duha|smrdeči	Surov lizoform|surov lizoform|karbol ali kreolin .	strupen|neprijetnega|neverjetno	Surov lizoform je med vsemi do sedaj znanimi razkuževalnimi sredstvi najzanesljivejše , najzdatnejše in radi tega tudi najcenejše sredstvo ; razen tega se sme dati vsakemu v roke , ker ni strupen in kar je velike važnosti je to , da surov lizoform nima nikakšnega neprijetnega duha in je radi tega uporaba za ljudi in živino mnogo prijetnejša , nego neverjetno smrdeči karbol ali kreolin .
abc65	okus		kisel|rezek	Prvi čas po kipenju ima sicer vino navidez še bolj kisel ( rezek ) okus ; ali ta okus prihaja od ogljikove kisline , kislega plina , ki se je med kipenjem razvil in se je vino z njim napojilo .
abc65	diši	vino|po žveplovem vodiku|gnilih jajcih		Pri pretakanju žveplajmo le vino , ki na zraku rjavi ali ki se vleče ( vlačljivih vin bo letos veliko ) , oziroma vino , ki diši po žveplovem vodiku ( gnilih jajcih ) ali ki ima kako drugo napako .
abc65	duh		prijetni|trpek	Poprašeno seno izgubi svoj prijetni duh , njegov okus je trpek in njegova kemijska sestava kaže znatno množino žveplene kisline , arzenove kisline in drugih škodljivih snovi .
abc66	ni dišalo	Mičelu		Mičelu ni dišalo na vrh .
abc67	smrdi		močno	Stvar močno smrdi po zlorabi uradne oblasti in mi poziv ljamo c .
abc67	dišeči		slabo	Romeo in Julija pa sta flirtala tuđi v slabo dišeči inegli dalje .
abc67	smrde	petje		da od daleč smrde in njih » petje « je tako , da človeka kar ščiplje .
abc69	dišeče	klobase		« » Kako daleč pa sta že ? « vpraša uradnik in nese precejšen kos dišeče klobase v usta .
abc70	vzduihu|vonj	po smrečju	prijeten	Po zelenečem drevju je pihala rahla sapica , , po vzduihu je plul prijeten vonj po smrečju , ki je rastlo nekoliko vi ¬ še , a v jarku je žuborela nagaji ¬ va vodica .
abc70	vzduihu|vonj	po smrečju	prijeten	Po zelenečem drevju je pihala rahla sapica , , po vzduihu je plul prijeten vonj po smrečju , ki je rastlo nekoliko vi ¬ še , a v jarku je žuborela nagaji ¬ va vodica .
abc70	dišave	pečenke|limonove lupinice	mešane	Zdaj zmešaj in dodaj še krožnik fino sesekane pečenke , ma ’ o soli , limonove lupinice in nožev vrh mešane dišave .
abc70	dišave	pečenke|limonove lupinice	mešane	Zdaj zmešaj in dodaj še krožnik fino sesekane pečenke , ma ’ o soli , limonove lupinice in nožev vrh mešane dišave .
abc70	dišave	juhe	paštetne	Dobro premešaj in prilij še - ali 2 žlici dobre juhe ter no ¬ žev vrh paštetne dišave .
abc70	dišave	juhe	paštetne	Dobro premešaj in prilij še - ali 2 žlici dobre juhe ter no ¬ žev vrh paštetne dišave .
abc71	dišeči	zeliščni esenc - fluid	prijetno	Nahod , zobobol , bolečine v ušesih , glavobol , nevralgije v obrazu , slabo spanje , ki je s tem v zvezi , in razne bolezni , ki nam pretijo vsled prehlajen j a in prepiha , pa moremo hitro od - praviti , če imamo doma Kellerjev prijetno dišeči zeliščni esenc - fluid z zn .
abc71	dišeči	zeliščni esenc - fluid	prijetno	Nahod , zobobol , bolečine v ušesih , glavobol , nevralgije v obrazu , slabo spanje , ki je s tem v zvezi , in razne bolezni , ki nam pretijo vsled prehlajen j a in prepiha , pa moremo hitro od - praviti , če imamo doma Kellerjev prijetno dišeči zeliščni esenc - fluid z zn .
abc72	diši	šole		« » Ako jo pa , zadeva nujna ? « » Bo že počakala , « se jo nasmehnil , » tepka , diši šole , če jo vložena .
abc73	gnila|smrdela	kri		Johanco so spoznali , ko je šla v ljubljansko klavnico kupit kri in zdaj se tudi ve , da je gnila kri od živali , katero si je Johanca devala na roke in noge , tako smrdela .
abc73	smrdljivo	živalsko krvjo		Saj menda župnik sam ni mogel verjeti v to sleparijo , toda najbrže je imel dobiček od teh predstav , ki jih je dajala Johanca s smrdljivo živalsko krvjo .
abc73	duha	Jurčetovega		— Oh , nismo se ne še vsi navzeli Jurčetovega duha .
abc73	okus	galice	trpek|trd|zagaten	Ljudje so tam prepričani , da pri - haja trpek ( trd , zagaten ) okus od galice , s katero se trte škrope in se boje zastrup - ljenja .
abc73	okus	galice	trpek|trd|zagaten	Ljudje so tam prepričani , da pri - haja trpek ( trd , zagaten ) okus od galice , s katero se trte škrope in se boje zastrup - ljenja .
abc73	vonjavo	zrnate kave		In zakaj ? Ker » pravi : Franck """" poseduje blagovonjav okus , ki povzdiga vonjavo zrnate kave ter je pritem vendar najcenejši , ker je najizdatnejši kavin pridatek .
abc74	smrad|smrad	gnojnico		V teh dveh časnikih imaš vse polno dobrega berila , ako čes za dušni ali telesni blagor , torej na noge in primi mi v roke to , kar nam je v korist in pustimo smrad , da se ne okužimo na telesu in duši , ker v imenovanih časnikih , to je Glas Svobode , Narodni Vestnik in Clevelandska Amerika , ne na najdeš nič poštenega berila , vam nudijo samo gnojnico , smrad in kugo , torej rabi pamet ! Prosim , gospod urednik , potrpežljivosti iše nekoliko .
abc74	smrad	listič		Preberem dopis in pogodil sem , kakor sem prej mislil : listič smrad , dopisovalec lažcc .
abc74	dehteči	vinogradi		Ostrmi nam oko in plove tja do hrvaških in dalmatinskih hribov , do Kleka nad Ogulinom , do hrvaške ra - vani okolti Karlovca , proti Zagrebu , na vasi , cerkve , na desno in pod nami bregu zgoraj in spodaj dehteči vinogradi """" z belim koljem nasajeni , z zelenim svitom privezani , """" vinski hrami , zidanice , s cvetjem posute trate , sadja polna drevesa , vmes kak star grad : Knipa , Gradac , zelene šumice , šeničen klas .
abc74	dišeče	smodke	fino žganje	: SIoveuska Gostilna : : : vino domače in importirano , fino žganje in dišeče smodke .
abc74	dišeče	smodke	fino žganje	: SIoveuska Gostilna : : : vino domače in importirano , fino žganje in dišeče smodke .
abc75	vonj		rahla|lahka|lep	Dobra moka je rahla in lahka , ima lep vonj .
abc75	diši	Kruh	plesniv	Kruh , ki se vleče , ki je plesniv , ki diši po kislem — ni za uživanje .
abc75	diši	Kruh	plesniv	Kruh , ki se vleče , ki je plesniv , ki diši po kislem — ni za uživanje .
abc75	duh|duh		znani	Samo ta duh , ki udari človeku v obraz ! To je tisti znani duh , ki se dviga iz vojnih polj .
abc75	duh|duh		težak	To je duh po krvi , težak duh po krvi , katerega ni mogoče pozabiti , ako se ga je enkrat občutilo .
abc75	okus|vonjava	„ Enrila """"		Dobrota kavine pijače ne trpi pri tem nikakor , kajti okus in vonjava „ Enrila """" sta presenetljivo slična zrnati kavi .
abc76	dišalo		močno	Opustošen je bil dom , v prazni izbi je močno dišalo po smrti .
abc76	smrada	po vrelem žganju .		Izba se mu je zdela sila prostorna in visoka , posebno zato , ker ni bilo ne mize , ne stola v nji ; do stropa je bila polna žgočega , stlače - nega smrada po vrelem žganju .
abc76	ni dišalo			Moral bi pa poprej obiskovati dva ali tri tečaje pedagoški seminar v Gradcu , kar mu pa ni dišalo .
abc76	dehteči	trti .		In vendar - ko se smrtna toča zbira in žvižgajoča gola stebla pušča , žrtvuje na ognjišče zadnje veje , da prizanese Bog dehteči trti .
abc78	aromatično	ribfe olfe		rdBEelitne otioke 72 hoćete imeti ? Potem jim dajte uživati izbolj ^ ano , aromatično ribfe olfe iz lekarne pri zlatem orlu .
abc78	duh|vonj	ribje olje	zoperni	Vsak otrok uživa z lahkoto to ribje olje iz katerega je popolnoma odstranjen zoperni duh in vonj .
abc78	duh|vonj	ribje olje	zoperni	Vsak otrok uživa z lahkoto to ribje olje iz katerega je popolnoma odstranjen zoperni duh in vonj .
abc79	dehte	hermelinu|mali podlasici|dehorju		Ti li smem našteti par zgledov ? Ne govorim o levu , tigru , jaguarju , teh orjakih med mesarji , niti ne o palčkih med njimi : hermelinu ( veliki podlasici ) , mali podlasici in dehorju , ki dehte po krvi drugih živali .
abc79	diši	ribje meso		« Da je med živalstvom veliko ribičev , ki jim nad vse diši ribje meso , ti je znano ; med ribojedi se odlikujejo posebno vidra , vodomec , čaplja po naših , razni galebi , pelikani , tjulenji , pliskavice , morski psi po tujih krajih in morjih .
abc79	zavoha	kri		daleč zaostajajo za metodami naših divjih mesarjev ; kajti naša klavna živina se vznemiri že davno pred smrtjo , ker zavoha kri in ž njo svojo smrt , in mnogokrat naravnost pobesni .
abc79	dišečega	rododendrona	svežega	Ko pa pride dan miru , ko bomo romali na grobove junakov , tedaj obiščemo tudi tvoj grob in tedaj ti natrosimo mi na gomilo svežega , dišečega rododendrona in snežnobelih planik ! O tebi , nepozabni Štefan Kočevar ( rojen je bil leta 1893 .
abc79	dišečega	rododendrona	svežega	Ko pa pride dan miru , ko bomo romali na grobove junakov , tedaj obiščemo tudi tvoj grob in tedaj ti natrosimo mi na gomilo svežega , dišečega rododendrona in snežnobelih planik ! O tebi , nepozabni Štefan Kočevar ( rojen je bil leta 1893 .
abc80	dišave	sol		233 Kaj pomaga proti temu ? Kakor pospešujejo tek ( Appetit ) sol in dišave , tako učinkujejo » Kola - Tabletten « izpodbuduo in oživljajoče na živce .
abc80	brez duha			brez dvoma ki je brez duha , brez strupa in po c * ni ter se dobi v vsaki ' .
abc80	aromatičen	dub	jako	Ono naredi koti mehko in prožno ter nareja jako aromatičen dub .
abc80	aromatičen	dub	jako	Ono naredi koti mehko in prožno ter nareja jako aromatičen dub .
abc80	duh		slab	„ Pfefferminz = Lysoform """" je dobro učinkujoča , antiseptična ustna voda , ki slab duh iz m takoj in gotovo prežene , zobe obeli in ohrani .
abc81	duh	pečenke	prijeten	Prišedši v hišo , nas je pozdravil prijeten duh pečenke , na ražnjn pečene ; in iz """" keldra """" pa ječmenovec .
abc81	duh	pečenke	prijeten	Prišedši v hišo , nas je pozdravil prijeten duh pečenke , na ražnjn pečene ; in iz """" keldra """" pa ječmenovec .
abc81	dišeč duh puhtel	cvetlicami		Jožefa altar je bil tako lepo okrašen z raznimi cvetlicami , da je dišeč duh puhtel od njih po celi cerkvi .
abc81	dišečo	oljko		A nihče ni čutil te sladkosti in mehkobe ; zbal se je človek tistih Pečin in je legel raje globoko doli ob niorju pod dišečo oljko .
abc81	vonj|Vonj	oljčnega gaja	opojen|po sladkem	Pihljal je vetrec z neprezirne glasne , in z vetrecem je prihajal sem z vinogradov in iz oljčnega gaja opojen vonj — Vonj po sladkem , hrepenenja Polnem življenju solnčnega juga .
abc81	vonj|Vonj	oljčnega gaja	opojen|po sladkem	Pihljal je vetrec z neprezirne glasne , in z vetrecem je prihajal sem z vinogradov in iz oljčnega gaja opojen vonj — Vonj po sladkem , hrepenenja Polnem življenju solnčnega juga .
abc81	dehtečih	mirnih hrastov trsteniških		sladkih goric kontoveljskih , preko sPečih oljk in borovcev barkovljan - S • do mirnih hrastov trsteniških — Preko dehtečih , sanjajočih vinogradov Je razlilo mehko koprnenje .
abc81	vonj		opojen|sladek	Črički so prepevali glasneje , in opojen , sladek vonj se je širil sirom oltrog .
abc81	vonj|vonj		Sladek	' Sladek vonj je prihajal iz noči — vonj ki jc hotel leči na dušo da uteši veliko , skelečo bol — bol , ki jo nesejo ti ljudje v široki svet .
abc81	dišeče	Louis pivo|vino|žganje|smodke		Louis pivo , domače vino in žganje ter dišeče smodke .
abc81	dišeče	smodke	fino	vino domače in importirano , fino žganje in dišeče smodke .
abc81	dišeče	smodke	fino	vino domače in importirano , fino žganje in dišeče smodke .
abc81	vonj	cvetočega vrta	opojni	Ves opojni vonj cvetočega vrta je silil v njo ter jo vezal z zemljo in njenimi lepotami .
abc81	vonj	cvetočega vrta	opojni	Ves opojni vonj cvetočega vrta je silil v njo ter jo vezal z zemljo in njenimi lepotami .
abc82	dehte	hermelinu|mali podlasici|dehorju		Ti li smem našteti par zgledov ? Ne govorim o levu , tigru , jaguarju , teh orjakih med mesarji , niti ne o palčkih med njimi : hermelinu ( veliki podlasici ) , mali podlasici in dehorju , ki dehte po krvi drugih živali .
abc82	diši	ribje meso		« Da je med živalstvom veliko ribičev , ki jim nad vse diši ribje meso , ti je znano ; med ribojedi se odlikujejo posebno vidra , vodomec , čaplja po naših , razni galebi , pelikani , tjulenji , pliskavice , morski psi po tujih krajih in morjih .
abc82	zavoha	kri		daleč zaostajajo za metodami naših divjih mesarjev ; kajti naša klavna živina se vznemiri že davno pred smrtjo , ker zavoha kri in ž njo svojo smrt , in mnogokrat naravnost pobesni .
abc82	dišečega	rododendrona	svežega	Ko pa pride dan miru , ko bomo romali na grobove junakov , tedaj obiščemo tudi tvoj grob in tedaj ti natrosimo mi na gomilo svežega , dišečega rododendrona in snežnobelih planik ! O tebi , nepozabni Štefan Kočevar ( rojen je bil leta 1893 .
abc82	dišečega	rododendrona	svežega	Ko pa pride dan miru , ko bomo romali na grobove junakov , tedaj obiščemo tudi tvoj grob in tedaj ti natrosimo mi na gomilo svežega , dišečega rododendrona in snežnobelih planik ! O tebi , nepozabni Štefan Kočevar ( rojen je bil leta 1893 .
abc83	vzduha		samostanskega	Objela jo je sveta groza samostanskega vzduha in si je zastavljala natihem vprašanja : ali spijo na slami ali na golem podu ; ali se hudo bičajo ; ali jim ni nič hudo po svetu , po polju , po gorah , po domu ? Veliko jih je skupaj , drug drugemu so v pomoč , je zaključila .
abc83	vzduha		pozabljenega gorskega	Nekaj pozabljenega gorskega vzduha je bila prinesla Mina seboj .
abc83	vonju	geranij|resede	mogočnih	V beli , svetli celici s posteljo , mizo , dvema stoloma in klečalnikom , v vonju geranij in resede in mogočnih , v usnje vezanih florilegijev , je sedel ob mizi mlad , visok deček s polo papirja pred seboj , peresom v roki in sanjavo otožnostjo v očeh .
abc83	vonju	geranij|resede	mogočnih	V beli , svetli celici s posteljo , mizo , dvema stoloma in klečalnikom , v vonju geranij in resede in mogočnih , v usnje vezanih florilegijev , je sedel ob mizi mlad , visok deček s polo papirja pred seboj , peresom v roki in sanjavo otožnostjo v očeh .
abc83	vzduh		opojni poletni	Skozi odprto okno je vel kakor val opojni poletni vzduh , oddaljeno , mrmranju podobno šumenje mesta je udarjalo med šum kričavih vrabcev na samostanski strehi , med klic kuretnine na samostanskem vrtu , med drsajoče korake samostanskih bratov v dremotnih , hladnih hodnikih .
abc83	vonjavi	bukev|hrastov|temnih smrek		Sredi dremanja mrmra slepec : » Si li gotov ? « » Še ne ! « Oh , koprneti je lepo , koprneti tja v vonjavi hlad gozdov , bukev in hrastov in temnih smrek in v opojnost košenih senožeti , strmih drč , omotičnih , opolzkih .
abc83	vonj	Tem salonskim ali vžigalicam z imenom » Iris «|posebnega firneža ( bencoe )	prijeten	Tem salonskim ali vžigalicam z imenom » Iris « dajejo s pomočjo posebnega firneža ( bencoe ) celo prijeten vonj .
abc83	vonj	Tem salonskim ali vžigalicam z imenom » Iris «|posebnega firneža ( bencoe )	prijeten	Tem salonskim ali vžigalicam z imenom » Iris « dajejo s pomočjo posebnega firneža ( bencoe ) celo prijeten vonj .
abc83	vonj	žveplenega dvokisa	Znan|dobro dušeči	Znan ti je dobro dušeči vonj žveplenega dvokisa , gorečega S - a , ki tako škodljivo vpliva na pljuča in te v večji meri vdihan lahko zaduši .
abc83	vonj	žveplenega dvokisa	Znan|dobro dušeči	Znan ti je dobro dušeči vonj žveplenega dvokisa , gorečega S - a , ki tako škodljivo vpliva na pljuča in te v večji meri vdihan lahko zaduši .
abc83	duha		udobnega	xfi > v naptOptov — 2 centurio ( izposo - 1 ' udobnega duha .
abc83	vonj|dišalo|dišava	kadilo	prijeten|dragocena	1 In začutili smo tako prijeten vonj , kot da bi dišalo kadilo ali kaka druga dragocena dišava .
abc83	vonj|dišalo|dišava	kadilo	prijeten|dragocena	1 In začutili smo tako prijeten vonj , kot da bi dišalo kadilo ali kaka druga dragocena dišava .
abc84	vonj|puhtel|duhom			Bila je grozna aoparica , in vonj , ki je puhtel iz prepotenih človeških teles , se je spajal a duhom , ki je vstajal in razlitega vina in raznih jedil , v neznosen sinrad .
abc85	dišečih	travnikov	opojno	In tudi njegovo zdravo in močno telo je pričalo , da je dihal Izidor Rakar od avoje ure pu do tiategu dne , ko jc odšel v mesto , zrak zelenih gor iu opojno dišečih travnikov , ki ae prešerno razgrinjajo okrog Za - brdja , kjer sc razgledava preko ko drugih daleč po ravnini hiša župana Rakarja .
abc85	dišečih	travnikov	opojno	In tudi njegovo zdravo in močno telo je pričalo , da je dihal Izidor Rakar od avoje ure pu do tiategu dne , ko jc odšel v mesto , zrak zelenih gor iu opojno dišečih travnikov , ki ae prešerno razgrinjajo okrog Za - brdja , kjer sc razgledava preko ko drugih daleč po ravnini hiša župana Rakarja .
abc86	smrdi	po žvepleni kislini	silno	Ko se takšno jajce ubije , silno smrdi po žvepleni kislini , a vsebina ni več tekoča , temveč trda in nje barva kolisa med žoltosivo ln črno .
abc86	smrdi	po žvepleni kislini	silno	Ko se takšno jajce ubije , silno smrdi po žvepleni kislini , a vsebina ni več tekoča , temveč trda in nje barva kolisa med žoltosivo ln črno .
abc87	dišeče	kadenje	dobro	NIGGER HAIR je hladno , počasi goreče in dobro dišeče kadenje ter daje zadovoljivo žvečenje , ker je rezan v dolge , kodraste niti , ki so pou - zročile , da so mu dali stari kadilci to ime .
abc87	dišeče	kadenje	dobro	NIGGER HAIR je hladno , počasi goreče in dobro dišeče kadenje ter daje zadovoljivo žvečenje , ker je rezan v dolge , kodraste niti , ki so pou - zročile , da so mu dali stari kadilci to ime .
abc87	zelišč		grenkih	To je tudi vzrok , zakaj naj rabite samo TR1NERJEVO trillo vino - dl To nedosežno sredstvo je kombinacija grenkih zelišč , korenin in skorij © d velike zdravstvene vrednosti in čistega , povse dozorelega rdečega vina .
abc89	duh		slab	Sešli so se pa tudi gostje , od katerih » i je vsak rajši ukresal , nego bi prižigal papir ; s tem se jc navadno tudi onesnažila luč in napravil slab duh , posebno ako je bil .
abc89	duh		omračen	junija 1866 Nadaljni niz - v lad ar , čigar duh je omračen , je majhen nervozni jetnik nekje v centralni Turčiji — Abdul llatuid II .
abc89	zadišalo|zadišalo			ljubice , in ko sem je odprl , je vse zadišalo po tistih časih , po tistih nedolžnih poljubih , po sočnih travnikih , kjer sva se sprehajala , po kostanjevem gozdiču , , kjer sva sedela na klopi in se je stiskala k meni , ker so padale težke kaplje izza listja , tako da se je njena mokra bluza oprijemala roke ; zadišalo je po preteklosti , po mladosti , po tisti lepi zemlji tam na jugu ; nekoliko so se bile odpahnile duri , ljubesniva roka moje polpozablje - ne , za zmirom izgubljene ljubice jih jo odpahnila ; frm že so se odprle na stežaj in vse se je vračalo s uolnčno , veliko silo in kakor od pepela se je razsul in je padel pil mene mrliški prt in je padla od « mojih oči mrena , ki sem bil gledal skoznjo na temen svet .
abc90	duh		tišti	V čiankih in noticah se tu pojavlja tišti duh , ki je nesreča države .
abc90	smrad	jajca|lupine|črvov	strašen|polno	Očividci trdijo dalje , da so bila pokvarjena jajca in ne lupine , da je bil strašen smrad in polno črvov po lopinab .
abc90	smrad	jajca|lupine|črvov	strašen|polno	Očividci trdijo dalje , da so bila pokvarjena jajca in ne lupine , da je bil strašen smrad in polno črvov po lopinab .
abc91	vonj|dehtelo|puhtelo	tisočerih vrtnic	Sladki|prijetno|opojno	Sladki vonj tisočerih vrtnic je polnil večerno ozračje in iz senčnih kop je dehtelo in puhtelo in leglo na človeka tako prijetno - opojno .
abc91	vonj|dehtelo|puhtelo	tisočerih vrtnic	Sladki|prijetno|opojno	Sladki vonj tisočerih vrtnic je polnil večerno ozračje in iz senčnih kop je dehtelo in puhtelo in leglo na človeka tako prijetno - opojno .
abc91	duhteči	vinogradi		— Mirno so snivati briški kmetiči s svojimi seli in svojimi graščinicami , okoli katerih so duhteči vinogradi in bujni sadovnjaki razkošnega juga vili mehke vence , katere je božal kot ljubeča roka topel dih , ki je vel iz de ? ele solne ^ in petin .
abc92	zelišča	črve|polže|korenike	primerna	Drugače je , ako pasemo prašiče po bukovem gozdu , tedaj požrejo živali same toliko , kolikor jim ravno prija in ker si pri tem poiščejo tudi druge hrane , črve , polže , korenike in primerna zelišča , - jim tudi žir bolj hasne nego ob enostranski krmi .
abc92	zelišča	črve|polže|korenike	primerna	Drugače je , ako pasemo prašiče po bukovem gozdu , tedaj požrejo živali same toliko , kolikor jim ravno prija in ker si pri tem poiščejo tudi druge hrane , črve , polže , korenike in primerna zelišča , - jim tudi žir bolj hasne nego ob enostranski krmi .
abc92	začimbnih|aromatičnih	rastlin	zdravilnih	za pridelovanje in izrabljanje zdravilnih , začimbnih in aromatičnih rastlin , ter o dosedanjem delovanju te družbe .
abc92	začimbnih|aromatičnih	rastlin	zdravilnih	za pridelovanje in izrabljanje zdravilnih , začimbnih in aromatičnih rastlin , ter o dosedanjem delovanju te družbe .
abc92	zelišča	suho cvetje ( snh * rože )|lipovo cvetje		t L ubljani sa Martinovi ( Ahaeijeri ) cesti 10 po najvišjih cenah raznovrstna zelišča , suho cvetje ( snh * rože ) , lipovo cvetje , korenine , lubje In aemena .
abc92	okus|duh	po gnilobi|plesnivcu		okus ali duh , bodisi po gnilobi , plesnivcu , po sodu , grenkobi itd stane kg 7 K .
abc93	smrad|dušil	po katranu|ribah|zrak		Živahne ulice , smrad po katranu in ribah je dušil zrak .
abc93	duh	teme	maščevalni	In maščevalni duh teme v nestalnem toku naših dni 465 udari sčasoma hud6 , kdor po krivici srečen je .
abc93	duh	teme	maščevalni	In maščevalni duh teme v nestalnem toku naših dni 465 udari sčasoma hud6 , kdor po krivici srečen je .
abc93	diši	Pesem		Pesem , slika diši , ni stilizirana v blagoglasnem deklamatorskem patosu Gregorčičeve » Ob nevihti « in ima vendar čudo vit zanos .
abc93	duhteli|vonje	cvetovi	omamljive	Povsod je poganjalo novo popje , odpirali so se cvetovi in duhteli omamljive vonje .
abc93	duhteli|vonje	cvetovi	omamljive	Povsod je poganjalo novo popje , odpirali so se cvetovi in duhteli omamljive vonje .
abc93	duhtečim	cvetjem		Potem pa smo tavali v megli kakor Cankarjevi junaki in se smejali tistim , ki so stali med cvetjem , duhtečim in oblitim s solnčno lučjo .
abc95	smrad	gniloba		Njihov smrad se je širil , njihova gniloba se je hotela razpasti .
abc95	ne smrdi	po smodniku		Dovolj ! Mi imamo svojo lastno hrano — svojo kulturo , ki ne smrdi po smodniku in krivično preliti krvi , kakor kultura gotovih ljudi .
abc96	dehtečih	cvetju|poljan		Ves dan sem pri tebi , od zore do mraka , in tvoj blagoslov je nad mano ves dan , na delo se spušča , na delu počiva kot rosa na cvetju dehtečih poljan .
abc96	dišeči vonj	cveta	prelepo|čednosti|čistosti	Na tisoče in tisoče mladih deklet m fantov se je zbiralo dan na dan okoli le cvetke Marijine ter so iz njenega krasnega cveta srkali prelepo dišeči vonj čednosti in čistosti .
abc96	dišeči vonj	cveta	prelepo|čednosti|čistosti	Na tisoče in tisoče mladih deklet m fantov se je zbiralo dan na dan okoli le cvetke Marijine ter so iz njenega krasnega cveta srkali prelepo dišeči vonj čednosti in čistosti .
abc98	dehti		Opojen čar	Opojen čar mi dehti od njenih kril , iz njene bluze , od njenih las .
abc99	vonja|ne zaduha			ati sebe in svoje obleke , prav tako bo dobro vedel , da je kmetov nos že tako vajen takega vonja , da ga sploh ne zaduha .
abc99	ne duha|duhati			Ako ga kmet tudi rad ne duha , je vendar vesel , da ga more duhati , ker je njemu v korist ! Sicer pa je kmetijski strokovnjak že po svoji službi dolžan biti učitelj in svetovalec kmeta .
abc100	smrad|dušil	po katranu|ribah|zrak		Živahne ulice , smrad po katranu in ribah je dušil zrak .
abc100	duh	teme	maščevalni	In maščevalni duh teme v nestalnem toku naših dni 465 udari sčasoma hud6 , kdor po krivici srečen je .
abc100	duh	teme	maščevalni	In maščevalni duh teme v nestalnem toku naših dni 465 udari sčasoma hud6 , kdor po krivici srečen je .
abc100	diši	Pesem		Pesem , slika diši , ni stilizirana v blagoglasnem deklamatorskem patosu Gregorčičeve » Ob nevihti « in ima vendar čudo vit zanos .
abc100	duhteli|vonje	cvetovi	omamljive	Povsod je poganjalo novo popje , odpirali so se cvetovi in duhteli omamljive vonje .
abc100	duhteli|vonje	cvetovi	omamljive	Povsod je poganjalo novo popje , odpirali so se cvetovi in duhteli omamljive vonje .
abc100	duhtečim	cvetjem		Potem pa smo tavali v megli kakor Cankarjevi junaki in se smejali tistim , ki so stali med cvetjem , duhtečim in oblitim s solnčno lučjo .
