id	year	author	title	filename	link
1914__Nicolo Machiavelli__La mandragola - La Clizia - Belfagor.txt	1914				https://www.gutenberg.org/ebooks/
1869__Anton Giulio Barrili__Il Libro Nero.txt	1869	Anton Giulio Barrili	Il Libro Nero		https://www.gutenberg.org/ebooks/38082
1883__Enrico Panzacchi__Donne e poeti.txt	1883	Enrico Panzacchi	Donne e poeti		https://www.gutenberg.org/ebooks/45595
1885__Tommasina Guidi__Riconciliazione.txt	1885	Tommasina Guidi	Riconciliazione		https://www.gutenberg.org/ebooks/22505
1925__Federico De Roberto__Spasimo.txt	1925	Federico De Roberto	Spasimo		https://www.gutenberg.org/ebooks/27369
1869__Vittorio Bersezio__La plebe, parte I.txt	1869	Vittorio Bersezio	La plebe, parte I		https://www.gutenberg.org/ebooks/46723
1872__Edmondo De Amicis__Ricordi del 1870-71.txt	1872	Edmondo De Amicis	Ricordi del 1870-71		https://www.gutenberg.org/ebooks/42541
1720__Bernardo Dovizi da Bibbiena__La Calandria.txt	1720	Bernardo Dovizi da Bibbiena	La Calandria		https://www.gutenberg.org/ebooks/34642
1892__Luigi Capuana__Come l'onda....txt	1892	Luigi Capuana	Come l ' onda...		https://www.gutenberg.org/ebooks/
1909__Roberto Bracco__Uno degli onesti.txt	1909	Roberto Bracco	Uno degli onesti		https://www.gutenberg.org/ebooks/42928
1814__Giuseppe Bertini__Dizionario storico-critico degli scrittori di musica e de' più celebri artisti, vol. 2 (of 4).txt	1814	Giuseppe Bertini	Dizionario storico-critico degli scrittori di musica e de '  più celebri artisti, vol. 2 (of 4)		https://www.gutenberg.org/ebooks/40818
1870__Pietro Fanfani__Novelle e ghiribizzi.txt	1870	Pietro Fanfani	Novelle e ghiribizzi		https://www.gutenberg.org/ebooks/46867
1894__Various__Conferenze tenute a Firenze nel 1896.txt	1894	Various	Conferenze tenute a Firenze nel 1896		https://www.gutenberg.org/ebooks/
1898__Giovanni Pascoli__Sotto il velame.txt	1898	Giovanni Pascoli	Sotto il velame		https://www.gutenberg.org/ebooks/45594
1834__Cesare Cantù__Margherita Pusterla.txt	1834	Cesare Cantù	Margherita Pusterla		https://www.gutenberg.org/ebooks/19039
1896__Gabriele D'Annunzio__Le vergini delle rocce.txt	1896	Gabriele D ' Annunzio	Le vergini delle rocce		https://www.gutenberg.org/ebooks/42513
1909__Roberto Bracco__La piccola fonte.txt	1909	Roberto Bracco	La piccola fonte		https://www.gutenberg.org/ebooks/43356
1882__Gerolamo Rovetta__Ninnoli.txt	1882	Gerolamo Rovetta	Ninnoli		https://www.gutenberg.org/ebooks/28231
1875__Anna Vertua Gentile__Romanzo d'una signorina per bene.txt	1875	Anna Vertua Gentile	Romanzo d ' una signorina per bene		https://www.gutenberg.org/ebooks/22507
1902__Romolo Murri__Il cristianesimo e la religione di domani.txt	1902	Romolo Murri	Il cristianesimo e la religione di domani		https://www.gutenberg.org/ebooks/25265
1813__J.C.L. Simondo Sismondi__Storia delle repubbliche italiane dei secoli di mezzo, v. 11.txt	1813	J.C.L. Simondo Sismondi	Storia delle repubbliche italiane dei secoli di mezzo, v. 11		https://www.gutenberg.org/ebooks/44168
1822__Walter Scott__I Puritani di Scozia, vol. 2.txt	1822	Walter Scott	I Puritani di Scozia, vol. 2		https://www.gutenberg.org/ebooks/43459
1893__Neera__Nel sogno.txt	1893	Neera	Nel sogno		https://www.gutenberg.org/ebooks/17908
1912__Luigi Arnaldo Vassallo__Ciarle e macchiette.txt	1912	Luigi Arnaldo Vassallo	Ciarle e macchiette		https://www.gutenberg.org/ebooks/37054
1877__Colombi, marchesa__Tempesta e bonaccia.txt	1877	Colombi, marchesa	Tempesta e bonaccia		https://www.gutenberg.org/ebooks/17907
1837__Silvio Pellico__Poesie inedite vol. I.txt	1837	Silvio Pellico	Poesie inedite vol. I		https://www.gutenberg.org/ebooks/19429
1929__Giuseppe Mazzini__Scritti di Giuseppe Mazzini, Politica ed Economia, Vol. I.txt	1929	Giuseppe Mazzini	Scritti di Giuseppe Mazzini, Politica ed Economia, Vol. I		https://www.gutenberg.org/ebooks/
1919__Ada Negri__Orazioni.txt	1919	Ada Negri	Orazioni		https://www.gutenberg.org/ebooks/36062
1869__Naftalì Herz Weisel (Wessely) and Elia Morpurgo (Sarcher)__Traduzione di Elia Morpurgo de' Discorsi Ebraici.txt	1869	Naftalì Herz Weisel (Wessely) and Elia Morpurgo (Sarcher)	Traduzione di Elia Morpurgo de '  Discorsi Ebraici		https://www.gutenberg.org/ebooks/40326
1829__Salvatore Di Giacomo__L'ignoto.txt	1829	Salvatore Di Giacomo	L ' ignoto		https://www.gutenberg.org/ebooks/30771
1869__Salvatore Farina__Due amori.txt	1869	Salvatore Farina	Due amori		https://www.gutenberg.org/ebooks/
1917__Annie Vivanti__Vae victis!.txt	1917	Annie Vivanti	Vae victis!		https://www.gutenberg.org/ebooks/38259
1880__Antonio Ghislanzoni__Libro serio.txt	1880	Antonio Ghislanzoni	Libro serio		https://www.gutenberg.org/ebooks/17883
1885__Matilde Serao__Vita e avventure di Riccardo Joanna.txt	1885	Matilde Serao	Vita e avventure di Riccardo Joanna		https://www.gutenberg.org/ebooks/
1886__Anton Giulio Barrili__La montanara.txt	1886	Anton Giulio Barrili	La montanara		https://www.gutenberg.org/ebooks/29036
1868__Cristina Trivulzio di Belgioioso__Osservazioni sullo stato attuale dell'Italia e sul suo avvenire.txt	1868	Cristina Trivulzio di Belgioioso	Osservazioni sullo stato attuale dell ' Italia e sul suo avvenire		https://www.gutenberg.org/ebooks/46126
1888__Matilde Serao__Fior di passione.txt	1888	Matilde Serao	Fior di passione		https://www.gutenberg.org/ebooks/27156
1840__Cesare Balbo__Novelle.txt	1840	Cesare Balbo	Novelle		https://www.gutenberg.org/ebooks/39658
1901__Cesare Pascarella__Sonetti.txt	1901	Cesare Pascarella	Sonetti		https://www.gutenberg.org/ebooks/34734
1911__Ada Negri__Dal profondo.txt	1911	Ada Negri	Dal profondo		https://www.gutenberg.org/ebooks/36060
1855__Memini__Mia.txt	1855	Memini	Mia		https://www.gutenberg.org/ebooks/16980
1901__Matilde Serao__Suor Giovanna della Croce.txt	1901	Matilde Serao	Suor Giovanna della Croce		https://www.gutenberg.org/ebooks/46999
1896__Enrico Castelnuovo__Il fallo d'una donna onesta.txt	1896	Enrico Castelnuovo	Il fallo d ' una donna onesta		https://www.gutenberg.org/ebooks/19442
1890__Giulio Caprin__Gli animali alla guerra.txt	1890	Giulio Caprin	Gli animali alla guerra		https://www.gutenberg.org/ebooks/44763
1885__Anton Giulio Barrili__Terra vergine.txt	1885	Anton Giulio Barrili	Terra vergine		https://www.gutenberg.org/ebooks/35660
1911__Edmondo De Amicis__Speranze e glorie; Le tre capitali.txt	1911	Edmondo De Amicis	Speranze e glorie; Le tre capitali		https://www.gutenberg.org/ebooks/19883
1872__Luigi Capuana__Il nemico è in noi.txt	1872	Luigi Capuana	Il nemico è in noi		https://www.gutenberg.org/ebooks/42643
1894__Luigi Capuana__Nuove "Paesane".txt	1894	Luigi Capuana	Nuove "Paesane"		https://www.gutenberg.org/ebooks/
1824__Carlo Botta__Storia d'Italia dal 1789 al 1814, tomo I.txt	1824	Carlo Botta	Storia d ' Italia dal 1789 al 1814, tomo I		https://www.gutenberg.org/ebooks/45901
1874__Antonio Ghislanzoni__Racconti e novelle.txt	1874	Antonio Ghislanzoni	Racconti e novelle		https://www.gutenberg.org/ebooks/46900
1897__E. Melchior de Vogüé__Il Regno d'Etruria.txt	1897	E. Melchior de Vogüé	Il Regno d ' Etruria		https://www.gutenberg.org/ebooks/43174
1876__Valentino Carrera__Un avvocato dell'avvenire.txt	1876	Valentino Carrera	Un avvocato dell ' avvenire		https://www.gutenberg.org/ebooks/46351
1875__Vittorio Bersezio__La testa della vipera.txt	1875	Vittorio Bersezio	La testa della vipera		https://www.gutenberg.org/ebooks/26452
1887__Salvatore Di Giacomo__'O voto.txt	1887	Salvatore Di Giacomo	' O voto		https://www.gutenberg.org/ebooks/35801
1907__Nicolò Papadopoli Aldobrandini__Le monete di Venezia descritte ed illustrate da Nicolò Papadopoli Aldobrandini, v. 1.txt	1907	Nicolò Papadopoli Aldobrandini	Le monete di Venezia descritte ed illustrate da Nicolò Papadopoli Aldobrandini, v. 1		https://www.gutenberg.org/ebooks/30164
1886__Antonio Caccianiga__La famiglia Bonifazio.txt	1886	Antonio Caccianiga	La famiglia Bonifazio		https://www.gutenberg.org/ebooks/36379
1884__Ambrogio Bazzero__Storia di un'anima.txt	1884	Ambrogio Bazzero	Storia di un ' anima		https://www.gutenberg.org/ebooks/19048
1876__Edmondo De Amicis__Marocco.txt	1876	Edmondo De Amicis	Marocco		https://www.gutenberg.org/ebooks/30725
1601__Giambattista Della Porta__La carbonaria.txt	1601	Giambattista Della Porta	La carbonaria		https://www.gutenberg.org/ebooks/28372
1815__William Shakespeare__La Tempesta.txt	1815	William Shakespeare	La Tempesta		https://www.gutenberg.org/ebooks/26169
1879__Matilde Serao__Dal vero.txt	1879	Matilde Serao	Dal vero		https://www.gutenberg.org/ebooks/19887
1817__J.-C.-L. Simonde (Jean-Charles-Léonard Simonde) de Sismondi__Storia delle repubbliche italiane dei secoli di mezzo, Tomo II.txt	1817	J.-C.-L. Simonde (Jean-Charles-Léonard Simonde) de Sismondi	Storia delle repubbliche italiane dei secoli di mezzo, Tomo II		https://www.gutenberg.org/ebooks/
1877__Ferdinando Fontana__Poesie e novelle in versi.txt	1877	Ferdinando Fontana	Poesie e novelle in versi		https://www.gutenberg.org/ebooks/9642
1874__Anton Giulio Barrili__Castel Gavone.txt	1874	Anton Giulio Barrili	Castel Gavone		https://www.gutenberg.org/ebooks/25181
1890__Various__Gli albori della vita Italiana.txt	1890	Various	Gli albori della vita Italiana		https://www.gutenberg.org/ebooks/45638
1889__Primo Uccellini__Memorie di un vecchio carbonaro ravegnano.txt	1889	Primo Uccellini	Memorie di un vecchio carbonaro ravegnano		https://www.gutenberg.org/ebooks/40299
1907__Roberto Bracco__I fantasmi.txt	1907	Roberto Bracco	I fantasmi		https://www.gutenberg.org/ebooks/
1907__Luigi Capuana__Rassegnazione.txt	1907	Luigi Capuana	Rassegnazione		https://www.gutenberg.org/ebooks/27359
1829__Giambattista Bazzoni__Falco della rupe.txt	1829	Giambattista Bazzoni	Falco della rupe		https://www.gutenberg.org/ebooks/27091
1882__Ida Baccini__Lezioni e Racconti per i bambini.txt	1882	Ida Baccini	Lezioni e Racconti per i bambini		https://www.gutenberg.org/ebooks/17805
1897__Angiolo Silvio Novaro__La rovina.txt	1897	Angiolo Silvio Novaro	La rovina		https://www.gutenberg.org/ebooks/20182
1913__Francesco Crispi__Questioni internazionali.txt	1913	Francesco Crispi	Questioni internazionali		https://www.gutenberg.org/ebooks/39469
1874__Salvatore Farina__Fante di picche.txt	1874	Salvatore Farina	Fante di picche		https://www.gutenberg.org/ebooks/19884
1873__R. A. Porati__Una notte fatale.txt	1873	R. A. Porati	Una notte fatale		https://www.gutenberg.org/ebooks/18046
1819__Cesare Lucchesini__Della illustrazione delle lingue antiche e moderne e principalmente dell'italiana.txt	1819	Cesare Lucchesini	Della illustrazione delle lingue antiche e moderne e principalmente dell ' italiana		https://www.gutenberg.org/ebooks/44893
1901__Luigi Capuana__Il Benefattore.txt	1901	Luigi Capuana	Il Benefattore		https://www.gutenberg.org/ebooks/7459
1894__Alberto Boccardi__Il peccato di Loreta.txt	1894	Alberto Boccardi	Il peccato di Loreta		https://www.gutenberg.org/ebooks/
1880__Cletto Arrighi__Nana a Milano.txt	1880	Cletto Arrighi	Nana a Milano		https://www.gutenberg.org/ebooks/9302
1880__Enrico Castelnuovo__Nella lotta.txt	1880	Enrico Castelnuovo	Nella lotta		https://www.gutenberg.org/ebooks/
1885__Napoleone Colajanni__Gli avvenimenti di Sicila e le loro cause.txt	1885	Napoleone Colajanni	Gli avvenimenti di Sicila e le loro cause		https://www.gutenberg.org/ebooks/
1927__Argia Sbolenfi__Rime di Argia Sbolenfi.txt	1927	Argia Sbolenfi	Rime di Argia Sbolenfi		https://www.gutenberg.org/ebooks/17847
1864__Ferdinando Petruccelli della Gattina__Il re dei re.txt	1864	Ferdinando Petruccelli della Gattina	Il re dei re		https://www.gutenberg.org/ebooks/30878
1895__Alfredo Panzini__Gli ingenui.txt	1895	Alfredo Panzini	Gli ingenui		https://www.gutenberg.org/ebooks/
1840__Silvio Pellico__Poesie scelte.txt	1840	Silvio Pellico	Poesie scelte		https://www.gutenberg.org/ebooks/17671
1906__Ferdinando  Gregorovius__Passeggiate per l'Italia, vol. 4.txt	1906	Ferdinando  Gregorovius	Passeggiate per l ' Italia, vol. 4		https://www.gutenberg.org/ebooks/41088
1839__Giovanni Marsili__Notizie del pubblico giardino de' semplici di Padova compilate intorno l'anno 1771.txt	1839	Giovanni Marsili	Notizie del pubblico giardino de '  semplici di Padova compilate intorno l ' anno 1771		https://www.gutenberg.org/ebooks/15139
1749__Lodovico Antonio Muratori__Annali d'Italia, vol. 3.txt	1749	Lodovico Antonio Muratori	Annali d ' Italia, vol. 3		https://www.gutenberg.org/ebooks/46355
1876__Francesco De Sanctis__Un viaggio elettorale.txt	1876	Francesco De Sanctis	Un viaggio elettorale		https://www.gutenberg.org/ebooks/48333
1864__Ferdinando Petruccelli della Gattina__Il re dei re, vol. 4 (di 4).txt	1864	Ferdinando Petruccelli della Gattina	Il re dei re, vol. 4 (di 4)		https://www.gutenberg.org/ebooks/44383
1898__Federico De Roberto__Gli amori.txt	1898	Federico De Roberto	Gli amori		https://www.gutenberg.org/ebooks/39289
1880__Valentino Carrera__Gli ultimi giorni di Goldoni.txt	1880	Valentino Carrera	Gli ultimi giorni di Goldoni		https://www.gutenberg.org/ebooks/46352
1827__Francesco Domenico Guerrazzi__La battaglia di Benevento.txt	1827	Francesco Domenico Guerrazzi	La battaglia di Benevento		https://www.gutenberg.org/ebooks/19024
1864__Ferdinando Petruccelli della Gattina__Il re dei re, vol. 2 (di 4).txt	1864	Ferdinando Petruccelli della Gattina	Il re dei re, vol. 2 (di 4)		https://www.gutenberg.org/ebooks/30996
1895__Jolanda__Dal mio verziere.txt	1895	Jolanda	Dal mio verziere		https://www.gutenberg.org/ebooks/38698
1884__Matilde Serao__Cristina.txt	1884	Matilde Serao	Cristina		https://www.gutenberg.org/ebooks/42237
1913__Luciano Zùccoli__La freccia nel fianco.txt	1913	Luciano Zùccoli	La freccia nel fianco		https://www.gutenberg.org/ebooks/27979
1873__Anton Giulio Barrili__Napoleone.txt	1873	Anton Giulio Barrili	Napoleone		https://www.gutenberg.org/ebooks/43182
1907__Roberto Bracco__Tragedie dell'anima.txt	1907	Roberto Bracco	Tragedie dell ' anima		https://www.gutenberg.org/ebooks/38204
1895__Various__Bollettino del Club Alpino Italiano 1895-96.txt	1895	Various	Bollettino del Club Alpino Italiano 1895-96		https://www.gutenberg.org/ebooks/27608
1895__Guido Pompilj__La Repubblica partenopea.txt	1895	Guido Pompilj	La Repubblica partenopea		https://www.gutenberg.org/ebooks/43183
1920__Annie Vivanti__Naja tripudians.txt	1920	Annie Vivanti	Naja tripudians		https://www.gutenberg.org/ebooks/46874
1898__Giuseppe Giacosa__Impressioni d'America.txt	1898	Giuseppe Giacosa	Impressioni d ' America		https://www.gutenberg.org/ebooks/46835
1805__Dante Alighieri__La Divina Commedia di Dante: Paradiso.txt	1805	Dante Alighieri	La Divina Commedia di Dante: Paradiso		https://www.gutenberg.org/ebooks/1011
1877__Neera__L'indomani.txt	1877	Neera	L ' indomani		https://www.gutenberg.org/ebooks/22020
1817__J.C.L. Simondo Sismondi__Storia delle repubbliche italiane dei secoli di mezzo, v. 13.txt	1817	J.C.L. Simondo Sismondi	Storia delle repubbliche italiane dei secoli di mezzo, v. 13		https://www.gutenberg.org/ebooks/44170
1721__Pietro Metastasio__L'Endimione.txt	1721	Pietro Metastasio	L ' Endimione		https://www.gutenberg.org/ebooks/
1891__Emma Perodi__Il Principe della Marsiliana.txt	1891	Emma Perodi	Il Principe della Marsiliana		https://www.gutenberg.org/ebooks/17035
1904__Anton Giulio Barrili__Il ponte del paradiso.txt	1904	Anton Giulio Barrili	Il ponte del paradiso		https://www.gutenberg.org/ebooks/38360
1881__Pippo Vigoni__Abissinia.txt	1881	Pippo Vigoni	Abissinia		https://www.gutenberg.org/ebooks/27919
1726__Giambattista Della Porta__Le commedie - lo astrologo.txt	1726	Giambattista Della Porta	Le commedie - lo astrologo		https://www.gutenberg.org/ebooks/22498
1865__Guglielmo Berchet__La Repubblica di Venezia e la Persia.txt	1865	Guglielmo Berchet	La Repubblica di Venezia e la Persia		https://www.gutenberg.org/ebooks/34352
1922__Filippo Tommaso Marinetti__Il tamburo di fuoco.txt	1922	Filippo Tommaso Marinetti	Il tamburo di fuoco		https://www.gutenberg.org/ebooks/34735
1918__Ercole Luigi Morselli__Storie da ridere.... e da piangere.txt	1918	Ercole Luigi Morselli	Storie da ridere.... e da piangere		https://www.gutenberg.org/ebooks/40917
1905__Filippo Tommaso Marinetti__Democrazia futurista.txt	1905	Filippo Tommaso Marinetti	Democrazia futurista		https://www.gutenberg.org/ebooks/41157
1907__Sabatino Lopez__La distanza.txt	1907	Sabatino Lopez	La distanza		https://www.gutenberg.org/ebooks/42448
1601__Giambattista Della Porta__La Cintia.txt	1601	Giambattista Della Porta	La Cintia		https://www.gutenberg.org/ebooks/25198
1858__Michelangelo Buonarroti__Le lettere di Michelangelo Buonarroti.txt	1858	Michelangelo Buonarroti	Le lettere di Michelangelo Buonarroti		https://www.gutenberg.org/ebooks/46599
1896__Roberto Bracco__Le disilluse.txt	1896	Roberto Bracco	Le disilluse		https://www.gutenberg.org/ebooks/37932
1895__Salvatore Di Giacomo__A «San Francisco».txt	1895	Salvatore Di Giacomo	A «San Francisco»		https://www.gutenberg.org/ebooks/35800
1886__Gabriele D'Annunzio__Isaotta Guttadàuro ed altre poesie.txt	1886	Gabriele D ' Annunzio	Isaotta Guttadàuro ed altre poesie		https://www.gutenberg.org/ebooks/27825
1898__Luigi Capuana__Gli 'ismi' contemporanei.txt	1898	Luigi Capuana	Gli  ' ismi '  contemporanei		https://www.gutenberg.org/ebooks/28325
1877__Giuseppe Giacosa__Storia vecchia.txt	1877	Giuseppe Giacosa	Storia vecchia		https://www.gutenberg.org/ebooks/32263
1848__Jacopo Alighieri__Chiose alla cantica dell'Inferno di Dante Alighieri.txt	1848	Jacopo Alighieri	Chiose alla cantica dell ' Inferno di Dante Alighieri		https://www.gutenberg.org/ebooks/30766
1817__J.-C.-L. Simonde (Jean-Charles-Léonard Simonde) de Sismondi__Storia delle repubbliche italiane dei secoli di mezzo, Tomo I.txt	1817	J.-C.-L. Simonde (Jean-Charles-Léonard Simonde) de Sismondi	Storia delle repubbliche italiane dei secoli di mezzo, Tomo I		https://www.gutenberg.org/ebooks/
1906__Ferdinando Gregorovius__Passeggiate per l'Italia, Volume 2.txt	1906	Ferdinando Gregorovius	Passeggiate per l ' Italia, Volume 2		https://www.gutenberg.org/ebooks/37099
1883__Antonio Ghislanzoni__Libro proibito.txt	1883	Antonio Ghislanzoni	Libro proibito		https://www.gutenberg.org/ebooks/17906
1897__Ernesto Masi__Vincenzo Monti (1754-1828).txt	1897	Ernesto Masi	Vincenzo Monti (1754-1828)		https://www.gutenberg.org/ebooks/43180
1862__Ferdinando Petruccelli della Gattina__I moribondi del Palazzo Carignano.txt	1862	Ferdinando Petruccelli della Gattina	I moribondi del Palazzo Carignano		https://www.gutenberg.org/ebooks/19426
1869__Ferdinando Petruccelli della Gattina__Memorie di Giuda, vol. I.txt	1869	Ferdinando Petruccelli della Gattina	Memorie di Giuda, vol. I		https://www.gutenberg.org/ebooks/46494
1817__J.C.L. Simondo Sismondi__Storia delle repubbliche italiane dei secoli di mezzo, v. 8.txt	1817	J.C.L. Simondo Sismondi	Storia delle repubbliche italiane dei secoli di mezzo, v. 8		https://www.gutenberg.org/ebooks/43948
1885__Ferdinando Gregorovius__Passeggiate per l'Italia, vol. 1.txt	1885	Ferdinando Gregorovius	Passeggiate per l ' Italia, vol. 1		https://www.gutenberg.org/ebooks/29955
1868__Vittorio Bersezio__La plebe, parte II.txt	1868	Vittorio Bersezio	La plebe, parte II		https://www.gutenberg.org/ebooks/46724
1897__Roberto Bracco__La fine dell'amore.txt	1897	Roberto Bracco	La fine dell ' amore		https://www.gutenberg.org/ebooks/38218
1909__Roberto Bracco__Il diritto di vivere.txt	1909	Roberto Bracco	Il diritto di vivere		https://www.gutenberg.org/ebooks/42927
1853__Francesco Domenico Guerrazzi__Il secolo che muore, vol. IV.txt	1853	Francesco Domenico Guerrazzi	Il secolo che muore, vol. IV		https://www.gutenberg.org/ebooks/42778
1878__Gerolamo Rovetta__La Signorina.txt	1878	Gerolamo Rovetta	La Signorina		https://www.gutenberg.org/ebooks/
1819__Teofilo Folengo__Le maccheronee.txt	1819	Teofilo Folengo	Le maccheronee		https://www.gutenberg.org/ebooks/33982
1895__Adolfo Albertazzi__Vecchie storie d'amore.txt	1895	Adolfo Albertazzi	Vecchie storie d ' amore		https://www.gutenberg.org/ebooks/38628
1889__Federico De Roberto__Documenti Umani.txt	1889	Federico De Roberto	Documenti Umani		https://www.gutenberg.org/ebooks/25182
1894__Gianpietro Lucini__Il libro delle figurazioni ideali.txt	1894	Gianpietro Lucini	Il libro delle figurazioni ideali		https://www.gutenberg.org/ebooks/17687
1898__Giovanni Pascoli__Minerva oscura.txt	1898	Giovanni Pascoli	Minerva oscura		https://www.gutenberg.org/ebooks/
1885__Francesco Domenico Guerrazzi__Il secolo che muore, vol. III.txt	1885	Francesco Domenico Guerrazzi	Il secolo che muore, vol. III		https://www.gutenberg.org/ebooks/42777
1868__Vittorio Bersezio__La plebe, parte IV.txt	1868	Vittorio Bersezio	La plebe, parte IV		https://www.gutenberg.org/ebooks/46726
1917__Luciano Zùccoli__La volpe di Sparta.txt	1917	Luciano Zùccoli	La volpe di Sparta		https://www.gutenberg.org/ebooks/26171
1913__Gabriele D'Annunzio__Cabiria.txt	1913	Gabriele D ' Annunzio	Cabiria		https://www.gutenberg.org/ebooks/27590
1913__Romolo Murri__Il partito radicale e il radicalismo italiano.txt	1913	Romolo Murri	Il partito radicale e il radicalismo italiano		https://www.gutenberg.org/ebooks/26166
1791__Luciano Zuccoli__Il Designato.txt	1791	Luciano Zuccoli	Il Designato		https://www.gutenberg.org/ebooks/
1903__Gerolamo Rovetta__Casta diva.txt	1903	Gerolamo Rovetta	Casta diva		https://www.gutenberg.org/ebooks/42387
1817__J.C.L. Simondo Sismondi__Storia delle repubbliche italiane dei secoli di mezzo, v. 9.txt	1817	J.C.L. Simondo Sismondi	Storia delle repubbliche italiane dei secoli di mezzo, v. 9		https://www.gutenberg.org/ebooks/43949
1887__Girolamo Rovetta__Baby.txt	1887	Girolamo Rovetta	Baby		https://www.gutenberg.org/ebooks/29037
1909__Roberto Bracco__Il perfetto amore.txt	1909	Roberto Bracco	Il perfetto amore		https://www.gutenberg.org/ebooks/46214
1881__Antonio Ghislanzoni__Libro bizzarro.txt	1881	Antonio Ghislanzoni	Libro bizzarro		https://www.gutenberg.org/ebooks/18088
1837__Silvio Pellico__Poesie inedite vol. II.txt	1837	Silvio Pellico	Poesie inedite vol. II		https://www.gutenberg.org/ebooks/19558
1896__Anton Giulio Barrili__Galatea.txt	1896	Anton Giulio Barrili	Galatea		https://www.gutenberg.org/ebooks/19427
1912__Alfredo Panzini__Che cosa è l'amore?.txt	1912	Alfredo Panzini	Che cosa è l ' amore?		https://www.gutenberg.org/ebooks/38140
1888__Giuseppe Giacosa__La zampa del gatto.txt	1888	Giuseppe Giacosa	La zampa del gatto		https://www.gutenberg.org/ebooks/33866
1875__Giuseppe Cesare Abba__Le rive della Bormida nel 1794.txt	1875	Giuseppe Cesare Abba	Le rive della Bormida nel 1794		https://www.gutenberg.org/ebooks/21425
1814__Giuseppe Bertini__Dizionario storico-critico degli scrittori di musica e de' più celebri artisti, vol. 4 (of 4).txt	1814	Giuseppe Bertini	Dizionario storico-critico degli scrittori di musica e de '  più celebri artisti, vol. 4 (of 4)		https://www.gutenberg.org/ebooks/40820
1879__Jean Baptiste Bouvier__Venere ed Imene al tribunale della penitenza: manuale dei confessori.txt	1879	Jean Baptiste Bouvier	Venere ed Imene al tribunale della penitenza: manuale dei confessori		https://www.gutenberg.org/ebooks/16920
1843__Michele Amari__La guerra del Vespro Siciliano vol. 1.txt	1843	Michele Amari	La guerra del Vespro Siciliano vol. 1		https://www.gutenberg.org/ebooks/29409
1824__Carlo Botta__Storia d'Italia dal 1789 al 1814, tomo II.txt	1824	Carlo Botta	Storia d ' Italia dal 1789 al 1814, tomo II		https://www.gutenberg.org/ebooks/45902
1909__Roberto Bracco__Una donna.txt	1909	Roberto Bracco	Una donna		https://www.gutenberg.org/ebooks/37935
1890__Gerolamo Rovetta__I Barbarò vol. II.txt	1890	Gerolamo Rovetta	I Barbarò vol. II		https://www.gutenberg.org/ebooks/46749
1853__Cesare Cantu'__Il Sacro Macello di Valtellina.txt	1853	Cesare Cantu '	Il Sacro Macello di Valtellina		https://www.gutenberg.org/ebooks/6887
1919__Marco Praga__La crisi.txt	1919	Marco Praga	La crisi		https://www.gutenberg.org/ebooks/22499
1886__Guelfo Guelfi__Dal molino di Cerbaia a Cala Martina.txt	1886	Guelfo Guelfi	Dal molino di Cerbaia a Cala Martina		https://www.gutenberg.org/ebooks/31000
1893__Francesco Saverio Nitti__La trasformazione sociale.txt	1893	Francesco Saverio Nitti	La trasformazione sociale		https://www.gutenberg.org/ebooks/43184
1907__Roberto Bracco__Fiori d'arancio.txt	1907	Roberto Bracco	Fiori d ' arancio		https://www.gutenberg.org/ebooks/38216
1879__Alessandro Manzoni__I promessi sposi.txt	1879	Alessandro Manzoni	I promessi sposi		https://www.gutenberg.org/ebooks/45334
1871__Virginia Mulazzi__La pergamena distrutta.txt	1871	Virginia Mulazzi	La pergamena distrutta		https://www.gutenberg.org/ebooks/17850
1873__Valentino Carrera__Capitale e mano d'opera.txt	1873	Valentino Carrera	Capitale e mano d ' opera		https://www.gutenberg.org/ebooks/46295
1910__Giannotto Bastianelli__Pietro Mascagni.txt	1910	Giannotto Bastianelli	Pietro Mascagni		https://www.gutenberg.org/ebooks/46773
1871__Ettore Socci__Da Firenze a Digione.txt	1871	Ettore Socci	Da Firenze a Digione		https://www.gutenberg.org/ebooks/7121
1900__Alfredo Panzini__Piccole storie del mondo grande.txt	1900	Alfredo Panzini	Piccole storie del mondo grande		https://www.gutenberg.org/ebooks/41342
1873__Vittorio Imbriani__Fame usurpate.txt	1873	Vittorio Imbriani	Fame usurpate		https://www.gutenberg.org/ebooks/38578
1897__Angelo Mosso__Mesmer e il magnetismo.txt	1897	Angelo Mosso	Mesmer e il magnetismo		https://www.gutenberg.org/ebooks/43179
1785__Ferdinando Martini__Donne, salotti e costumi.txt	1785	Ferdinando Martini	Donne, salotti e costumi		https://www.gutenberg.org/ebooks/43173
1870__Giuseppe Tigri__Selvaggia de' Vergiolesi.txt	1870	Giuseppe Tigri	Selvaggia de '  Vergiolesi		https://www.gutenberg.org/ebooks/35321
1820__Carlo Botta__Storia della Guerra della Independenza degli Stati Uniti di America, vol. 2.txt	1820	Carlo Botta	Storia della Guerra della Independenza degli Stati Uniti di America, vol. 2		https://www.gutenberg.org/ebooks/42847
1817__J. C. L. Simondo Sismondi__Storia delle repubbliche italiane dei secoli di mezzo, Tomo IV (of 16).txt	1817	J. C. L. Simondo Sismondi	Storia delle repubbliche italiane dei secoli di mezzo, Tomo IV (of 16)		https://www.gutenberg.org/ebooks/43803
1886__Girolamo Rovetta__Tiranni minimi.txt	1886	Girolamo Rovetta	Tiranni minimi		https://www.gutenberg.org/ebooks/27719
1894__Matilde Serao__Gli amanti.txt	1894	Matilde Serao	Gli amanti		https://www.gutenberg.org/ebooks/19060
1910__Eugenio Barbarich__La Campagna del 1796 nel Veneto.txt	1910	Eugenio Barbarich	La Campagna del 1796 nel Veneto		https://www.gutenberg.org/ebooks/
1892__Alfredo Oriani__La lotta politica in Italia, Volume I (of 3).txt	1892	Alfredo Oriani	La lotta politica in Italia, Volume I (of 3)		https://www.gutenberg.org/ebooks/
1844__Francesco Domenico Guerrazzi__Isabella Orsini, duchessa di Bracciano.txt	1844	Francesco Domenico Guerrazzi	Isabella Orsini, duchessa di Bracciano		https://www.gutenberg.org/ebooks/38298
1847__Emilio De Marchi__Nuove storie d'ogni colore.txt	1847	Emilio De Marchi	Nuove storie d ' ogni colore		https://www.gutenberg.org/ebooks/19888
1909__Roberto Bracco__Fotografia senza.... - Notte di neve - La chiacchierina.txt	1909	Roberto Bracco	Fotografia senza.... - Notte di neve - La chiacchierina		https://www.gutenberg.org/ebooks/43360
1894__Gerolamo Rovetta__La baraonda.txt	1894	Gerolamo Rovetta	La baraonda		https://www.gutenberg.org/ebooks/28785
1906__Roberto Bracco__Sperduti nel buio.txt	1906	Roberto Bracco	Sperduti nel buio		https://www.gutenberg.org/ebooks/42929
1917__Guido da Verona__Mimi Bluette fiore del mio giardino.txt	1917	Guido da Verona	Mimi Bluette fiore del mio giardino		https://www.gutenberg.org/ebooks/47074
1893__Arturo Bianchi__I ladri della pace.txt	1893	Arturo Bianchi	I ladri della pace		https://www.gutenberg.org/ebooks/25209
1864__Ferdinando Petruccelli della Gattina__Il re dei re, vol. 3 (di 4).txt	1864	Ferdinando Petruccelli della Gattina	Il re dei re, vol. 3 (di 4)		https://www.gutenberg.org/ebooks/44355
1922__Roberto Bracco__I pazzi.txt	1922	Roberto Bracco	I pazzi		https://www.gutenberg.org/ebooks/35048
1880__Beatrice Speraz__Tre Donne.txt	1880	Beatrice Speraz	Tre Donne		https://www.gutenberg.org/ebooks/
1922__Annie Vivanti__Sorella di Messalina.txt	1922	Annie Vivanti	Sorella di Messalina		https://www.gutenberg.org/ebooks/
1883__Alfredo Oriani__Quartetto.txt	1883	Alfredo Oriani	Quartetto		https://www.gutenberg.org/ebooks/46225
1882__Antonio Ghislanzoni__Libro segreto.txt	1882	Antonio Ghislanzoni	Libro segreto		https://www.gutenberg.org/ebooks/47138
1899__Emilio De Marchi__Vecchie cadenze e nuove.txt	1899	Emilio De Marchi	Vecchie cadenze e nuove		https://www.gutenberg.org/ebooks/17905
1889__Antonio Fogazzaro__Il mistero del poeta.txt	1889	Antonio Fogazzaro	Il mistero del poeta		https://www.gutenberg.org/ebooks/22504
1901__Antonio Fogazzaro__Il dolore nell'arte.txt	1901	Antonio Fogazzaro	Il dolore nell ' arte		https://www.gutenberg.org/ebooks/32599
1874__Vittorio Imbriani__Mastr'Impicca.txt	1874	Vittorio Imbriani	Mastr ' Impicca		https://www.gutenberg.org/ebooks/34519
1913__Guido da Verona__L'amore che torna.txt	1913	Guido da Verona	L ' amore che torna		https://www.gutenberg.org/ebooks/38720
1921__Annie Vivanti__Gioia!.txt	1921	Annie Vivanti	Gioia!		https://www.gutenberg.org/ebooks/39793
1868__Anonymous__Il libro di Sidrach: testo inedito del secolo XIV.txt	1868	Anonymous	Il libro di Sidrach: testo inedito del secolo XIV		https://www.gutenberg.org/ebooks/44549
1792__Vittorio Alfieri__Sofonisba.txt	1792	Vittorio Alfieri	Sofonisba		https://www.gutenberg.org/ebooks/31080
1904__Augusto Elia__Ricordi di un garibaldino vol. I.txt	1904	Augusto Elia	Ricordi di un garibaldino vol. I		https://www.gutenberg.org/ebooks/35405
1898__Roberto Bracco__Don Pietro Caruso.txt	1898	Roberto Bracco	Don Pietro Caruso		https://www.gutenberg.org/ebooks/38217
1890__Enrico Panzacchi__La musica.txt	1890	Enrico Panzacchi	La musica		https://www.gutenberg.org/ebooks/43181
1855__Paolo Bettoni__Tre racconti sentimentali.txt	1855	Paolo Bettoni	Tre racconti sentimentali		https://www.gutenberg.org/ebooks/17874
1882__Gerolamo Rovetta__Mater dolorosa.txt	1882	Gerolamo Rovetta	Mater dolorosa		https://www.gutenberg.org/ebooks/28910
1845__Giuseppe Rovani__Manfredo Palavicino.txt	1845	Giuseppe Rovani	Manfredo Palavicino		https://www.gutenberg.org/ebooks/
1891__Jarro__Il processo Bartelloni.txt	1891	Jarro	Il processo Bartelloni		https://www.gutenberg.org/ebooks/28786
1919__Alessandro De Stefani__Tristano e l'ombra.txt	1919	Alessandro De Stefani	Tristano e l ' ombra		https://www.gutenberg.org/ebooks/50442
1923__Ugo Mioni__I sogni dell'Anarchico.txt	1923	Ugo Mioni	I sogni dell ' Anarchico		https://www.gutenberg.org/ebooks/25175
1913__Guido da Verona__La vita comincia domani.txt	1913	Guido da Verona	La vita comincia domani		https://www.gutenberg.org/ebooks/39337
1853__Various__First Italian Readings.txt	1853	Various	First Italian Readings		https://www.gutenberg.org/ebooks/
1800__Silvio Pellico__Rafaella.txt	1800	Silvio Pellico	Rafaella		https://www.gutenberg.org/ebooks/41377
1726__Giambattista Della Porta__La tabernaria.txt	1726	Giambattista Della Porta	La tabernaria		https://www.gutenberg.org/ebooks/28355
1853__Thomas Babington Macaulay__Storia d'Inghilterra, vol 2.txt	1853	Thomas Babington Macaulay	Storia d ' Inghilterra, vol 2		https://www.gutenberg.org/ebooks/46997
1870__Giuseppe Garibaldi__Clelia.txt	1870	Giuseppe Garibaldi	Clelia		https://www.gutenberg.org/ebooks/7151
1824__Carlo Botta__Storia d'Italia dal 1789 al 1814, tomo III.txt	1824	Carlo Botta	Storia d ' Italia dal 1789 al 1814, tomo III		https://www.gutenberg.org/ebooks/45903
1873__Antonio Vismara__Storia delle cinque gloriose giornate di Milano nel 1848.txt	1873	Antonio Vismara	Storia delle cinque gloriose giornate di Milano nel 1848		https://www.gutenberg.org/ebooks/
1916__Matilde Serao__L'infedele.txt	1916	Matilde Serao	L ' infedele		https://www.gutenberg.org/ebooks/21423
1834__Nocturno Napolitano__Opera nova amorosa, vol. 3.txt	1834	Nocturno Napolitano	Opera nova amorosa, vol. 3		https://www.gutenberg.org/ebooks/31818
1894__Roberto Bracco__Infedele.txt	1894	Roberto Bracco	Infedele		https://www.gutenberg.org/ebooks/40377
1874__Antonio Ghislanzoni__Abrakadabra.txt	1874	Antonio Ghislanzoni	Abrakadabra		https://www.gutenberg.org/ebooks/19034
1819__Lodovico Antonio Muratori__Annali d'Italia, vol. 1.txt	1819	Lodovico Antonio Muratori	Annali d ' Italia, vol. 1		https://www.gutenberg.org/ebooks/39704
1863__Francesco Domenico Guerrazzi__Vita di Andrea Doria, Volume I.txt	1863	Francesco Domenico Guerrazzi	Vita di Andrea Doria, Volume I		https://www.gutenberg.org/ebooks/46100
1907__Luigi Capuana__Cardello.txt	1907	Luigi Capuana	Cardello		https://www.gutenberg.org/ebooks/7267
1914__Heinrich von Treitschke__La Francia dal primo impero al 1871.txt	1914	Heinrich von Treitschke	La Francia dal primo impero al 1871		https://www.gutenberg.org/ebooks/27428
1908__Ada Negri__Maternità.txt	1908	Ada Negri	Maternità		https://www.gutenberg.org/ebooks/36061
1904__Giuseppe Pitrè__La vita in Palermo cento e più anni fa, Volume 2.txt	1904	Giuseppe Pitrè	La vita in Palermo cento e più anni fa, Volume 2		https://www.gutenberg.org/ebooks/37720
1885__Edoardo Scarfoglio__Il libro di Don Chisciotte.txt	1885	Edoardo Scarfoglio	Il libro di Don Chisciotte		https://www.gutenberg.org/ebooks/46914
1904__Unknown__Fiore di leggende.txt	1904	Unknown	Fiore di leggende		https://www.gutenberg.org/ebooks/19886
1885__Giuseppe Pitrè__Avvenimenti faceti.txt	1885	Giuseppe Pitrè	Avvenimenti faceti		https://www.gutenberg.org/ebooks/
1601__Giambattista Della Porta__Gli duoi fratelli rivali.txt	1601	Giambattista Della Porta	Gli duoi fratelli rivali		https://www.gutenberg.org/ebooks/21683
1878__Renato Fucini__Napoli a occhio nudo.txt	1878	Renato Fucini	Napoli a occhio nudo		https://www.gutenberg.org/ebooks/43486
1884__Giosuè Carducci__Conversazioni critiche.txt	1884	Giosuè Carducci	Conversazioni critiche		https://www.gutenberg.org/ebooks/46843
1867__Giuseppe Garibaldi__I Mille.txt	1867	Giuseppe Garibaldi	I Mille		https://www.gutenberg.org/ebooks/31002
1848__Francesco Domenico Guerrazzi__Lo assedio di Roma.txt	1848	Francesco Domenico Guerrazzi	Lo assedio di Roma		https://www.gutenberg.org/ebooks/20062
1614__Giuseppe Pitrè__La vita in Palermo cento e più anni fa, Volume 1.txt	1614	Giuseppe Pitrè	La vita in Palermo cento e più anni fa, Volume 1		https://www.gutenberg.org/ebooks/37719
1825__Ann Radcliffe__I misteri del castello d'Udolfo, vol. 2.txt	1825	Ann Radcliffe	I misteri del castello d ' Udolfo, vol. 2		https://www.gutenberg.org/ebooks/33782
1883__Gerolamo Rovetta__Sott'acqua.txt	1883	Gerolamo Rovetta	Sott ' acqua		https://www.gutenberg.org/ebooks/42684
1900__Giuseppe Giacosa__Diritti dell'Anima.txt	1900	Giuseppe Giacosa	Diritti dell ' Anima		https://www.gutenberg.org/ebooks/25176
1832__Giuseppe Mazzini__La Giovine Italia.txt	1832	Giuseppe Mazzini	La Giovine Italia		https://www.gutenberg.org/ebooks/38509
1890__Gerolamo Rovetta__Il Tenente dei Lancieri.txt	1890	Gerolamo Rovetta	Il Tenente dei Lancieri		https://www.gutenberg.org/ebooks/
1895__Neera__L'Amuleto.txt	1895	Neera	L ' Amuleto		https://www.gutenberg.org/ebooks/18008
1890__Matilde Serao__Piccole anime.txt	1890	Matilde Serao	Piccole anime		https://www.gutenberg.org/ebooks/42416
1911__Salvatore Di Giacomo__Assunta Spina.txt	1911	Salvatore Di Giacomo	Assunta Spina		https://www.gutenberg.org/ebooks/35947
1853__Francesco Domenico Guerrazzi__Beatrice Cenci.txt	1853	Francesco Domenico Guerrazzi	Beatrice Cenci		https://www.gutenberg.org/ebooks/17837
1896__Enrico Castelnuovo__Nozze d'oro.txt	1896	Enrico Castelnuovo	Nozze d ' oro		https://www.gutenberg.org/ebooks/42976
1921__Umberto Fracchia__Il perduto amore.txt	1921	Umberto Fracchia	Il perduto amore		https://www.gutenberg.org/ebooks/41281
1892__Francesco Crispi__Politica estera.txt	1892	Francesco Crispi	Politica estera		https://www.gutenberg.org/ebooks/41821
1918__Giovanni Boccaccio__Il Comento alla Divina Commedia, e gli altri scritti intorno a Dante, vol. 1.txt	1918	Giovanni Boccaccio	Il Comento alla Divina Commedia, e gli altri scritti intorno a Dante, vol. 1		https://www.gutenberg.org/ebooks/21424
1856__Unknown__Lusitania.txt	1856	Unknown	Lusitania		https://www.gutenberg.org/ebooks/35802
1863__Francesco Domenico Guerrazzi__Vita di Andrea Doria, Volume II.txt	1863	Francesco Domenico Guerrazzi	Vita di Andrea Doria, Volume II		https://www.gutenberg.org/ebooks/46101
1819__Carlo Botta__Storia della Guerra della Independenza degli Stati Uniti di America, vol. 3.txt	1819	Carlo Botta	Storia della Guerra della Independenza degli Stati Uniti di America, vol. 3		https://www.gutenberg.org/ebooks/42848
1804__Gasparo Scaruffi__Economisti del cinque e seicento.txt	1804	Gasparo Scaruffi	Economisti del cinque e seicento		https://www.gutenberg.org/ebooks/22502
1921__Filippo Tommaso Marinetti__L'alcòva d'acciaio.txt	1921	Filippo Tommaso Marinetti	L ' alcòva d ' acciaio		https://www.gutenberg.org/ebooks/29035
1869__Gaetano Sanvittore__I misteri del processo Monti e Tognetti.txt	1869	Gaetano Sanvittore	I misteri del processo Monti e Tognetti		https://www.gutenberg.org/ebooks/25605
1894__Enrico Annibale Butti__L'Immorale.txt	1894	Enrico Annibale Butti	L ' Immorale		https://www.gutenberg.org/ebooks/28993
1893__Ferdinando Fontana__Nabuco.txt	1893	Ferdinando Fontana	Nabuco		https://www.gutenberg.org/ebooks/25312
1920__Alfredo Panzini__Il mondo è rotondo.txt	1920	Alfredo Panzini	Il mondo è rotondo		https://www.gutenberg.org/ebooks/39389
1836__Gabriello Chiabrera__Amedeide.txt	1836	Gabriello Chiabrera	Amedeide		https://www.gutenberg.org/ebooks/
1792__Vittorio Alfieri__Agide.txt	1792	Vittorio Alfieri	Agide		https://www.gutenberg.org/ebooks/31079
1863__Francesco Domenico Guerrazzi__Paolo Pelliccioni, Volume II (of 2).txt	1863	Francesco Domenico Guerrazzi	Paolo Pelliccioni, Volume II (of 2)		https://www.gutenberg.org/ebooks/
1899__Luigi Capuana__Cronache Letterarie.txt	1899	Luigi Capuana	Cronache Letterarie		https://www.gutenberg.org/ebooks/36109
1897__Matilde Serao__Donna Paola.txt	1897	Matilde Serao	Donna Paola		https://www.gutenberg.org/ebooks/39541
1918__Gabriele d'Annunzio__La Gioconda.txt	1918	Gabriele d ' Annunzio	La Gioconda		https://www.gutenberg.org/ebooks/
1919__Alfredo Panzini__Viaggio di un povero letterato.txt	1919	Alfredo Panzini	Viaggio di un povero letterato		https://www.gutenberg.org/ebooks/42347
1824__Carlo Botta__Storia d'Italia dal 1789 al 1814, tomo V.txt	1824	Carlo Botta	Storia d ' Italia dal 1789 al 1814, tomo V		https://www.gutenberg.org/ebooks/45905
1911__Luciano Zùccoli__Donne e fanciulle.txt	1911	Luciano Zùccoli	Donne e fanciulle		https://www.gutenberg.org/ebooks/46568
1865__Francesco Crispi__Garibaldi.txt	1865	Francesco Crispi	Garibaldi		https://www.gutenberg.org/ebooks/35914
1877__Mario Rapisardi__Lucifero.txt	1877	Mario Rapisardi	Lucifero		https://www.gutenberg.org/ebooks/22641
1902__Giuseppe Giacosa__Come le foglie.txt	1902	Giuseppe Giacosa	Come le foglie		https://www.gutenberg.org/ebooks/17876
1876__Enrico Castelnuovo__Nuovi racconti.txt	1876	Enrico Castelnuovo	Nuovi racconti		https://www.gutenberg.org/ebooks/
1918__Alfredo Oriani__Ombre di occaso.txt	1918	Alfredo Oriani	Ombre di occaso		https://www.gutenberg.org/ebooks/46211
1817__J.C.L. Simondo Sismondi__Storia delle repubbliche italiane dei secoli di mezzo, v. 12.txt	1817	J.C.L. Simondo Sismondi	Storia delle repubbliche italiane dei secoli di mezzo, v. 12		https://www.gutenberg.org/ebooks/44169
1833__Massimo D'Azeglio__Ettore Fieramosca: ossia, La disfida di Barletta.txt	1833	Massimo D ' Azeglio	Ettore Fieramosca: ossia, La disfida di Barletta		https://www.gutenberg.org/ebooks/44797
1822__Walter Scott__I Puritani di Scozia, vol. 1.txt	1822	Walter Scott	I Puritani di Scozia, vol. 1		https://www.gutenberg.org/ebooks/43458
1772__Carlo Gozzi__La Marfisa bizzarra.txt	1772	Carlo Gozzi	La Marfisa bizzarra		https://www.gutenberg.org/ebooks/19524
1847__Francesco Domenico Guerrazzi__La serpicina.txt	1847	Francesco Domenico Guerrazzi	La serpicina		https://www.gutenberg.org/ebooks/27720
1890__Michele Longo__Psicologia criminale.txt	1890	Michele Longo	Psicologia criminale		https://www.gutenberg.org/ebooks/
1909__Roberto Bracco__Ad armi corte.txt	1909	Roberto Bracco	Ad armi corte		https://www.gutenberg.org/ebooks/46162
1920__Arrigo Boito__Novelle e riviste drammatiche.txt	1920	Arrigo Boito	Novelle e riviste drammatiche		https://www.gutenberg.org/ebooks/28869
1874__Edmondo de Amicis__Olanda.txt	1874	Edmondo de Amicis	Olanda		https://www.gutenberg.org/ebooks/29864
1909__Roberto Bracco__Nemmeno un bacio.txt	1909	Roberto Bracco	Nemmeno un bacio		https://www.gutenberg.org/ebooks/46213
1771__Nicola Francesco Haym__Amadigi di Gaula.txt	1771	Nicola Francesco Haym	Amadigi di Gaula		https://www.gutenberg.org/ebooks/17440
1883__Enrico Castelnuovo__Dal primo piano alla soffitta.txt	1883	Enrico Castelnuovo	Dal primo piano alla soffitta		https://www.gutenberg.org/ebooks/30663
1894__Matilde Serao__Le Amanti.txt	1894	Matilde Serao	Le Amanti		https://www.gutenberg.org/ebooks/17909
1889__Avancinio Avancini__Novelle lombarde.txt	1889	Avancinio Avancini	Novelle lombarde		https://www.gutenberg.org/ebooks/21422
1871__Anton Giulio Barrili__I rossi e i neri, vol. 1.txt	1871	Anton Giulio Barrili	I rossi e i neri, vol. 1		https://www.gutenberg.org/ebooks/29845
1906__Ferdinando Gregorovius__Passeggiate per l'Italia, Vol. 3.txt	1906	Ferdinando Gregorovius	Passeggiate per l ' Italia, Vol. 3		https://www.gutenberg.org/ebooks/37900
1820__Carlo Botta__Storia della Guerra della Independenza degli Stati Uniti di America, vol. 1.txt	1820	Carlo Botta	Storia della Guerra della Independenza degli Stati Uniti di America, vol. 1		https://www.gutenberg.org/ebooks/42846
1845__Valentino Carrera__Dedica - Scarabocchio.txt	1845	Valentino Carrera	Dedica - Scarabocchio		https://www.gutenberg.org/ebooks/46296
1898__Levi, David__Ahasvero nell'Isola del Diavolo.txt	1898	Levi, David	Ahasvero nell ' Isola del Diavolo		https://www.gutenberg.org/ebooks/40328
1850__Giulio Carcano__Damiano.txt	1850	Giulio Carcano	Damiano		https://www.gutenberg.org/ebooks/25178
1869__Anton Giulio Barrili__Santa Cecilia.txt	1869	Anton Giulio Barrili	Santa Cecilia		https://www.gutenberg.org/ebooks/46613
1892__Alfredo Oriani__La lotta politica in Italia, Volume III (of 3).txt	1892	Alfredo Oriani	La lotta politica in Italia, Volume III (of 3)		https://www.gutenberg.org/ebooks/
1877__Giuseppe Giacosa__Acquazzoni in montagna.txt	1877	Giuseppe Giacosa	Acquazzoni in montagna		https://www.gutenberg.org/ebooks/32264
1908__Roberto Bracco__Nellina.txt	1908	Roberto Bracco	Nellina		https://www.gutenberg.org/ebooks/
1884__Anton Giulio Barrili__Arrigo il savio.txt	1884	Anton Giulio Barrili	Arrigo il savio		https://www.gutenberg.org/ebooks/46466
1839__Federico  Frezzi__Il Quadriregio.txt	1839	Federico  Frezzi	Il Quadriregio		https://www.gutenberg.org/ebooks/27433
1814__Giuseppe Bertini__Dizionario storico-critico degli scrittori di musica e de' più celebri artisti, vol. 1 (of 4).txt	1814	Giuseppe Bertini	Dizionario storico-critico degli scrittori di musica e de '  più celebri artisti, vol. 1 (of 4)		https://www.gutenberg.org/ebooks/40817
1817__J. C. L. Simondo Sismondi__Storia delle repubbliche italiane dei secoli di mezzo, v. 16 (of 16).txt	1817	J. C. L. Simondo Sismondi	Storia delle repubbliche italiane dei secoli di mezzo, v. 16 (of 16)		https://www.gutenberg.org/ebooks/44365
1873__Giuseppe Giacosa__Non dir quattro se non l'hai nel sacco.txt	1873	Giuseppe Giacosa	Non dir quattro se non l ' hai nel sacco		https://www.gutenberg.org/ebooks/32265
1871__Valentino Carrera__La quaderna di Nanni.txt	1871	Valentino Carrera	La quaderna di Nanni		https://www.gutenberg.org/ebooks/46297
1885__Luigi Gualdo__Le nostalgie.txt	1885	Luigi Gualdo	Le nostalgie		https://www.gutenberg.org/ebooks/19428
1815__Docteur Jaf [Jean Fauconney] and Pietro Fabiani__Sodoma e Gomorra.txt	1815	Docteur Jaf [Jean Fauconney] and Pietro Fabiani	Sodoma e Gomorra		https://www.gutenberg.org/ebooks/37776
1895__Ada Negri__Tempeste.txt	1895	Ada Negri	Tempeste		https://www.gutenberg.org/ebooks/36063
1828__Ann Radcliffe__I misteri del castello d'Udolfo, vol. 1.txt	1828	Ann Radcliffe	I misteri del castello d ' Udolfo, vol. 1		https://www.gutenberg.org/ebooks/33781
1873__Anton Giulio Barrili__La legge Oppia.txt	1873	Anton Giulio Barrili	La legge Oppia		https://www.gutenberg.org/ebooks/32096
1896__Antonio Negri__In gondoleta.txt	1896	Antonio Negri	In gondoleta		https://www.gutenberg.org/ebooks/19894
1844__Giuseppe Rovani__Valenzia Candiano.txt	1844	Giuseppe Rovani	Valenzia Candiano		https://www.gutenberg.org/ebooks/
1873__Anton Giulio Barrili__L'olmo e l'edera.txt	1873	Anton Giulio Barrili	L ' olmo e l ' edera		https://www.gutenberg.org/ebooks/22024
1898__Alfredo Oriani__La disfatta.txt	1898	Alfredo Oriani	La disfatta		https://www.gutenberg.org/ebooks/20061
1899__Paolo Valera__Dal cellulare a Finalborgo.txt	1899	Paolo Valera	Dal cellulare a Finalborgo		https://www.gutenberg.org/ebooks/25285
1890__Giovanni Sforza__Garibaldi in toscana nel 1848.txt	1890	Giovanni Sforza	Garibaldi in toscana nel 1848		https://www.gutenberg.org/ebooks/34066
1879__Gaetano Sangiorgio__Le tre valli della Sicilia.txt	1879	Gaetano Sangiorgio	Le tre valli della Sicilia		https://www.gutenberg.org/ebooks/22506
1883__Camillo Antona-Traversi__Danza macàbra.txt	1883	Camillo Antona-Traversi	Danza macàbra		https://www.gutenberg.org/ebooks/42253
1920__Guido da Verona__Sciogli la treccia, Maria Maddalena.txt	1920	Guido da Verona	Sciogli la treccia, Maria Maddalena		https://www.gutenberg.org/ebooks/36326
1883__Antonio Ghislanzoni__La contessa di Karolystria.txt	1883	Antonio Ghislanzoni	La contessa di Karolystria		https://www.gutenberg.org/ebooks/17849
1859__Francesco Domenico Guerrazzi__Amelia Calani ed altri scritti.txt	1859	Francesco Domenico Guerrazzi	Amelia Calani ed altri scritti		https://www.gutenberg.org/ebooks/42436
1874__Salvatore Farina__Carta bollata.txt	1874	Salvatore Farina	Carta bollata		https://www.gutenberg.org/ebooks/17896
1837__Niccolò Tommaseo__Il duca d'Atene.txt	1837	Niccolò Tommaseo	Il duca d ' Atene		https://www.gutenberg.org/ebooks/46847
1893__Adolfo Rossi__Nel paese dei dollari.txt	1893	Adolfo Rossi	Nel paese dei dollari		https://www.gutenberg.org/ebooks/17836
1868__Luigi Gualdo__La gran rivale.txt	1868	Luigi Gualdo	La gran rivale		https://www.gutenberg.org/ebooks/20639
1802__Vittorio Alfieri__Ottavia.txt	1802	Vittorio Alfieri	Ottavia		https://www.gutenberg.org/ebooks/38012
1879__Alessandro De Gubernatis__Alessandro Manzoni.txt	1879	Alessandro De Gubernatis	Alessandro Manzoni		https://www.gutenberg.org/ebooks/7817
1863__Francesco Domenico Guerrazzi__Paolo Pelliccioni, Volume I (of 2).txt	1863	Francesco Domenico Guerrazzi	Paolo Pelliccioni, Volume I (of 2)		https://www.gutenberg.org/ebooks/
1886__Gabriele D'Annunzio__San Pantaleone.txt	1886	Gabriele D ' Annunzio	San Pantaleone		https://www.gutenberg.org/ebooks/37123
1847__Francesco Domenico Guerrazzi__I nuovi tartufi.txt	1847	Francesco Domenico Guerrazzi	I nuovi tartufi		https://www.gutenberg.org/ebooks/27791
1825__Ann Radcliffe__I misteri del castello d'Udolfo, vol. 4.txt	1825	Ann Radcliffe	I misteri del castello d ' Udolfo, vol. 4		https://www.gutenberg.org/ebooks/33784
1890__Giuseppe Giacosa__Tristi Amori.txt	1890	Giuseppe Giacosa	Tristi Amori		https://www.gutenberg.org/ebooks/25177
1881__Anton Giulio Barrili__Il ritratto del diavolo.txt	1881	Anton Giulio Barrili	Il ritratto del diavolo		https://www.gutenberg.org/ebooks/17858
1910__Alfredo Panzini__La Madonna di Mamà.txt	1910	Alfredo Panzini	La Madonna di Mamà		https://www.gutenberg.org/ebooks/
1847__Cristina Belgioioso__Studi intorno alla storia della Lombardia.txt	1847	Cristina Belgioioso	Studi intorno alla storia della Lombardia		https://www.gutenberg.org/ebooks/25318
1879__Edmondo De Amicis__Ricordi di Parigi.txt	1879	Edmondo De Amicis	Ricordi di Parigi		https://www.gutenberg.org/ebooks/17853
1875__Anton Giulio Barrili__La notte del Commendatore.txt	1875	Anton Giulio Barrili	La notte del Commendatore		https://www.gutenberg.org/ebooks/
1834__Nocturno Napolitano__Opera nova amorosa, vol. 1.txt	1834	Nocturno Napolitano	Opera nova amorosa, vol. 1		https://www.gutenberg.org/ebooks/30738
1854__Cesare Monteverde__I demagoghi.txt	1854	Cesare Monteverde	I demagoghi		https://www.gutenberg.org/ebooks/22026
1886__Giuseppe Giacosa__Novelle e paesi valdostani.txt	1886	Giuseppe Giacosa	Novelle e paesi valdostani		https://www.gutenberg.org/ebooks/36165
1911__Salvatore Di Giacomo__Mattinate napoletane.txt	1911	Salvatore Di Giacomo	Mattinate napoletane		https://www.gutenberg.org/ebooks/29873
1897__Leopoldo Armaroli__La rivoluzione di Milano dell'Aprile 1814.txt	1897	Leopoldo Armaroli	La rivoluzione di Milano dell ' Aprile 1814		https://www.gutenberg.org/ebooks/36212
1888__Giuseppe Giacosa__Resa a discrezione.txt	1888	Giuseppe Giacosa	Resa a discrezione		https://www.gutenberg.org/ebooks/33865
1901__Emilio De Marchi__Col fuoco non si scherza.txt	1901	Emilio De Marchi	Col fuoco non si scherza		https://www.gutenberg.org/ebooks/19059
1914__Luigi Capuana__Eh! la vita.....txt	1914	Luigi Capuana	Eh! la vita....		https://www.gutenberg.org/ebooks/42698
1611__Accademici Intronati di Siena__Gl'ingannati.txt	1611	Accademici Intronati di Siena	Gl ' ingannati		https://www.gutenberg.org/ebooks/34641
1897__Giuseppe Chiarini__Ugo Foscolo (1778-1827).txt	1897	Giuseppe Chiarini	Ugo Foscolo (1778-1827)		https://www.gutenberg.org/ebooks/43175
1850__Ferdinando Petruccelli della Gattina__Il Concilio.txt	1850	Ferdinando Petruccelli della Gattina	Il Concilio		https://www.gutenberg.org/ebooks/46736
1918__Filippo Tommaso Marinetti__I manifesti del futurismo.txt	1918	Filippo Tommaso Marinetti	I manifesti del futurismo		https://www.gutenberg.org/ebooks/28144
1895__Manfredo Cagni__Egitto.txt	1895	Manfredo Cagni	Egitto		https://www.gutenberg.org/ebooks/45948
1817__J. C. L. Simondo Sismondi__Storia delle repubbliche italiane dei secoli di mezzo, v. 14 (of 16).txt	1817	J. C. L. Simondo Sismondi	Storia delle repubbliche italiane dei secoli di mezzo, v. 14 (of 16)		https://www.gutenberg.org/ebooks/44363
1886__Emilio Raga__I drammi de' campi.txt	1886	Emilio Raga	I drammi de '  campi		https://www.gutenberg.org/ebooks/25587
1875__Antonio Caccianiga__Il bacio della contessa Savina.txt	1875	Antonio Caccianiga	Il bacio della contessa Savina		https://www.gutenberg.org/ebooks/35065
1824__Carlo Botta__Storia d'Italia dal 1789 al 1814, tomo VI.txt	1824	Carlo Botta	Storia d ' Italia dal 1789 al 1814, tomo VI		https://www.gutenberg.org/ebooks/45906
1892__Jarro__La Principessa.txt	1892	Jarro	La Principessa		https://www.gutenberg.org/ebooks/19430
1903__Giovanni Pascoli__La mirabile visione.txt	1903	Giovanni Pascoli	La mirabile visione		https://www.gutenberg.org/ebooks/46082
1877__Anton Giulio Barrili__Una notte bizzarra.txt	1877	Anton Giulio Barrili	Una notte bizzarra		https://www.gutenberg.org/ebooks/29636
1922__Nino Martoglio__Cappidazzu paga tuttu.txt	1922	Nino Martoglio	Cappidazzu paga tuttu		https://www.gutenberg.org/ebooks/35804
1884__La Marchesa Colombi__Senz'Amore.txt	1884	La Marchesa Colombi	Senz ' Amore		https://www.gutenberg.org/ebooks/17852
1881__Anton Giulio Barrili__L'undecimo comandamento.txt	1881	Anton Giulio Barrili	L ' undecimo comandamento		https://www.gutenberg.org/ebooks/28321
1889__Federico De Roberto__Ermanno Raeli.txt	1889	Federico De Roberto	Ermanno Raeli		https://www.gutenberg.org/ebooks/25614
1910__Roberto Bracco__Il piccolo santo.txt	1910	Roberto Bracco	Il piccolo santo		https://www.gutenberg.org/ebooks/46164
1860__Giuseppe Regaldi__La Dora.txt	1860	Giuseppe Regaldi	La Dora		https://www.gutenberg.org/ebooks/46717
1817__J. C. L. Simondo Sismondi__Storia delle repubbliche italiane dei secoli di mezzo, Tomo V (of 16).txt	1817	J. C. L. Simondo Sismondi	Storia delle repubbliche italiane dei secoli di mezzo, Tomo V (of 16)		https://www.gutenberg.org/ebooks/43804
1817__J. C. L. Simondo Sismondi__Storia delle repubbliche italiane dei secoli di mezzo, Tomo III (of 16).txt	1817	J. C. L. Simondo Sismondi	Storia delle repubbliche italiane dei secoli di mezzo, Tomo III (of 16)		https://www.gutenberg.org/ebooks/43802
1848__Massimo D'Azeglio__Dell'Emancipazione civile degl'Israeliti.txt	1848	Massimo D ' Azeglio	Dell ' Emancipazione civile degl ' Israeliti		https://www.gutenberg.org/ebooks/42669
1873__Edmondo De Amicis__Spagna.txt	1873	Edmondo De Amicis	Spagna		https://www.gutenberg.org/ebooks/30605
1914__Filippo Tommaso Marinetti__L'aeroplano del papa.txt	1914	Filippo Tommaso Marinetti	L ' aeroplano del papa		https://www.gutenberg.org/ebooks/17838
1895__Mario Rapisardi__Africa Orrenda.txt	1895	Mario Rapisardi	Africa Orrenda		https://www.gutenberg.org/ebooks/27334
1878__Anton Giulio Barrili__Lutezia.txt	1878	Anton Giulio Barrili	Lutezia		https://www.gutenberg.org/ebooks/30043
1853__Thomas Babington Macaulay__Storia d'Inghilterra, vol 1.txt	1853	Thomas Babington Macaulay	Storia d ' Inghilterra, vol 1		https://www.gutenberg.org/ebooks/46996
1922__Nino Martoglio__'A vilanza.txt	1922	Nino Martoglio	' A vilanza		https://www.gutenberg.org/ebooks/31702
1604__Giambattista Della Porta__La sorella.txt	1604	Giambattista Della Porta	La sorella		https://www.gutenberg.org/ebooks/28368
1879__Alfredo Oriani__No.txt	1879	Alfredo Oriani	No		https://www.gutenberg.org/ebooks/
1894__Giovanni Pascoli__Giacomo Leopardi (1798-1837).txt	1894	Giovanni Pascoli	Giacomo Leopardi (1798-1837)		https://www.gutenberg.org/ebooks/43178
1824__Carlo Botta__Storia d'Italia dal 1789 al 1814, tomo IV.txt	1824	Carlo Botta	Storia d ' Italia dal 1789 al 1814, tomo IV		https://www.gutenberg.org/ebooks/45904
1843__Sir Walter Scott__La promessa sposa di Lammermoor, Tomo I (of 3).txt	1843	Sir Walter Scott	La promessa sposa di Lammermoor, Tomo I (of 3)		https://www.gutenberg.org/ebooks/
1894__Roberto Bracco__Un'avventura di viaggio.txt	1894	Roberto Bracco	Un ' avventura di viaggio		https://www.gutenberg.org/ebooks/37931
1885__Matilde Serao__La conquista di Roma.txt	1885	Matilde Serao	La conquista di Roma		https://www.gutenberg.org/ebooks/
1874__Ferdinando Petruccelli della Gattina__I suicidi di Parigi.txt	1874	Ferdinando Petruccelli della Gattina	I suicidi di Parigi		https://www.gutenberg.org/ebooks/26717
1927__Gabriele D'Annunzio__Forse che sì forse che no.txt	1927	Gabriele D ' Annunzio	Forse che sì forse che no		https://www.gutenberg.org/ebooks/42673
1843__Sir Walter Scott__La promessa sposa di Lammermoor, Tomo III (of 3).txt	1843	Sir Walter Scott	La promessa sposa di Lammermoor, Tomo III (of 3)		https://www.gutenberg.org/ebooks/
1907__Alamanno De Maria__La Vettura Automobile.txt	1907	Alamanno De Maria	La Vettura Automobile		https://www.gutenberg.org/ebooks/44067
1911__Filippo Tommaso Marinetti__Distruzione.txt	1911	Filippo Tommaso Marinetti	Distruzione		https://www.gutenberg.org/ebooks/25210
1868__Vittorio Bersezio__La carità del prossimo.txt	1868	Vittorio Bersezio	La carità del prossimo		https://www.gutenberg.org/ebooks/25179
1875__Antonio Ceruti__La Seconda e Terza Guerra Punica.txt	1875	Antonio Ceruti	La Seconda e Terza Guerra Punica		https://www.gutenberg.org/ebooks/45126
1894__Roberto Bracco__Lui lei lui.txt	1894	Roberto Bracco	Lui lei lui		https://www.gutenberg.org/ebooks/37933
1869__Iginio Ugo Tarchetti__Racconti umoristici.txt	1869	Iginio Ugo Tarchetti	Racconti umoristici		https://www.gutenberg.org/ebooks/28403
1863__Giovanni Berchet__Opere.txt	1863	Giovanni Berchet	Opere		https://www.gutenberg.org/ebooks/20094
1889__Ettore Pozzi__Mentana e il dito di Dio.txt	1889	Ettore Pozzi	Mentana e il dito di Dio		https://www.gutenberg.org/ebooks/25197
1914__Alfredo Panzini__Donne, madonne e bimbi.txt	1914	Alfredo Panzini	Donne, madonne e bimbi		https://www.gutenberg.org/ebooks/42418
1919__Alfredo Panzini__Io cerco moglie!.txt	1919	Alfredo Panzini	Io cerco moglie!		https://www.gutenberg.org/ebooks/39506
1811__Anonymous__Costituzione della Repubblica Italiana e Statuti Costituzionali del Regno d'Italia.txt	1811	Anonymous	Costituzione della Repubblica Italiana e Statuti Costituzionali del Regno d ' Italia		https://www.gutenberg.org/ebooks/22025
1879__La Marchesa Colombi__Serate d'inverno.txt	1879	La Marchesa Colombi	Serate d ' inverno		https://www.gutenberg.org/ebooks/43316
1902__Luigi Barzini__L'Argentina vista come è.txt	1902	Luigi Barzini	L ' Argentina vista come è		https://www.gutenberg.org/ebooks/30369
1890__Gerolamo Rovetta__I Barbarò vol. I.txt	1890	Gerolamo Rovetta	I Barbarò vol. I		https://www.gutenberg.org/ebooks/46748
1897__Luciano Zuccoli__Roberta.txt	1897	Luciano Zuccoli	Roberta		https://www.gutenberg.org/ebooks/
1873__Anton Giulio Barrili__Raggio di Dio.txt	1873	Anton Giulio Barrili	Raggio di Dio		https://www.gutenberg.org/ebooks/
1894__Roberto Bracco__Maschere.txt	1894	Roberto Bracco	Maschere		https://www.gutenberg.org/ebooks/46163
1892__Cordelia__Piccoli eroi.txt	1892	Cordelia	Piccoli eroi		https://www.gutenberg.org/ebooks/22503
1892__Ada Negri__Esilio.txt	1892	Ada Negri	Esilio		https://www.gutenberg.org/ebooks/36792
1884__Gabriele d'Annunzio__L'Innocente.txt	1884	Gabriele d ' Annunzio	L ' Innocente		https://www.gutenberg.org/ebooks/22642
1889__Alfredo Oriani__Al di là.txt	1889	Alfredo Oriani	Al di là		https://www.gutenberg.org/ebooks/45698
1902__Grazia Deledda__Dopo il divorzio.txt	1902	Grazia Deledda	Dopo il divorzio		https://www.gutenberg.org/ebooks/43226
1908__Luciano Zùccoli__L'amore di Loredana.txt	1908	Luciano Zùccoli	L ' amore di Loredana		https://www.gutenberg.org/ebooks/34346
1902__Giovanni Targioni-Tozzetti, Guido Menasci, and Pietro Mascagni__Zanetto and Cavalleria Rusticana.txt	1902	Giovanni Targioni-Tozzetti, Guido Menasci, and Pietro Mascagni	Zanetto and Cavalleria Rusticana		https://www.gutenberg.org/ebooks/
1809__Carlo Botta__Storia della Guerra della Independenza degli Stati Uniti di America, vol. 4.txt	1809	Carlo Botta	Storia della Guerra della Independenza degli Stati Uniti di America, vol. 4		https://www.gutenberg.org/ebooks/42849
1817__J. C. L. Simondo Sismondi__Storia delle repubbliche italiane dei secoli di mezzo, v. 15 (of 16).txt	1817	J. C. L. Simondo Sismondi	Storia delle repubbliche italiane dei secoli di mezzo, v. 15 (of 16)		https://www.gutenberg.org/ebooks/44364
1830__Cesare Balbo__Della storia d'Italia, v. 1-2.txt	1830	Cesare Balbo	Della storia d ' Italia, v. 1-2		https://www.gutenberg.org/ebooks/19808
1831__Walter Scott__I Puritani di Scozia, vol. 3.txt	1831	Walter Scott	I Puritani di Scozia, vol. 3		https://www.gutenberg.org/ebooks/43460
1921__Adolfo Albertazzi__Top.txt	1921	Adolfo Albertazzi	Top		https://www.gutenberg.org/ebooks/38338
1862__Giuseppe Mazzini__Scritti di Giuseppe Mazzini.txt	1862	Giuseppe Mazzini	Scritti di Giuseppe Mazzini		https://www.gutenberg.org/ebooks/29325
1841__Massimo D'Azeglio__Niccolò de' Lapi.txt	1841	Massimo D ' Azeglio	Niccolò de '  Lapi		https://www.gutenberg.org/ebooks/46957
1870__Giuseppe Garibaldi__Cantoni il volontario.txt	1870	Giuseppe Garibaldi	Cantoni il volontario		https://www.gutenberg.org/ebooks/25199
1860__Francesco Domenico Guerrazzi__Messere Arlotto Mainardi.txt	1860	Francesco Domenico Guerrazzi	Messere Arlotto Mainardi		https://www.gutenberg.org/ebooks/34517
1885__Francesco Domenico Guerrazzi__Il secolo che muore, vol. II.txt	1885	Francesco Domenico Guerrazzi	Il secolo che muore, vol. II		https://www.gutenberg.org/ebooks/42776
1893__Flaminio Servi__Dante e gli Ebrei.txt	1893	Flaminio Servi	Dante e gli Ebrei		https://www.gutenberg.org/ebooks/43244
1889__Alfredo Oriani__Fino a Dogali.txt	1889	Alfredo Oriani	Fino a Dogali		https://www.gutenberg.org/ebooks/22501
1911__Federico De Roberto__La messa di nozze; Un sogno; La bella morte.txt	1911	Federico De Roberto	La messa di nozze; Un sogno; La bella morte		https://www.gutenberg.org/ebooks/
1872__Lewis Carroll__Le avventure d'Alice nel paese delle meraviglie.txt	1872	Lewis Carroll	Le avventure d ' Alice nel paese delle meraviglie		https://www.gutenberg.org/ebooks/
1909__Roberto Bracco__Maternità.txt	1909	Roberto Bracco	Maternità		https://www.gutenberg.org/ebooks/43260
1872__Ferdinando Petruccelli della Gattina__Le notti degli emigrati a Londra.txt	1872	Ferdinando Petruccelli della Gattina	Le notti degli emigrati a Londra		https://www.gutenberg.org/ebooks/47058
1862__Alfredo Panzini__Novelle d'ambo i sessi.txt	1862	Alfredo Panzini	Novelle d ' ambo i sessi		https://www.gutenberg.org/ebooks/42335
1754__Ludovico Antonio Muratori__Annali d'Italia, vol. 2.txt	1754	Ludovico Antonio Muratori	Annali d ' Italia, vol. 2		https://www.gutenberg.org/ebooks/43575
1873__Anton Giulio Barrili__I rossi e i neri, vol. 2.txt	1873	Anton Giulio Barrili	I rossi e i neri, vol. 2		https://www.gutenberg.org/ebooks/29846
1828__Ann Radcliffe__I misteri del castello d'Udolfo, vol. 3.txt	1828	Ann Radcliffe	I misteri del castello d ' Udolfo, vol. 3		https://www.gutenberg.org/ebooks/33783
1897__Vittorio Fiorini__I Francesi in Italia (1796-1815).txt	1897	Vittorio Fiorini	I Francesi in Italia (1796-1815)		https://www.gutenberg.org/ebooks/43176
1875__Alberto Mario__La camicia rossa.txt	1875	Alberto Mario	La camicia rossa		https://www.gutenberg.org/ebooks/29871
1914__Gabriele D'Annunzio__Il ferro.txt	1914	Gabriele D ' Annunzio	Il ferro		https://www.gutenberg.org/ebooks/37849
1875__Salvatore Farina__Amore bendato.txt	1875	Salvatore Farina	Amore bendato		https://www.gutenberg.org/ebooks/19437
1896__A. Cominelli__Compendio di Chimica Fisiologica.txt	1896	A. Cominelli	Compendio di Chimica Fisiologica		https://www.gutenberg.org/ebooks/11206
1894__Alfredo Panzini__L'evoluzione di Giosuè Carducci.txt	1894	Alfredo Panzini	L ' evoluzione di Giosuè Carducci		https://www.gutenberg.org/ebooks/
1824__Defendente Sacchi__La pianta dei sospiri.txt	1824	Defendente Sacchi	La pianta dei sospiri		https://www.gutenberg.org/ebooks/26453
1899__Enrico Castelnuovo__I coniugi Varedo.txt	1899	Enrico Castelnuovo	I coniugi Varedo		https://www.gutenberg.org/ebooks/
1912__Annie Vivanti__I divoratori.txt	1912	Annie Vivanti	I divoratori		https://www.gutenberg.org/ebooks/34983
1851__Vincenzo Lazari__Le monete dei possedimenti veneziani di oltremare e di terraferma descritte ed illustrate da Vincenzo Lazari.txt	1851	Vincenzo Lazari	Le monete dei possedimenti veneziani di oltremare e di terraferma descritte ed illustrate da Vincenzo Lazari		https://www.gutenberg.org/ebooks/26866
1906__Guido Carocci__Il Valdarno da Firenze al mare.txt	1906	Guido Carocci	Il Valdarno da Firenze al mare		https://www.gutenberg.org/ebooks/
1726__Dante Alighieri__La Divina Commedia di Dante: Inferno.txt	1726	Dante Alighieri	La Divina Commedia di Dante: Inferno		https://www.gutenberg.org/ebooks/1009
1804__Dante Alighieri__La Divina Commedia di Dante: Purgatorio.txt	1804	Dante Alighieri	La Divina Commedia di Dante: Purgatorio		https://www.gutenberg.org/ebooks/1010
1928__Emilio Salgari__La favorita del Mahdi.txt	1928	Emilio Salgari	La favorita del Mahdi		https://www.gutenberg.org/ebooks/25180
1913__Alfredo Oriani__Olocausto.txt	1913	Alfredo Oriani	Olocausto		https://www.gutenberg.org/ebooks/27358
1876__Michele Lessona__Carlo Darwin.txt	1876	Michele Lessona	Carlo Darwin		https://www.gutenberg.org/ebooks/45296
1876__Auguste Debay__Igiene dei piaceri secondo le età, i temperamenti e le stagioni.txt	1876	Auguste Debay	Igiene dei piaceri secondo le età, i temperamenti e le stagioni		https://www.gutenberg.org/ebooks/16489
1872__Jules Verne__I Viaggi di Marco Polo.txt	1872	Jules Verne	I Viaggi di Marco Polo		https://www.gutenberg.org/ebooks/44714
1837__Edmondo De Amicis__La vita militare; bozzetti.txt	1837	Edmondo De Amicis	La vita militare; bozzetti		https://www.gutenberg.org/ebooks/45647
1868__Vittorio Bersezio__La plebe, parte III.txt	1868	Vittorio Bersezio	La plebe, parte III		https://www.gutenberg.org/ebooks/46725
1817__J. C. L. Simondo Sismondi__Storia delle repubbliche italiane dei secoli di mezzo, v. 10.txt	1817	J. C. L. Simondo Sismondi	Storia delle repubbliche italiane dei secoli di mezzo, v. 10		https://www.gutenberg.org/ebooks/44069
1880__Enrico Panzacchi__Morti e viventi.txt	1880	Enrico Panzacchi	Morti e viventi		https://www.gutenberg.org/ebooks/45653
1764__Pietro Metastasio__Il sogno di Scipione.txt	1764	Pietro Metastasio	Il sogno di Scipione		https://www.gutenberg.org/ebooks/
1897__Adolfo Venturi__Antonio Canova (1757-1822).txt	1897	Adolfo Venturi	Antonio Canova (1757-1822)		https://www.gutenberg.org/ebooks/43171
1876__Antonio Ghislanzoni__In chiave di baritono.txt	1876	Antonio Ghislanzoni	In chiave di baritono		https://www.gutenberg.org/ebooks/16952
1834__Leonardo Manin__Illustrazione delle medaglie dei dogi di Venezia denominate Oselle.txt	1834	Leonardo Manin	Illustrazione delle medaglie dei dogi di Venezia denominate Oselle		https://www.gutenberg.org/ebooks/26701
1905__Alessandro Manzoni__Brani inediti dei Promessi Sposi.txt	1905	Alessandro Manzoni	Brani inediti dei Promessi Sposi		https://www.gutenberg.org/ebooks/46463
1874__Ferdinando Petruccelli della Gattina__Il Re prega.txt	1874	Ferdinando Petruccelli della Gattina	Il Re prega		https://www.gutenberg.org/ebooks/28888
1894__Roberto Bracco__Il trionfo.txt	1894	Roberto Bracco	Il trionfo		https://www.gutenberg.org/ebooks/40378
1872__Ferdinando Petruccelli della Gattina__Memorie di Giuda, vol. II.txt	1872	Ferdinando Petruccelli della Gattina	Memorie di Giuda, vol. II		https://www.gutenberg.org/ebooks/46495
1892__Paolo Mantegazza__L'arte di prender marito.txt	1892	Paolo Mantegazza	L ' arte di prender marito		https://www.gutenberg.org/ebooks/19885
1909__Roberto Bracco__Il frutto acerbo.txt	1909	Roberto Bracco	Il frutto acerbo		https://www.gutenberg.org/ebooks/43285
1843__Sir Walter Scott__La promessa sposa di Lammermoor, Tomo II (of 3).txt	1843	Sir Walter Scott	La promessa sposa di Lammermoor, Tomo II (of 3)		https://www.gutenberg.org/ebooks/
1834__Nocturno Napolitano__Opera nova amorosa, vol. 2.txt	1834	Nocturno Napolitano	Opera nova amorosa, vol. 2		https://www.gutenberg.org/ebooks/31285
1814__Giuseppe Bertini__Dizionario storico-critico degli scrittori di musica e de' più celebri artisti, vol. 3 (of 4).txt	1814	Giuseppe Bertini	Dizionario storico-critico degli scrittori di musica e de '  più celebri artisti, vol. 3 (of 4)		https://www.gutenberg.org/ebooks/40819
1860__Niccolò Tommaseo__Il segreto dei fatti palesi seguiti nel 1859.txt	1860	Niccolò Tommaseo	Il segreto dei fatti palesi seguiti nel 1859		https://www.gutenberg.org/ebooks/34969
1902__Luigi Capuana__Delitto ideale.txt	1902	Luigi Capuana	Delitto ideale		https://www.gutenberg.org/ebooks/29874
1880__Edmondo De Amicis__Ricordi di Londra.txt	1880	Edmondo De Amicis	Ricordi di Londra		https://www.gutenberg.org/ebooks/27640
1925__Alfredo Oriani__La lotta politica in Italia, Volume II (of 3).txt	1925	Alfredo Oriani	La lotta politica in Italia, Volume II (of 3)		https://www.gutenberg.org/ebooks/
1880__La Marchesa Colombi__La cartella N. 4.txt	1880	La Marchesa Colombi	La cartella N. 4		https://www.gutenberg.org/ebooks/43217
1892__Ada Negri__Fatalità.txt	1892	Ada Negri	Fatalità		https://www.gutenberg.org/ebooks/36239
1896__Maria Antonietta Torriani Torelli-Viollier__Cara Speranza.txt	1896	Maria Antonietta Torriani Torelli-Viollier	Cara Speranza		https://www.gutenberg.org/ebooks/34518
1909__Alfredo Panzini__Il 1859 da Plombières a Villafranca.txt	1909	Alfredo Panzini	Il 1859 da Plombières a Villafranca		https://www.gutenberg.org/ebooks/42294
1894__Roberto Bracco__Non fare ad altri....txt	1894	Roberto Bracco	Non fare ad altri...		https://www.gutenberg.org/ebooks/37934
1873__Anton Giulio Barrili__Tra cielo e terra.txt	1873	Anton Giulio Barrili	Tra cielo e terra		https://www.gutenberg.org/ebooks/28374
