grimm1	11 10.txt
grimm2	5 26.txt
grimm3	13 14.txt
grimm4	3 45.txt
grimm5	3 11.txt
grimm6	9 4.txt
grimm7	7 9.txt
grimm8	7 1.txt
grimm9	8 10.txt
grimm10	16 34.txt
grimm11	11 4.txt
grimm12	16 6.txt
grimm13	10 11.txt
grimm14	16 3.txt
grimm15	2 1.txt
grimm16	12 4.txt
grimm17	2 56.txt
grimm18	14 5.txt
grimm19	1 34.txt
grimm20	5 22.txt
grimm21	13 21.txt
grimm22	3 13.txt
grimm23	8 19.txt
grimm24	16 9.txt
grimm25	9 16.txt
grimm26	6 6.txt
grimm27	2 64.txt
grimm28	1 33.txt
grimm29	3 5.txt
grimm30	4 17.txt
grimm31	5 15.txt
grimm32	2 54.txt
grimm33	9 12.txt
grimm34	14 3.txt
grimm35	4 10.txt
grimm36	4 15.txt
grimm37	12 21.txt
grimm38	2 33.txt
grimm39	10 35.txt
grimm40	1 53.txt
grimm41	1 31.txt
grimm42	6 30.txt
grimm43	13 5.txt
grimm44	5 28.txt
grimm45	4 18.txt
grimm46	16 19.txt
grimm47	4 32.txt
grimm48	3 28.txt
grimm49	13 11.txt
grimm50	2 15.txt
grimm51	2 16.txt
grimm52	14 23.txt
grimm53	11 17.txt
grimm54	4 8.txt
grimm55	12 11.txt
grimm56	6 5.txt
grimm57	12 22.txt
grimm58	7 10.txt
grimm59	2 62.txt
grimm60	4 9.txt
grimm61	15 14.txt
grimm62	1 40.txt
grimm63	9 10.txt
grimm64	13 23.txt
grimm65	3 46.txt
grimm66	2 4.txt
grimm67	7 12.txt
grimm68	10 15.txt
grimm69	4 35.txt
grimm70	9 7.txt
grimm71	3 14.txt
grimm72	11 7.txt
grimm73	3 9.txt
grimm74	8 20.txt
grimm75	3 44.txt
grimm76	7 15.txt
grimm77	1 46.txt
grimm78	2 71.txt
grimm79	11 19.txt
grimm80	2 46.txt
grimm81	13 7.txt
grimm82	1 11.txt
grimm83	16 20.txt
grimm84	4 14.txt
grimm85	4 23.txt
grimm86	16 27.txt
grimm87	13 8.txt
grimm88	4 7.txt
grimm89	4 22.txt
grimm90	3 36.txt
grimm91	8 24.txt
grimm92	6 10.txt
grimm93	1 43.txt
grimm94	5 12.txt
grimm95	13 1.txt
grimm96	8 5.txt
grimm97	3 7.txt
grimm98	1 58.txt
grimm99	1 24.txt
grimm100	7 19.txt
grimm101	16 1.txt
grimm102	1 15.txt
grimm103	13 9.txt
grimm104	12 2.txt
grimm105	3 24.txt
grimm106	2 27.txt
grimm107	12 6.txt
grimm108	2 53.txt
grimm109	9 19.txt
grimm110	2 57.txt
grimm111	1 35.txt
grimm112	15 17.txt
grimm113	2 8.txt
grimm114	2 12.txt
grimm115	3 23.txt
grimm116	5 11.txt
grimm117	10 21.txt
grimm118	14 1.txt
grimm119	16 13.txt
grimm120	7 4.txt
grimm121	4 13.txt
grimm122	5 18.txt
grimm123	2 3.txt
grimm124	2 47.txt
grimm125	4 29.txt
grimm126	12 20.txt
grimm127	5 29.txt
grimm128	9 1.txt
grimm129	12 9.txt
grimm130	2 20.txt
grimm131	11 1.txt
grimm132	10 23.txt
grimm133	3 21.txt
grimm134	11 11.txt
grimm135	6 12.txt
grimm136	7 8.txt
grimm137	9 24.txt
grimm138	10 29.txt
grimm139	11 15.txt
grimm140	5 35.txt
grimm141	14 6.txt
grimm142	13 6.txt
grimm143	11 13.txt
grimm144	14 10.txt
grimm145	2 21.txt
grimm146	5 16.txt
grimm147	1 36.txt
grimm148	6 24.txt
grimm149	12 12.txt
grimm150	10 31.txt
grimm151	9 9.txt
grimm152	2 22.txt
grimm153	11 18.txt
grimm154	1 48.txt
grimm155	9 13.txt
grimm156	8 2.txt
grimm157	5 30.txt
grimm158	6 9.txt
grimm159	16 29.txt
grimm160	15 2.txt
grimm161	5 14.txt
grimm162	4 3.txt
grimm163	6 8.txt
grimm164	1 28.txt
grimm165	1 55.txt
grimm166	3 19.txt
grimm167	1 49.txt
grimm168	12 10.txt
grimm169	16 2.txt
grimm170	11 8.txt
grimm171	3 40.txt
grimm172	7 5.txt
grimm173	10 25.txt
grimm174	1 44.txt
grimm175	15 5.txt
grimm176	2 45.txt
grimm177	12 19.txt
grimm178	5 32.txt
grimm179	1 21.txt
grimm180	10 22.txt
grimm181	16 30.txt
grimm182	11 20.txt
grimm183	1 2.txt
grimm184	3 16.txt
grimm185	13 12.txt
grimm186	7 14.txt
grimm187	11 3.txt
grimm188	10 28.txt
grimm189	2 32.txt
grimm190	2 10.txt
grimm191	8 17.txt
grimm192	11 2.txt
grimm193	14 17.txt
grimm194	10 16.txt
grimm195	3 1.txt
grimm196	2 30.txt
grimm197	10 19.txt
grimm198	16 14.txt
grimm199	3 17.txt
grimm200	15 9.txt
grimm201	2 63.txt
grimm202	5 23.txt
grimm203	15 3.txt
grimm204	3 4.txt
grimm205	4 21.txt
grimm206	1 16.txt
grimm207	2 61.txt
grimm208	14 13.txt
grimm209	11 16.txt
grimm210	1 13.txt
grimm211	5 13.txt
grimm212	1 20.txt
grimm213	3 34.txt
grimm214	3 33.txt
grimm215	9 17.txt
grimm216	2 9.txt
grimm217	8 21.txt
grimm218	4 4.txt
grimm219	5 20.txt
grimm220	3 25.txt
grimm221	13 19.txt
grimm222	2 73.txt
grimm223	14 9.txt
grimm224	14 7.txt
grimm225	12 1.txt
grimm226	8 7.txt
grimm227	9 14.txt
grimm228	10 27.txt
grimm229	4 30.txt
grimm230	14 8.txt
grimm231	15 13.txt
grimm232	13 13.txt
grimm233	6 13.txt
grimm234	4 27.txt
grimm235	10 9.txt
grimm236	4 25.txt
grimm237	9 15.txt
grimm238	1 57.txt
grimm239	1 14.txt
grimm240	16 18.txt
grimm241	1 42.txt
grimm242	6 14.txt
grimm243	10 7.txt
grimm244	8 25.txt
grimm245	1 8.txt
grimm246	10 8.txt
grimm247	5 7.txt
grimm248	11 6.txt
grimm249	16 12.txt
grimm250	3 26.txt
grimm251	3 42.txt
grimm252	2 29.txt
grimm253	2 31.txt
grimm254	4 31.txt
grimm255	3 37.txt
grimm256	7 16.txt
grimm257	4 24.txt
grimm258	1 54.txt
grimm259	4 6.txt
grimm260	9 8.txt
grimm261	14 12.txt
grimm262	4 34.txt
grimm263	2 18.txt
grimm264	2 42.txt
grimm265	10 33.txt
grimm266	1 38.txt
grimm267	9 18.txt
grimm268	3 12.txt
grimm269	8 23.txt
grimm270	6 17.txt
grimm271	4 1.txt
grimm272	3 39.txt
grimm273	15 15.txt
grimm274	1 59.txt
grimm275	2 25.txt
grimm276	10 20.txt
grimm277	6 22.txt
grimm278	1 19.txt
grimm279	3 30.txt
grimm280	2 38.txt
grimm281	2 2.txt
grimm282	8 3.txt
grimm283	8 8.txt
grimm284	2 65.txt
grimm285	1 45.txt
grimm286	2 17.txt
grimm287	9 3.txt
grimm288	9 21.txt
grimm289	5 19.txt
grimm290	2 6.txt
grimm291	10 34.txt
grimm292	9 2.txt
grimm293	2 37.txt
grimm294	2 24.txt
grimm295	14 21.txt
grimm296	5 6.txt
grimm297	14 14.txt
grimm298	12 5.txt
grimm299	15 12.txt
grimm300	2 55.txt
grimm301	2 35.txt
grimm302	5 25.txt
grimm303	5 8.txt
grimm304	4 28.txt
grimm305	1 6.txt
grimm306	7 2.txt
grimm307	1 4.txt
grimm308	8 9.txt
grimm309	2 5.txt
grimm310	1 37.txt
grimm311	14 18.txt
grimm312	1 32.txt
grimm313	16 8.txt
grimm314	2 43.txt
grimm315	2 58.txt
grimm316	14 19.txt
grimm317	9 22.txt
grimm318	16 32.txt
grimm319	2 48.txt
grimm320	12 8.txt
grimm321	15 7.txt
grimm322	10 6.txt
grimm323	4 20.txt
grimm324	14 15.txt
grimm325	6 19.txt
grimm326	5 4.txt
grimm327	12 16.txt
grimm328	4 26.txt
grimm329	8 14.txt
grimm330	8 15.txt
grimm331	6 21.txt
grimm332	16 25.txt
grimm333	3 2.txt
grimm334	13 22.txt
grimm335	16 24.txt
grimm336	5 2.txt
grimm337	7 23.txt
grimm338	1 22.txt
grimm339	1 5.txt
grimm340	4 16.txt
grimm341	5 34.txt
grimm342	15 8.txt
grimm343	16 10.txt
grimm344	3 43.txt
grimm345	2 75.txt
grimm346	14 22.txt
grimm347	2 68.txt
grimm348	1 7.txt
grimm349	13 3.txt
grimm350	1 9.txt
grimm351	15 11.txt
grimm352	8 16.txt
grimm353	2 39.txt
grimm354	3 6.txt
grimm355	5 17.txt
grimm356	16 17.txt
grimm357	6 2.txt
grimm358	10 13.txt
grimm359	2 19.txt
grimm360	1 25.txt
grimm361	6 4.txt
grimm362	7 22.txt
grimm363	5 24.txt
grimm364	3 18.txt
grimm365	2 26.txt
grimm366	10 14.txt
grimm367	4 2.txt
grimm368	6 1.txt
grimm369	5 5.txt
grimm370	16 28.txt
grimm371	14 20.txt
grimm372	1 10.txt
grimm373	6 11.txt
grimm374	15 1.txt
grimm375	1 47.txt
grimm376	16 26.txt
grimm377	1 26.txt
grimm378	4 11.txt
grimm379	5 1.txt
grimm380	16 16.txt
grimm381	5 27.txt
grimm382	2 59.txt
grimm383	3 31.txt
grimm384	8 4.txt
grimm385	2 60.txt
grimm386	14 4.txt
grimm387	10 4.txt
grimm388	1 39.txt
grimm389	8 26.txt
grimm390	2 41.txt
grimm391	1 3.txt
grimm392	12 24.txt
grimm393	16 11.txt
grimm394	4 33.txt
grimm395	6 7.txt
grimm396	15 6.txt
grimm397	12 3.txt
grimm398	6 16.txt
grimm399	8 11.txt
grimm400	15 10.txt
grimm401	3 22.txt
grimm402	3 32.txt
grimm403	5 33.txt
grimm404	3 27.txt
grimm405	5 3.txt
grimm406	13 2.txt
grimm407	16 31.txt
grimm408	9 5.txt
grimm409	10 17.txt
grimm410	10 32.txt
grimm411	11 5.txt
grimm412	7 20.txt
grimm413	7 13.txt
grimm414	1 30.txt
grimm415	14 24.txt
grimm416	8 12.txt
grimm417	16 7.txt
grimm418	2 36.txt
grimm419	10 1.txt
grimm420	2 14.txt
grimm421	12 7.txt
grimm422	5 10.txt
grimm423	6 27.txt
grimm424	16 22.txt
grimm425	2 7.txt
grimm426	2 67.txt
grimm427	2 44.txt
grimm428	13 20.txt
grimm429	12 14.txt
grimm430	1 17.txt
grimm431	6 23.txt
grimm432	12 18.txt
grimm433	8 13.txt
grimm434	6 3.txt
grimm435	10 24.txt
grimm436	2 11.txt
grimm437	9 11.txt
grimm438	1 23.txt
grimm439	8 6.txt
grimm440	3 3.txt
grimm441	9 6.txt
grimm442	3 35.txt
grimm443	4 12.txt
grimm444	5 21.txt
grimm445	14 16.txt
grimm446	3 10.txt
grimm447	5 9.txt
grimm448	2 49.txt
grimm449	6 18.txt
grimm450	14 11.txt
grimm451	2 70.txt
grimm452	3 20.txt
grimm453	10 12.txt
grimm454	10 5.txt
grimm455	10 2.txt
grimm456	10 26.txt
grimm457	1 1.txt
grimm458	6 20.txt
grimm459	14 2.txt
grimm460	12 15.txt
grimm461	1 27.txt
grimm462	13 16.txt
grimm463	2 40.txt
grimm464	10 18.txt
grimm465	8 1.txt
grimm466	1 51.txt
grimm467	4 5.txt
grimm468	1 56.txt
grimm469	7 21.txt
grimm470	15 4.txt
grimm471	9 20.txt
grimm472	10 10.txt
grimm473	2 52.txt
grimm474	13 4.txt
grimm475	6 26.txt
grimm476	2 28.txt
grimm477	13 24.txt
grimm478	16 15.txt
grimm479	3 38.txt
grimm480	13 10.txt
grimm481	2 13.txt
grimm482	12 17.txt
grimm483	2 74.txt
grimm484	12 13.txt
grimm485	16 4.txt
grimm486	2 50.txt
grimm487	5 31.txt
grimm488	8 22.txt
grimm489	3 41.txt
grimm490	1 29.txt
grimm491	7 11.txt
grimm492	16 23.txt
grimm493	16 5.txt
grimm494	3 29.txt
grimm495	4 19.txt
grimm496	16 21.txt
grimm497	2 66.txt
grimm498	2 72.txt
grimm499	7 17.txt
grimm500	2 23.txt
grimm501	8 18.txt
grimm502	7 7.txt
grimm503	12 23.txt
grimm504	11 9.txt
grimm505	1 12.txt
grimm506	9 23.txt
grimm507	6 29.txt
grimm508	3 8.txt
grimm509	7 18.txt
grimm510	13 18.txt
grimm511	16 33.txt
grimm512	1 52.txt
grimm513	3 15.txt
grimm514	11 12.txt
grimm515	6 25.txt
grimm516	15 16.txt
grimm517	10 30.txt
grimm518	13 17.txt
grimm519	6 15.txt
grimm520	13 15.txt
grimm521	2 51.txt
grimm522	10 3.txt
grimm523	7 6.txt
grimm524	1 50.txt
grimm525	1 18.txt
grimm526	7 3.txt
grimm527	11 14.txt
grimm528	6 28.txt
grimm529	1 41.txt
grimm530	10 36.txt
grimm531	2 69.txt
grimm532	2 34.txt
