gallica1	bpt6k9799111x.txt
gallica2	bpt6k3752267.txt
gallica3	bpt6k9739088g.txt
gallica4	bpt6k5785884w.txt
gallica5	bpt6k61020781.txt
gallica6	bpt6k9626030t.txt
gallica7	bpt6k5849098j.txt
gallica8	bpt6k5542987z.txt
gallica9	bpt6k9735144d.txt
gallica10	bpt6k9676737h.txt
gallica11	bpt6k61287605.txt
gallica12	bpt6k5821216b.txt
gallica13	bpt6k9611567r.txt
gallica14	bpt6k55268078.txt
gallica15	bpt6k6138721b.txt
gallica16	bpt6k9765890w.txt
gallica17	bpt6k5834582k.txt
gallica18	bpt6k65294160.txt
gallica19	bpt6k58593553.txt
gallica20	bpt6k96877195.txt
gallica21	bpt6k5482246g.txt
gallica22	bpt6k5818698g.txt
gallica23	bpt6k6469023m.txt
gallica24	bpt6k5803812t.txt
gallica25	bpt6k6549379q.txt
gallica26	bpt6k6143680k.txt
gallica27	bpt6k6443564v.txt
gallica28	bpt6k5804138z.txt
gallica29	bpt6k98002347.txt
gallica30	bpt6k55650435.txt
gallica31	bpt6k5431855t.txt
gallica32	bpt6k6558231h.txt
gallica33	bpt6k5833602k.txt
gallica34	bpt6k63781510.txt
gallica35	bpt6k6216087r.txt
gallica36	bpt6k5493416m.txt
gallica37	bpt6k5788347t.txt
gallica38	bpt6k9641224s.txt
gallica39	bpt6k97887953.txt
gallica40	bpt6k5611483p.txt
gallica41	bpt6k97744002.txt
gallica42	bpt6k56240786.txt
gallica43	bpt6k6516716t.txt
gallica44	bpt6k62609829.txt
gallica45	bpt6k5695727j.txt
gallica46	bpt6k6522410b.txt
gallica47	bpt6k58550797.txt
gallica48	bpt6k57897374.txt
gallica49	bpt6k65534552.txt
gallica50	bpt6k63543151.txt
gallica51	bpt6k5680907n.txt
gallica52	bpt6k55398403.txt
gallica53	bpt6k5498952r.txt
gallica54	bpt6k65113268.txt
gallica55	bpt6k5860607j.txt
gallica56	bpt6k6317598t.txt
gallica57	bpt6k6379853j.txt
gallica58	bpt6k64953415.txt
gallica59	bpt6k67832q.txt
gallica60	bpt6k5780708m.txt
gallica61	bpt6k6257811s.txt
gallica62	bpt6k5685485p.txt
gallica63	bpt6k57904402.txt
gallica64	bpt6k57059203.txt
gallica65	bpt6k6328530t.txt
gallica66	bpt6k5427691k.txt
gallica67	bpt6k6462337h.txt
gallica68	bpt6k55467047.txt
gallica69	bpt6k97565934.txt
gallica70	bpt6k5790142v.txt
gallica71	bpt6k6464496b.txt
gallica72	bpt6k63146898.txt
gallica73	bpt6k9601206r.txt
gallica74	bpt6k58237388.txt
gallica75	bpt6k5679528z.txt
gallica76	bpt6k5462527m.txt
gallica77	bpt6k5609340s.txt
gallica78	bpt6k6564197z.txt
gallica79	bpt6k5613461q.txt
gallica80	bpt6k9674428w.txt
gallica81	bpt6k5796207m.txt
gallica82	bpt6k65189468.txt
gallica83	bpt6k96132287.txt
gallica84	bpt6k9675788h.txt
gallica85	bpt6k6317695x.txt
gallica86	bpt6k5815774g.txt
gallica87	bpt6k6372130z.txt
gallica88	bpt6k62213225.txt
gallica89	bpt6k5468383d.txt
gallica90	bpt6k57746428.txt
gallica91	bpt6k9611059g.txt
gallica92	bpt6k9809203g.txt
gallica93	bpt6k57809994.txt
gallica94	bpt6k5705518n.txt
gallica95	bpt6k56137143.txt
gallica96	bpt6k5408644p.txt
gallica97	bpt6k5660365g.txt
gallica98	bpt6k5429807z.txt
gallica99	bpt6k6492491g.txt
gallica100	bpt6k58339565.txt
gallica101	bpt6k6255634g.txt
gallica102	bpt6k9610076p.txt
gallica103	bpt6k5784464f.txt
gallica104	bpt6k5468872b.txt
gallica105	bpt6k5550879q.txt
gallica106	bpt6k6518929r.txt
gallica107	bpt6k57878425.txt
gallica108	bpt6k98228065.txt
gallica109	bpt6k6106510d.txt
gallica110	bpt6k12620992.txt
gallica111	bpt6k57343639.txt
gallica112	bpt6k6113159m.txt
gallica113	bpt6k9704241c.txt
gallica114	bpt6k57251234.txt
gallica115	bpt6k5431780j.txt
gallica116	bpt6k5500089z.txt
gallica117	bpt6k5701705g.txt
gallica118	bpt6k61161191.txt
gallica119	bpt6k97523684.txt
gallica120	bpt6k5853896w.txt
gallica121	bpt6k5612960q.txt
gallica122	bpt6k6541590z.txt
gallica123	bpt6k9667979k.txt
gallica124	bpt6k5609708z.txt
gallica125	bpt6k5448522v.txt
gallica126	bpt6k5459165t.txt
gallica127	bpt6k57006816.txt
gallica128	bpt6k64299011.txt
gallica129	bpt6k5611197p.txt
gallica130	bpt6k55431136.txt
gallica131	bpt6k9693749b.txt
gallica132	bpt6k9610801q.txt
gallica133	bpt6k63110720.txt
gallica134	bpt6k61321949.txt
gallica135	bpt6k1025175b.txt
gallica136	bpt6k9764791n.txt
gallica137	bpt6k62142531.txt
gallica138	bpt6k5749593z.txt
gallica139	bpt6k57963195.txt
gallica140	bpt6k1242860d.txt
gallica141	bpt6k5457616f.txt
gallica142	bpt6k5408884w.txt
gallica143	bpt6k1243817q.txt
gallica144	bpt6k56065928.txt
gallica145	bpt6k61087559.txt
gallica146	bpt6k56111508.txt
gallica147	bpt6k5449669x.txt
gallica148	bpt6k5431001h.txt
gallica149	bpt6k97842724.txt
gallica150	bpt6k58341181.txt
gallica151	bpt6k6263716j.txt
gallica152	bpt6k6212784p.txt
gallica153	bpt6k6473246q.txt
gallica154	bpt6k6504971t.txt
gallica155	bpt6k9604863s.txt
gallica156	bpt6k6508064t.txt
gallica157	bpt6k5807585x.txt
gallica158	bpt6k5718159d.txt
gallica159	bpt6k57964754.txt
gallica160	bpt6k6508073s.txt
gallica161	bpt6k5623167f.txt
gallica162	bpt6k5651595b.txt
gallica163	bpt6k5534649k.txt
gallica164	bpt6k6542237v.txt
gallica165	bpt6k56132433.txt
gallica166	bpt6k6502486x.txt
gallica167	bpt6k57841489.txt
gallica168	bpt6k6227635p.txt
gallica169	bpt6k6307340n.txt
gallica170	bpt6k9667187c.txt
gallica171	bpt6k6529053w.txt
gallica172	bpt6k62143289.txt
gallica173	bpt6k55137084.txt
gallica174	bpt6k9763108r.txt
gallica175	bpt6k6368497r.txt
gallica176	bpt6k57886028.txt
gallica177	bpt6k6462164q.txt
gallica178	bpt6k6303655w.txt
gallica179	bpt6k58053898.txt
gallica180	bpt6k1246145j.txt
gallica181	bpt6k6130829h.txt
gallica182	bpt6k65454525.txt
gallica183	bpt6k6181359m.txt
gallica184	bpt6k6526516d.txt
gallica185	bpt6k55767168.txt
gallica186	bpt6k57721989.txt
gallica187	bpt6k57277084.txt
gallica188	bpt6k9760359t.txt
gallica189	bpt6k96627177.txt
gallica190	bpt6k12439172.txt
gallica191	bpt6k96929348.txt
gallica192	bpt6k6219550c.txt
gallica193	bpt6k6128658r.txt
gallica194	bpt6k5660715z.txt
gallica195	bpt6k56069739.txt
gallica196	bpt6k6513594d.txt
gallica197	bpt6k64604162.txt
gallica198	bpt6k9621275j.txt
gallica199	bpt6k62476179.txt
gallica200	bpt6k5427050k.txt
gallica201	bpt6k6265655x.txt
gallica202	bpt6k6372875z.txt
gallica203	bpt6k6550014t.txt
gallica204	bpt6k98004464.txt
gallica205	bpt6k6350816x.txt
gallica206	bpt6k5574974s.txt
gallica207	bpt6k6316031m.txt
gallica208	bpt6k5779015v.txt
gallica209	bpt6k6119409m.txt
gallica210	bpt6k97658897.txt
gallica211	bpt6k96916716.txt
gallica212	bpt6k6313584j.txt
gallica213	bpt6k6528141q.txt
gallica214	bpt6k5488260m.txt
gallica215	bpt6k9636589f.txt
gallica216	bpt6k4330447.txt
gallica217	bpt6k5790392f.txt
gallica218	bpt6k5525197z.txt
gallica219	bpt6k6576737n.txt
gallica220	bpt6k57873693.txt
gallica221	bpt6k12441418.txt
gallica222	bpt6k5849427v.txt
gallica223	bpt6k58494718.txt
gallica224	bpt6k5695238m.txt
gallica225	bpt6k5424966m.txt
gallica226	bpt6k57428235.txt
gallica227	bpt6k64592179.txt
gallica228	bpt6k6532631g.txt
gallica229	bpt6k5425270d.txt
gallica230	bpt6k5858052h.txt
gallica231	bpt6k54215684.txt
gallica232	bpt6k6119531s.txt
gallica233	bpt6k56516392.txt
gallica234	bpt6k6350501f.txt
gallica235	bpt6k9746425p.txt
gallica236	bpt6k9794111c.txt
gallica237	bpt6k5626332v.txt
gallica238	bpt6k6366078d.txt
gallica239	bpt6k61077001.txt
gallica240	bpt6k6264644t.txt
gallica241	bpt6k1249899f.txt
gallica242	bpt6k57855235.txt
gallica243	bpt6k6544941s.txt
gallica244	bpt6k5772543q.txt
gallica245	bpt6k6524150f.txt
gallica246	bpt6k5575002h.txt
gallica247	bpt6k97843608.txt
gallica248	bpt6k9617120t.txt
gallica249	bpt6k6541154q.txt
gallica250	bpt6k5695570v.txt
gallica251	bpt6k55557209.txt
gallica252	bpt6k96087413.txt
gallica253	bpt6k6388920g.txt
gallica254	bpt6k6377992c.txt
gallica255	bpt6k65504784.txt
gallica256	bpt6k113403m.txt
gallica257	bpt6k5607048f.txt
gallica258	bpt6k54618792.txt
gallica259	bpt6k6200061c.txt
gallica260	bpt6k5859825p.txt
gallica261	bpt6k5791105w.txt
gallica262	bpt6k61523756.txt
gallica263	bpt6k5400467h.txt
gallica264	bpt6k9764049n.txt
gallica265	bpt6k5576660b.txt
gallica266	bpt6k9671423w.txt
gallica267	bpt6k5589412s.txt
gallica268	bpt6k5723994b.txt
gallica269	bpt6k5600238k.txt
gallica270	bpt6k5601108d.txt
gallica271	bpt6k5507881k.txt
gallica272	bpt6k9605192d.txt
gallica273	bpt6k5561968v.txt
gallica274	bpt6k65775148.txt
gallica275	bpt6k56160722.txt
gallica276	bpt6k65239519.txt
gallica277	bpt6k55651408.txt
gallica278	bpt6k5833313b.txt
gallica279	bpt6k6472581w.txt
gallica280	bpt6k5504225z.txt
gallica281	bpt6k6265724q.txt
gallica282	bpt6k6348161j.txt
gallica283	bpt6k9674676n.txt
gallica284	bpt6k5607486h.txt
gallica285	bpt6k5623591g.txt
gallica286	bpt6k58129213.txt
gallica287	bpt6k65452245.txt
gallica288	bpt6k6261472h.txt
gallica289	bpt6k5545339r.txt
gallica290	bpt6k58333081.txt
gallica291	bpt6k5510879m.txt
gallica292	bpt6k5557425z.txt
gallica293	bpt6k55237374.txt
gallica294	bpt6k5721731h.txt
gallica295	bpt6k6236699k.txt
gallica296	bpt6k6518855w.txt
gallica297	bpt6k6474158w.txt
gallica298	bpt6k55766039.txt
gallica299	bpt6k9614436s.txt
gallica300	bpt6k5502190k.txt
gallica301	bpt6k5786670g.txt
gallica302	bpt6k6121762t.txt
gallica303	bpt6k6257465z.txt
gallica304	bpt6k6456233g.txt
gallica305	bpt6k58091284.txt
gallica306	bpt6k62781985.txt
gallica307	bpt6k1262596j.txt
gallica308	bpt6k6102235z.txt
gallica309	bpt6k12501167.txt
gallica310	bpt6k62602995.txt
gallica311	bpt6k6297677z.txt
gallica312	bpt6k6124582t.txt
gallica313	bpt6k58595603.txt
gallica314	bpt6k5447383j.txt
gallica315	bpt6k56119145.txt
gallica316	bpt6k96341725.txt
gallica317	bpt6k6262749m.txt
gallica318	bpt6k54443893.txt
gallica319	bpt6k5461493z.txt
gallica320	bpt6k6370830r.txt
gallica321	bpt6k6150657p.txt
gallica322	bpt6k5788511w.txt
gallica323	bpt6k9748133t.txt
gallica324	bpt6k12698515.txt
gallica325	bpt6k1265784z.txt
gallica326	bpt6k6458318r.txt
gallica327	bpt6k6136347k.txt
gallica328	bpt6k9766084q.txt
gallica329	bpt6k5740361h.txt
gallica330	bpt6k58237959.txt
gallica331	bpt6k5780055v.txt
gallica332	bpt6k9691697f.txt
gallica333	bpt6k9600428q.txt
gallica334	bpt6k55124593.txt
gallica335	bpt6k6336854x.txt
gallica336	bpt6k6278218g.txt
gallica337	bpt6k1115088.txt
gallica338	bpt6k56538134.txt
gallica339	bpt6k6100206m.txt
gallica340	bpt6k63740285.txt
gallica341	bpt6k6568542m.txt
gallica342	bpt6k96928961.txt
gallica343	bpt6k64690189.txt
gallica344	bpt6k1265564h.txt
gallica345	bpt6k5830244m.txt
gallica346	bpt6k97761316.txt
gallica347	bpt6k5510611b.txt
gallica348	bpt6k63198067.txt
gallica349	bpt6k5658083k.txt
gallica350	bpt6k5662197c.txt
gallica351	bpt6k5661665t.txt
gallica352	bpt6k6459386w.txt
gallica353	bpt6k6548088b.txt
gallica354	bpt6k56298951.txt
gallica355	bpt6k62030330.txt
gallica356	bpt6k5468250p.txt
gallica357	bpt6k5577489f.txt
gallica358	bpt6k6101179g.txt
gallica359	bpt6k54821145.txt
gallica360	bpt6k9794179z.txt
gallica361	bpt6k9751999f.txt
gallica362	bpt6k5788886n.txt
gallica363	bpt6k9677513q.txt
gallica364	bpt6k6200422n.txt
gallica365	bpt6k5478213p.txt
gallica366	bpt6k6524841w.txt
gallica367	bpt6k9765896c.txt
gallica368	bpt6k65675659.txt
gallica369	bpt6k5713197j.txt
gallica370	bpt6k61002323.txt
gallica371	bpt6k54935960.txt
gallica372	bpt6k58022556.txt
gallica373	bpt6k65189787.txt
gallica374	bpt6k61161495.txt
gallica375	bpt6k62331654.txt
gallica376	bpt6k9766511j.txt
gallica377	bpt6k96929489.txt
gallica378	bpt6k9820374n.txt
gallica379	bpt6k5496452d.txt
gallica380	bpt6k9627252d.txt
gallica381	bpt6k6113288p.txt
gallica382	bpt6k5626091p.txt
gallica383	bpt6k97583131.txt
gallica384	bpt6k61246113.txt
gallica385	bpt6k6380995q.txt
gallica386	bpt6k6518942m.txt
gallica387	bpt6k6524308j.txt
gallica388	bpt6k5530031k.txt
gallica389	bpt6k5789925m.txt
gallica390	bpt6k63553301.txt
gallica391	bpt6k61500818.txt
gallica392	bpt6k61800383.txt
gallica393	bpt6k9812096j.txt
gallica394	bpt6k5629629b.txt
gallica395	bpt6k97650830.txt
gallica396	bpt6k5813257m.txt
gallica397	bpt6k5613082h.txt
gallica398	bpt6k6220836m.txt
gallica399	bpt6k55234284.txt
gallica400	bpt6k61002375.txt
gallica401	bpt6k57903392.txt
gallica402	bpt6k55621351.txt
gallica403	bpt6k56119768.txt
gallica404	bpt6k5809648m.txt
gallica405	bpt6k5526316h.txt
gallica406	bpt6k6565427n.txt
gallica407	bpt6k55119427.txt
gallica408	bpt6k6548665d.txt
gallica409	bpt6k58509895.txt
gallica410	bpt6k5771931k.txt
gallica411	bpt6k6248019c.txt
gallica412	bpt6k63191203.txt
gallica413	bpt6k6539462h.txt
gallica414	bpt6k6553855f.txt
gallica415	bpt6k6264196t.txt
gallica416	bpt6k57314481.txt
gallica417	bpt6k54682491.txt
gallica418	bpt6k6479981f.txt
gallica419	bpt6k5661388s.txt
gallica420	bpt6k9763234k.txt
gallica421	bpt6k96142593.txt
gallica422	bpt6k9617205g.txt
gallica423	bpt6k5661209t.txt
gallica424	bpt6k5849602q.txt
gallica425	bpt6k9633841q.txt
gallica426	bpt6k6128303r.txt
gallica427	bpt6k5504292c.txt
gallica428	bpt6k6379124d.txt
gallica429	bpt6k5804065h.txt
gallica430	bpt6k61243149.txt
gallica431	bpt6k12436972.txt
gallica432	bpt6k6207977h.txt
gallica433	bpt6k57936806.txt
gallica434	bpt6k56751646.txt
gallica435	bpt6k57941957.txt
gallica436	bpt6k6562413p.txt
gallica437	bpt6k5596644s.txt
gallica438	bpt6k5619178t.txt
gallica439	bpt6k5612912n.txt
gallica440	bpt6k56645640.txt
gallica441	bpt6k65673876.txt
gallica442	bpt6k5502232g.txt
gallica443	bpt6k9680625c.txt
gallica444	bpt6k5754509r.txt
gallica445	bpt6k65804623.txt
gallica446	bpt6k5832757k.txt
gallica447	bpt6k55684229.txt
gallica448	bpt6k1240203p.txt
gallica449	bpt6k5793753n.txt
gallica450	bpt6k5624165x.txt
gallica451	bpt6k5612209r.txt
gallica452	bpt6k5660697g.txt
gallica453	bpt6k58184269.txt
gallica454	bpt6k9809118k.txt
gallica455	bpt6k9766004p.txt
gallica456	bpt6k5488118p.txt
gallica457	bpt6k242315.txt
gallica458	bpt6k62573809.txt
gallica459	bpt6k6478925h.txt
gallica460	bpt6k5625366b.txt
gallica461	bpt6k5612614f.txt
gallica462	bpt6k6264614p.txt
gallica463	bpt6k6208043x.txt
gallica464	bpt6k5623112g.txt
gallica465	bpt6k5802023j.txt
gallica466	bpt6k58114019.txt
gallica467	bpt6k5809498t.txt
gallica468	bpt6k5699009f.txt
gallica469	bpt6k56620229.txt
gallica470	bpt6k5601402z.txt
gallica471	bpt6k97073882.txt
gallica472	bpt6k6338702g.txt
gallica473	bpt6k480242g.txt
gallica474	bpt6k6158601s.txt
gallica475	bpt6k5711017j.txt
gallica476	bpt6k96011747.txt
gallica477	bpt6k6551730n.txt
gallica478	bpt6k5668247p.txt
gallica479	bpt6k5626435f.txt
gallica480	bpt6k9766073x.txt
gallica481	bpt6k55403485.txt
gallica482	bpt6k56074267.txt
gallica483	bpt6k54444636.txt
gallica484	bpt6k9761813v.txt
gallica485	bpt6k62577383.txt
gallica486	bpt6k9765411w.txt
gallica487	bpt6k58187070.txt
gallica488	bpt6k5453942q.txt
gallica489	bpt6k58048302.txt
gallica490	bpt6k5712263s.txt
gallica491	bpt6k9690057j.txt
gallica492	bpt6k63703976.txt
gallica493	bpt6k65561853.txt
gallica494	bpt6k5613366f.txt
gallica495	bpt6k63661491.txt
gallica496	bpt6k9674383r.txt
gallica497	bpt6k5815098g.txt
gallica498	bpt6k54999559.txt
gallica499	bpt6k5611695k.txt
gallica500	bpt6k6429930r.txt
gallica501	bpt6k61054204.txt
gallica502	bpt6k56281922.txt
gallica503	bpt6k56571752.txt
gallica504	bpt6k96737936.txt
gallica505	bpt6k1265718z.txt
gallica506	bpt6k6132546m.txt
gallica507	bpt6k58320931.txt
gallica508	bpt6k97661271.txt
gallica509	bpt6k65746865.txt
gallica510	bpt6k5796230v.txt
gallica511	bpt6k55299279.txt
gallica512	bpt6k5837336k.txt
gallica513	bpt6k5471178h.txt
gallica514	bpt6k5806943n.txt
gallica515	bpt6k57077075.txt
gallica516	bpt6k5579576s.txt
gallica517	bpt6k6562017z.txt
gallica518	bpt6k5542480b.txt
gallica519	bpt6k96248158.txt
gallica520	bpt6k64346202.txt
gallica521	bpt6k61291694.txt
gallica522	bpt6k5783969x.txt
gallica523	bpt6k6332679t.txt
gallica524	bpt6k6269683g.txt
gallica525	bpt6k97992682.txt
gallica526	bpt6k9761182p.txt
gallica527	bpt6k6124649j.txt
gallica528	bpt6k64545438.txt
gallica529	bpt6k9609710v.txt
gallica530	bpt6k5742358n.txt
gallica531	bpt6k5439392v.txt
gallica532	bpt6k5475272m.txt
gallica533	bpt6k5499247b.txt
gallica534	bpt6k6210675r.txt
gallica535	bpt6k65690908.txt
gallica536	bpt6k5788570r.txt
gallica537	bpt6k6436352m.txt
gallica538	bpt6k57182642.txt
gallica539	bpt6k56296819.txt
gallica540	bpt6k61151686.txt
gallica541	bpt6k5833026x.txt
gallica542	bpt6k5715416r.txt
gallica543	bpt6k6102273n.txt
gallica544	bpt6k56254280.txt
gallica545	bpt6k63075833.txt
gallica546	bpt6k5550934g.txt
gallica547	bpt6k9687782x.txt
gallica548	bpt6k5675751n.txt
gallica549	bpt6k6438385m.txt
gallica550	bpt6k58461022.txt
gallica551	bpt6k5619369j.txt
gallica552	bpt6k97667258.txt
gallica553	bpt6k5612985j.txt
gallica554	bpt6k1246127m.txt
gallica555	bpt6k5783957q.txt
gallica556	bpt6k6149524g.txt
gallica557	bpt6k6267455v.txt
gallica558	bpt6k6459711j.txt
gallica559	bpt6k5567088c.txt
gallica560	bpt6k6219126b.txt
gallica561	bpt6k6341644k.txt
gallica562	bpt6k57591325.txt
gallica563	bpt6k62651059.txt
gallica564	bpt6k9680227t.txt
gallica565	bpt6k1242218r.txt
gallica566	bpt6k96869540.txt
gallica567	bpt6k5469466j.txt
gallica568	bpt6k9804364z.txt
gallica569	bpt6k6279688t.txt
gallica570	bpt6k5796729x.txt
gallica571	bpt6k9818380k.txt
gallica572	bpt6k6234375h.txt
gallica573	bpt6k9647732x.txt
gallica574	bpt6k6459274b.txt
gallica575	bpt6k6492119q.txt
gallica576	bpt6k5510419z.txt
gallica577	bpt6k55458953.txt
gallica578	bpt6k5740396q.txt
gallica579	bpt6k57862132.txt
gallica580	bpt6k57121176.txt
gallica581	bpt6k6457048j.txt
gallica582	bpt6k5628786d.txt
gallica583	bpt6k6368008c.txt
gallica584	bpt6k6257785r.txt
gallica585	bpt6k97552716.txt
gallica586	bpt6k61509851.txt
gallica587	bpt6k6259837n.txt
gallica588	bpt6k6100092p.txt
gallica589	bpt6k56234469.txt
gallica590	bpt6k61503107.txt
gallica591	bpt6k6124901r.txt
gallica592	bpt6k9795676r.txt
gallica593	bpt6k96899182.txt
gallica594	bpt6k9600328c.txt
gallica595	bpt6k9614391n.txt
gallica596	bpt6k9661933q.txt
gallica597	bpt6k57117547.txt
gallica598	bpt6k56208920.txt
gallica599	bpt6k63175945.txt
gallica600	bpt6k97730664.txt
gallica601	bpt6k6423247r.txt
gallica602	bpt6k5608543d.txt
gallica603	bpt6k65406277.txt
gallica604	bpt6k5567291j.txt
gallica605	bpt6k61132826.txt
gallica606	bpt6k9659763c.txt
gallica607	bpt6k55442252.txt
gallica608	bpt6k5674736n.txt
gallica609	bpt6k96014281.txt
gallica610	bpt6k6471355d.txt
gallica611	bpt6k5846625s.txt
gallica612	bpt6k6543143j.txt
gallica613	bpt6k63512751.txt
gallica614	bpt6k5779042r.txt
gallica615	bpt6k6503162s.txt
gallica616	bpt6k1244929k.txt
gallica617	bpt6k97426521.txt
gallica618	bpt6k5534944j.txt
gallica619	bpt6k54474100.txt
gallica620	bpt6k6207940g.txt
gallica621	bpt6k96130934.txt
gallica622	bpt6k56952643.txt
gallica623	bpt6k63424609.txt
gallica624	bpt6k1268939r.txt
gallica625	bpt6k9766203z.txt
gallica626	bpt6k9662206q.txt
gallica627	bpt6k56564054.txt
gallica628	bpt6k5468311x.txt
gallica629	bpt6k96002711.txt
gallica630	bpt6k6353919f.txt
gallica631	bpt6k64380096.txt
gallica632	bpt6k56271438.txt
gallica633	bpt6k64776203.txt
gallica634	bpt6k5830089h.txt
gallica635	bpt6k65415862.txt
gallica636	bpt6k5802276c.txt
gallica637	bpt6k6115543r.txt
gallica638	bpt6k62208089.txt
gallica639	bpt6k97604810.txt
gallica640	bpt6k98006818.txt
gallica641	bpt6k6517159t.txt
gallica642	bpt6k63020810.txt
gallica643	bpt6k5477869t.txt
gallica644	bpt6k5660862z.txt
gallica645	bpt6k64833077.txt
gallica646	bpt6k9773176v.txt
gallica647	bpt6k5629751h.txt
gallica648	bpt6k6545729z.txt
gallica649	bpt6k6113305r.txt
gallica650	bpt6k6319504c.txt
gallica651	bpt6k10250980.txt
gallica652	bpt6k6119519b.txt
gallica653	bpt6k96693171.txt
gallica654	bpt6k6547512m.txt
gallica655	bpt6k6519033v.txt
gallica656	bpt6k9803761s.txt
gallica657	bpt6k5773353q.txt
gallica658	bpt6k65743812.txt
gallica659	bpt6k5821181k.txt
gallica660	bpt6k57277907.txt
gallica661	bpt6k6370643p.txt
gallica662	bpt6k5624590c.txt
gallica663	bpt6k98000868.txt
gallica664	bpt6k6516660w.txt
gallica665	bpt6k5695755v.txt
gallica666	bpt6k5788040w.txt
gallica667	bpt6k9781726p.txt
gallica668	bpt6k6374100f.txt
gallica669	bpt6k5818339k.txt
gallica670	bpt6k9760277d.txt
gallica671	bpt6k5821569h.txt
gallica672	bpt6k5426994j.txt
gallica673	bpt6k6581592w.txt
gallica674	bpt6k96622163.txt
gallica675	bpt6k55351050.txt
gallica676	bpt6k6255544h.txt
gallica677	bpt6k54426779.txt
gallica678	bpt6k63502141.txt
gallica679	bpt6k5475892f.txt
gallica680	bpt6k6464082x.txt
gallica681	bpt6k5722294m.txt
gallica682	bpt6k62078597.txt
gallica683	bpt6k5568538h.txt
gallica684	bpt6k9757970t.txt
gallica685	bpt6k96903884.txt
gallica686	bpt6k64876708.txt
gallica687	bpt6k56255876.txt
gallica688	bpt6k6125813x.txt
gallica689	bpt6k56597839.txt
gallica690	bpt6k5530848m.txt
gallica691	bpt6k5474949g.txt
gallica692	bpt6k6276277q.txt
gallica693	bpt6k6138622d.txt
gallica694	bpt6k63053453.txt
gallica695	bpt6k6377750b.txt
gallica696	bpt6k58216760.txt
gallica697	bpt6k63561861.txt
gallica698	bpt6k6150279w.txt
gallica699	bpt6k1250992c.txt
gallica700	bpt6k57901097.txt
gallica701	bpt6k55252445.txt
gallica702	bpt6k9611484x.txt
gallica703	bpt6k9610468h.txt
gallica704	bpt6k55006891.txt
gallica705	bpt6k5494939n.txt
gallica706	bpt6k6349670j.txt
gallica707	bpt6k5658330g.txt
gallica708	bpt6k6457069q.txt
gallica709	bpt6k5790587t.txt
gallica710	bpt6k5551695f.txt
gallica711	bpt6k9762066j.txt
gallica712	bpt6k6222998p.txt
gallica713	bpt6k5696055r.txt
gallica714	bpt6k5846965b.txt
gallica715	bpt6k58021516.txt
gallica716	bpt6k5505645d.txt
gallica717	bpt6k5734457x.txt
gallica718	bpt6k96098974.txt
gallica719	bpt6k6471680h.txt
gallica720	bpt6k5658893q.txt
gallica721	bpt6k6531955m.txt
gallica722	bpt6k97674637.txt
gallica723	bpt6k64799994.txt
gallica724	bpt6k65326213.txt
gallica725	bpt6k5808513r.txt
gallica726	bpt6k6580277v.txt
gallica727	bpt6k5579276r.txt
gallica728	bpt6k202416s.txt
gallica729	bpt6k6121450k.txt
gallica730	bpt6k6208906r.txt
gallica731	bpt6k5448711r.txt
gallica732	bpt6k54377983.txt
gallica733	bpt6k5577741n.txt
gallica734	bpt6k6568073f.txt
gallica735	bpt6k5683955n.txt
gallica736	bpt6k61198483.txt
gallica737	bpt6k86301326.txt
gallica738	bpt6k9613884x.txt
gallica739	bpt6k6518983j.txt
gallica740	bpt6k63714098.txt
gallica741	bpt6k97562488.txt
gallica742	bpt6k6531496t.txt
gallica743	bpt6k6115141j.txt
gallica744	bpt6k5435905h.txt
gallica745	bpt6k5813324k.txt
gallica746	bpt6k5429550x.txt
gallica747	bpt6k5460745m.txt
gallica748	bpt6k6221356z.txt
gallica749	bpt6k65444857.txt
gallica750	bpt6k55338155.txt
gallica751	bpt6k5499065k.txt
gallica752	bpt6k6315076w.txt
gallica753	bpt6k12456256.txt
gallica754	bpt6k6485242z.txt
gallica755	bpt6k61296975.txt
gallica756	bpt6k5462919f.txt
gallica757	bpt6k5628965x.txt
gallica758	bpt6k9671470j.txt
gallica759	bpt6k3336091t.txt
gallica760	bpt6k56066894.txt
gallica761	bpt6k6564103w.txt
gallica762	bpt6k5536591f.txt
gallica763	bpt6k5611665f.txt
gallica764	bpt6k6248337b.txt
gallica765	bpt6k6577992v.txt
gallica766	bpt6k5629495n.txt
gallica767	bpt6k6378921m.txt
gallica768	bpt6k6150555h.txt
gallica769	bpt6k58060491.txt
gallica770	bpt6k58357652.txt
gallica771	bpt6k54495136.txt
gallica772	bpt6k54607142.txt
gallica773	bpt6k6150299n.txt
gallica774	bpt6k57723023.txt
gallica775	bpt6k58492364.txt
gallica776	bpt6k5545947c.txt
gallica777	bpt6k5787819x.txt
gallica778	bpt6k54923359.txt
gallica779	bpt6k97456697.txt
gallica780	bpt6k9737217g.txt
gallica781	bpt6k54607676.txt
gallica782	bpt6k9617237f.txt
gallica783	bpt6k96792814.txt
gallica784	bpt6k6525872r.txt
gallica785	bpt6k5711840j.txt
gallica786	bpt6k5662071s.txt
gallica787	bpt6k98013448.txt
gallica788	bpt6k54822363.txt
gallica789	bpt6k6105186v.txt
gallica790	bpt6k65621038.txt
gallica791	bpt6k6419962f.txt
gallica792	bpt6k6127165v.txt
gallica793	bpt6k6497279w.txt
gallica794	bpt6k6517622h.txt
gallica795	bpt6k6469800c.txt
gallica796	bpt6k5436795j.txt
gallica797	bpt6k6475152q.txt
gallica798	bpt6k97604936.txt
gallica799	bpt6k9810126m.txt
gallica800	bpt6k56500262.txt
gallica801	bpt6k5664577m.txt
gallica802	bpt6k5542454v.txt
gallica803	bpt6k5719928x.txt
gallica804	bpt6k57025995.txt
gallica805	bpt6k5545519p.txt
gallica806	bpt6k5676026g.txt
gallica807	bpt6k9791314c.txt
gallica808	bpt6k5789613c.txt
gallica809	bpt6k97990016.txt
gallica810	bpt6k6265127w.txt
gallica811	bpt6k5487487n.txt
gallica812	bpt6k5536604m.txt
gallica813	bpt6k5818311h.txt
gallica814	bpt6k9760130n.txt
gallica815	bpt6k61076903.txt
gallica816	bpt6k5802317v.txt
gallica817	bpt6k64640217.txt
gallica818	bpt6k9774470q.txt
gallica819	bpt6k55484309.txt
gallica820	bpt6k65247864.txt
gallica821	bpt6k6289076t.txt
gallica822	bpt6k65247382.txt
gallica823	bpt6k5807792r.txt
gallica824	bpt6k5525458w.txt
gallica825	bpt6k6149399h.txt
gallica826	bpt6k57889489.txt
gallica827	bpt6k62651697.txt
gallica828	bpt6k5829968z.txt
gallica829	bpt6k9641319t.txt
gallica830	bpt6k56122320.txt
gallica831	bpt6k6580652d.txt
gallica832	bpt6k5691605c.txt
gallica833	bpt6k62107345.txt
gallica834	bpt6k5667636z.txt
gallica835	bpt6k12435828.txt
gallica836	bpt6k6528960t.txt
gallica837	bpt6k5860928r.txt
gallica838	bpt6k65765747.txt
gallica839	bpt6k9668916c.txt
gallica840	bpt6k5667889s.txt
gallica841	bpt6k62171133.txt
gallica842	bpt6k5551071z.txt
gallica843	bpt6k61198661.txt
gallica844	bpt6k5543125d.txt
gallica845	bpt6k6355159t.txt
gallica846	bpt6k5443171d.txt
gallica847	bpt6k62281269.txt
gallica848	bpt6k6152901z.txt
gallica849	bpt6k5683983z.txt
gallica850	bpt6k57332056.txt
gallica851	bpt6k64573386.txt
gallica852	bpt6k56256790.txt
gallica853	bpt6k55292393.txt
gallica854	bpt6k65580075.txt
gallica855	bpt6k6467192k.txt
gallica856	bpt6k6268086b.txt
gallica857	bpt6k6557908c.txt
gallica858	bpt6k5607201q.txt
gallica859	bpt6k58056150.txt
gallica860	bpt6k9621276z.txt
gallica861	bpt6k58079162.txt
gallica862	bpt6k5654253w.txt
gallica863	bpt6k62260767.txt
gallica864	bpt6k6518092d.txt
gallica865	bpt6k6574754j.txt
gallica866	bpt6k6527539q.txt
gallica867	bpt6k5477825n.txt
gallica868	bpt6k96743860.txt
gallica869	bpt6k64584257.txt
gallica870	bpt6k98062395.txt
gallica871	bpt6k6323079s.txt
gallica872	bpt6k5613193n.txt
gallica873	bpt6k6111867z.txt
gallica874	bpt6k6459175d.txt
gallica875	bpt6k5780226t.txt
gallica876	bpt6k5620553v.txt
gallica877	bpt6k64802692.txt
gallica878	bpt6k58392289.txt
gallica879	bpt6k5801324p.txt
gallica880	bpt6k62023611.txt
gallica881	bpt6k5612297b.txt
gallica882	bpt6k58197450.txt
gallica883	bpt6k5555710x.txt
gallica884	bpt6k61290580.txt
gallica885	bpt6k9622752k.txt
gallica886	bpt6k6257564w.txt
gallica887	bpt6k56234558.txt
gallica888	bpt6k62602943.txt
gallica889	bpt6k9674559s.txt
gallica890	bpt6k62702506.txt
gallica891	bpt6k5772708z.txt
gallica892	bpt6k6585457b.txt
gallica893	bpt6k57855005.txt
gallica894	bpt6k96606623.txt
gallica895	bpt6k55263546.txt
gallica896	bpt6k9607477c.txt
gallica897	bpt6k6266038n.txt
gallica898	bpt6k9606225n.txt
gallica899	bpt6k98099420.txt
gallica900	bpt6k58518093.txt
gallica901	bpt6k5576828t.txt
gallica902	bpt6k64701362.txt
gallica903	bpt6k9785999h.txt
gallica904	bpt6k5766397j.txt
gallica905	bpt6k6213678x.txt
gallica906	bpt6k64788893.txt
gallica907	bpt6k9759314r.txt
gallica908	bpt6k65169138.txt
gallica909	bpt6k56519007.txt
gallica910	bpt6k5660450c.txt
gallica911	bpt6k6472959f.txt
gallica912	bpt6k97741053.txt
gallica913	bpt6k5425926d.txt
gallica914	bpt6k6317592b.txt
gallica915	bpt6k6494902t.txt
gallica916	bpt6k6497784x.txt
gallica917	bpt6k12494213.txt
gallica918	bpt6k5468430m.txt
gallica919	bpt6k57756163.txt
gallica920	bpt6k6524938r.txt
gallica921	bpt6k97632068.txt
gallica922	bpt6k96035851.txt
gallica923	bpt6k6227831q.txt
gallica924	bpt6k6541819p.txt
gallica925	bpt6k5525128q.txt
gallica926	bpt6k5498839j.txt
gallica927	bpt6k62608945.txt
gallica928	bpt6k57276860.txt
gallica929	bpt6k6459570q.txt
gallica930	bpt6k6221784n.txt
gallica931	bpt6k5820772c.txt
gallica932	bpt6k57936962.txt
gallica933	bpt6k6424200n.txt
gallica934	bpt6k5813965k.txt
gallica935	bpt6k9762564f.txt
gallica936	bpt6k9600749x.txt
gallica937	bpt6k55125566.txt
gallica938	bpt6k55401561.txt
gallica939	bpt6k5706050f.txt
gallica940	btv1b8530254c.txt
gallica941	bpt6k6263541x.txt
gallica942	bpt6k9617238v.txt
gallica943	bpt6k54448410.txt
gallica944	bpt6k6577365w.txt
gallica945	bpt6k5652099k.txt
gallica946	bpt6k9614654d.txt
gallica947	bpt6k57897144.txt
gallica948	bpt6k9600624r.txt
gallica949	bpt6k5499872g.txt
gallica950	bpt6k6454816d.txt
gallica951	bpt6k6515848t.txt
gallica952	bpt6k6459146p.txt
gallica953	bpt6k98044827.txt
gallica954	bpt6k9669076v.txt
gallica955	bpt6k6544618h.txt
gallica956	bpt6k6510387n.txt
gallica957	bpt6k5839844g.txt
gallica958	bpt6k9777109p.txt
gallica959	bpt6k6469051x.txt
gallica960	bpt6k5837555m.txt
gallica961	bpt6k57182783.txt
gallica962	bpt6k1057720w.txt
gallica963	bpt6k9610768j.txt
gallica964	bpt6k5783897w.txt
gallica965	bpt6k6515854j.txt
gallica966	bpt6k6569199b.txt
gallica967	bpt6k96015788.txt
gallica968	bpt6k57394458.txt
gallica969	bpt6k6208458r.txt
gallica970	bpt6k62064x.txt
gallica971	bpt6k6515209n.txt
gallica972	bpt6k9600579c.txt
gallica973	bpt6k6216031c.txt
gallica974	bpt6k6267464t.txt
gallica975	bpt6k65159507.txt
gallica976	bpt6k5711727b.txt
gallica977	bpt6k5789343g.txt
gallica978	bpt6k6566894r.txt
gallica979	bpt6k62213240.txt
gallica980	bpt6k61028514.txt
gallica981	bpt6k5745629w.txt
gallica982	bpt6k63572554.txt
gallica983	bpt6k6465739n.txt
gallica984	bpt6k5449484x.txt
gallica985	bpt6k9766133r.txt
gallica986	bpt6k5410613x.txt
gallica987	bpt6k6354689c.txt
gallica988	bpt6k57727902.txt
gallica989	bpt6k5499157c.txt
gallica990	bpt6k64516940.txt
gallica991	bpt6k6569043m.txt
gallica992	bpt6k64591562.txt
gallica993	bpt6k5652713g.txt
gallica994	bpt6k9765401h.txt
gallica995	bpt6k6264175n.txt
gallica996	bpt6k5832026m.txt
gallica997	bpt6k1265666p.txt
gallica998	bpt6k5530807p.txt
gallica999	bpt6k9602447p.txt
gallica1000	bpt6k6460142h.txt
gallica1001	bpt6k57189951.txt
gallica1002	bpt6k62287234.txt
gallica1003	bpt6k5684331g.txt
gallica1004	bpt6k55437331.txt
gallica1005	bpt6k6130013w.txt
gallica1006	bpt6k54078108.txt
gallica1007	bpt6k96184932.txt
gallica1008	bpt6k97679829.txt
gallica1009	bpt6k6547096k.txt
gallica1010	bpt6k96149672.txt
gallica1011	bpt6k61337241.txt
gallica1012	bpt6k64673854.txt
gallica1013	bpt6k5858978v.txt
gallica1014	bpt6k97390538.txt
gallica1015	bpt6k64715160.txt
gallica1016	bpt6k6222331f.txt
gallica1017	bpt6k6373802c.txt
gallica1018	bpt6k6461153m.txt
gallica1019	bpt6k6544297r.txt
gallica1020	bpt6k56025513.txt
gallica1021	bpt6k6350903n.txt
gallica1022	bpt6k5468755g.txt
gallica1023	bpt6k5796239k.txt
gallica1024	bpt6k58441597.txt
gallica1025	bpt6k5723537x.txt
gallica1026	bpt6k5810206c.txt
gallica1027	bpt6k5682374m.txt
gallica1028	bpt6k6325472w.txt
gallica1029	bpt6k9740932p.txt
gallica1030	bpt6k62278480.txt
gallica1031	bpt6k62019307.txt
gallica1032	bpt6k54511749.txt
gallica1033	bpt6k9762954f.txt
gallica1034	bpt6k57875728.txt
gallica1035	bpt6k56511541.txt
gallica1036	bpt6k104222b.txt
gallica1037	bpt6k5525068w.txt
gallica1038	bpt6k5403512t.txt
gallica1039	bpt6k6478175n.txt
gallica1040	bpt6k6278216n.txt
gallica1041	bpt6k5833030t.txt
gallica1042	bpt6k96671829.txt
gallica1043	bpt6k5794164p.txt
gallica1044	bpt6k5815770t.txt
gallica1045	bpt6k9673403r.txt
gallica1046	bpt6k6349219m.txt
gallica1047	bpt6k57854818.txt
gallica1048	bpt6k5505605w.txt
gallica1049	bpt6k5821950s.txt
gallica1050	bpt6k57423132.txt
gallica1051	bpt6k54487674.txt
gallica1052	bpt6k62145762.txt
gallica1053	bpt6k5793712q.txt
gallica1054	bpt6k5695347x.txt
gallica1055	bpt6k58098400.txt
gallica1056	bpt6k6513867j.txt
gallica1057	bpt6k75785r.txt
gallica1058	bpt6k5777346t.txt
gallica1059	bpt6k6525140c.txt
gallica1060	bpt6k96169060.txt
gallica1061	bpt6k5468773d.txt
gallica1062	bpt6k5477158m.txt
gallica1063	bpt6k5716048n.txt
gallica1064	bpt6k5821736t.txt
gallica1065	bpt6k6472335z.txt
gallica1066	bpt6k5467952m.txt
gallica1067	bpt6k5766514z.txt
gallica1068	bpt6k6550673r.txt
gallica1069	bpt6k9642158j.txt
gallica1070	bpt6k5832709h.txt
gallica1071	bpt6k98000015.txt
gallica1072	bpt6k5628860h.txt
gallica1073	bpt6k5848283g.txt
gallica1074	bpt6k56515300.txt
gallica1075	bpt6k9756273b.txt
gallica1076	bpt6k5493718g.txt
gallica1077	bpt6k64978k.txt
gallica1078	bpt6k54682424.txt
gallica1079	bpt6k9756708g.txt
gallica1080	bpt6k5438548t.txt
gallica1081	bpt6k9786325f.txt
gallica1082	bpt6k9609640n.txt
gallica1083	bpt6k97301651.txt
gallica1084	bpt6k61484680.txt
gallica1085	bpt6k5695184h.txt
gallica1086	bpt6k62079214.txt
gallica1087	bpt6k5507400r.txt
gallica1088	bpt6k9618096x.txt
gallica1089	bpt6k6536507q.txt
gallica1090	bpt6k54685833.txt
gallica1091	bpt6k6550775x.txt
gallica1092	bpt6k9799422r.txt
gallica1093	bpt6k6375593s.txt
gallica1094	bpt6k96028561.txt
gallica1095	bpt6k57224875.txt
gallica1096	bpt6k56261807.txt
gallica1097	bpt6k56680529.txt
gallica1098	bpt6k61387717.txt
gallica1099	bpt6k58207976.txt
gallica1100	bpt6k57243453.txt
gallica1101	bpt6k64694215.txt
gallica1102	bpt6k5523460b.txt
gallica1103	bpt6k6497770w.txt
gallica1104	bpt6k5817551d.txt
gallica1105	bpt6k5473168r.txt
gallica1106	bpt6k56847343.txt
gallica1107	bpt6k5829896x.txt
gallica1108	bpt6k5842826n.txt
gallica1109	bpt6k54069658.txt
gallica1110	bpt6k96022455.txt
gallica1111	bpt6k62651875.txt
gallica1112	bpt6k6507554v.txt
gallica1113	bpt6k9799735d.txt
gallica1114	bpt6k5679317g.txt
gallica1115	bpt6k58093260.txt
gallica1116	bpt6k5803947c.txt
gallica1117	bpt6k5804227h.txt
gallica1118	bpt6k5690025r.txt
gallica1119	bpt6k58086259.txt
gallica1120	bpt6k6471520w.txt
gallica1121	bpt6k5788517c.txt
gallica1122	bpt6k6555475f.txt
gallica1123	bpt6k12400386.txt
gallica1124	bpt6k6544973r.txt
gallica1125	bpt6k5619953r.txt
gallica1126	bpt6k96173015.txt
gallica1127	bpt6k5625418m.txt
gallica1128	bpt6k9735990d.txt
gallica1129	bpt6k5808453x.txt
gallica1130	bpt6k6458306j.txt
gallica1131	bpt6k9688422x.txt
gallica1132	bpt6k6471441q.txt
gallica1133	bpt6k57505335.txt
gallica1134	bpt6k1243564b.txt
gallica1135	bpt6k5607385r.txt
gallica1136	bpt6k9799982r.txt
gallica1137	bpt6k6121457g.txt
gallica1138	bpt6k6112127b.txt
gallica1139	bpt6k6218616c.txt
gallica1140	bpt6k6125755x.txt
gallica1141	bpt6k96173868.txt
gallica1142	bpt6k96064631.txt
gallica1143	bpt6k6565450w.txt
gallica1144	bpt6k5677996j.txt
gallica1145	bpt6k6442314z.txt
gallica1146	bpt6k6522265m.txt
gallica1147	bpt6k61129117.txt
gallica1148	bpt6k61301471.txt
gallica1149	bpt6k6201938j.txt
gallica1150	bpt6k9603767s.txt
gallica1151	bpt6k5791001w.txt
gallica1152	bpt6k5512492q.txt
gallica1153	bpt6k6208255t.txt
gallica1154	bpt6k9740448t.txt
gallica1155	bpt6k65098889.txt
gallica1156	bpt6k6377285t.txt
gallica1157	bpt6k5549331p.txt
gallica1158	bpt6k61290958.txt
gallica1159	bpt6k9809845w.txt
gallica1160	bpt6k55457201.txt
gallica1161	bpt6k65443083.txt
gallica1162	bpt6k9771627g.txt
gallica1163	bpt6k5440291k.txt
gallica1164	bpt6k98000920.txt
gallica1165	bpt6k9682840c.txt
gallica1166	bpt6k56272834.txt
gallica1167	bpt6k6460853q.txt
gallica1168	bpt6k6148873p.txt
gallica1169	bpt6k6310088j.txt
gallica1170	bpt6k5675037z.txt
gallica1171	bpt6k61546553.txt
gallica1172	bpt6k6270916k.txt
gallica1173	bpt6k9619704d.txt
gallica1174	bpt6k57118691.txt
gallica1175	bpt6k5613321v.txt
gallica1176	bpt6k65192413.txt
gallica1177	bpt6k62124355.txt
gallica1178	bpt6k5460822z.txt
gallica1179	bpt6k6518921f.txt
gallica1180	bpt6k97790823.txt
gallica1181	bpt6k6150534b.txt
gallica1182	bpt6k57221058.txt
gallica1183	bpt6k57119738.txt
gallica1184	bpt6k54715584.txt
gallica1185	bpt6k55507304.txt
gallica1186	bpt6k6553297q.txt
gallica1187	bpt6k6492688p.txt
gallica1188	bpt6k5530845c.txt
gallica1189	bpt6k5468473c.txt
gallica1190	bpt6k96949552.txt
gallica1191	bpt6k96334346.txt
gallica1192	bpt6k61121777.txt
gallica1193	bpt6k9813063g.txt
gallica1194	bpt6k57893229.txt
gallica1195	bpt6k55000644.txt
gallica1196	bpt6k1248407h.txt
gallica1197	bpt6k9602869n.txt
gallica1198	bpt6k96900564.txt
gallica1199	bpt6k5425474r.txt
gallica1200	bpt6k6470878t.txt
gallica1201	bpt6k96010685.txt
gallica1202	bpt6k5625585c.txt
gallica1203	bpt6k5525175c.txt
gallica1204	bpt6k9694244v.txt
gallica1205	bpt6k6153053w.txt
gallica1206	bpt6k61485549.txt
gallica1207	bpt6k5614884d.txt
gallica1208	bpt6k6551827h.txt
gallica1209	bpt6k57882358.txt
gallica1210	bpt6k56035804.txt
gallica1211	bpt6k6449933j.txt
gallica1212	bpt6k6329743f.txt
gallica1213	bpt6k5834041x.txt
gallica1214	bpt6k6534867d.txt
gallica1215	bpt6k6148002v.txt
gallica1216	bpt6k6215547n.txt
gallica1217	bpt6k96827453.txt
gallica1218	bpt6k649239.txt
gallica1219	bpt6k65686545.txt
gallica1220	bpt6k6231675m.txt
gallica1221	bpt6k6583710b.txt
gallica1222	bpt6k65686382.txt
gallica1223	bpt6k6269695p.txt
gallica1224	bpt6k61170212.txt
gallica1225	bpt6k9765026z.txt
gallica1226	bpt6k5499148d.txt
gallica1227	bpt6k56090148.txt
gallica1228	bpt6k5718281k.txt
gallica1229	bpt6k5739403x.txt
gallica1230	bpt6k56882173.txt
gallica1231	bpt6k9760137j.txt
gallica1232	bpt6k5723070t.txt
gallica1233	bpt6k9615938n.txt
gallica1234	bpt6k6293117q.txt
gallica1235	bpt6k54885508.txt
gallica1236	bpt6k6501689j.txt
gallica1237	bpt6k5786523g.txt
gallica1238	bpt6k5468703r.txt
gallica1239	bpt6k55000859.txt
gallica1240	bpt6k65525627.txt
gallica1241	bpt6k97444890.txt
gallica1242	bpt6k6303285n.txt
gallica1243	bpt6k6357376n.txt
gallica1244	bpt6k5613133c.txt
gallica1245	bpt6k65495713.txt
gallica1246	bpt6k9795579n.txt
gallica1247	bpt6k6458426n.txt
gallica1248	bpt6k54624063.txt
gallica1249	bpt6k6121151z.txt
gallica1250	bpt6k5785501k.txt
