File Name,Artist,Title,Earliest Date,Latest Date,Photo Archive,Image Credits,Details URL
2f3951aa-bbde-4e10-bbf8-0fcb2c0ed08a.jpg,Jan Asselijn,De bedreigde zwaan,1650,1650,Rijksmuseum,https://lh3.googleusercontent.com/tm1DbZrAP0uBM-OJhLwvKir1Le5LglRF_bvbaNi6m-F_pIyttsWQz040soRY9pWA9PgNEYFA_fBkg_keYixRXCAjz9Q=s0,http://www.rijksmuseum.nl/nl/collectie/SK-A-4
93b43a4a-dadc-4cd9-b368-c0a579e06eff.jpg,Johannes Cornelisz. Verspronck,Portret van een meisje in het blauw,1641,1641,Rijksmuseum,https://lh3.googleusercontent.com/XOEEpiJxvnbvetJvG7wbpPL9trO3nAAJuPztTOFxS2jtpHgqIkRGFfFJgkkS00bLCs6Ezkg0qRMOMZUMnBP3mbmQ-rJh_gFiffSIhyWX=s0,http://www.rijksmuseum.nl/nl/collectie/SK-A-3064
4d2a72e4-eb25-461c-86ae-889bc3c0699c.jpg,Johannes Vermeer,Brieflezende vrouw,1663,1663,Rijksmuseum,https://lh3.googleusercontent.com/cgJpNZ47yAU-Ttf6SF4vdBBxAiiZW_w_-DsA1Xchet3eDJN-8EyoA24xgNR9Wl1fTLwGAhENkTkMZu1qULcXOQdgF2K1qDbdWSwic1POVg=s0,http://www.rijksmuseum.nl/nl/collectie/SK-C-251
bbb79014-8ebd-4922-ad48-fd4ee8c61bd2.jpg,Jacob Isaacksz van Ruisdael,De molen bij Wijk bij Duurstede,1668,1670,Rijksmuseum,https://lh3.googleusercontent.com/3EDrQy1jW6akN2k8eAeCECHJ1FmvM1f2pb9a-de51ErcQcghh7cbpzFIh-QYdcGfpi3FjxH1AP6C_FvPNR-I9n8I4No=s0,http://www.rijksmuseum.nl/nl/collectie/SK-C-211
2fe159d5-619a-46d3-b3d2-9412e6f6bdd8.jpg,Rembrandt van Rijn,"Isaak en Rebekka, bekend als ‘Het Joodse bruidje’",1665,1669,Rijksmuseum,https://lh3.googleusercontent.com/mAyAjvYjIeAIlByhJx1Huctgeb58y7519XYP38oL1FXarhVlcXW7kxuwayOCFdnwtOp6B6F0HJmmws-Ceo5b_pNSSQs=s0,http://www.rijksmuseum.nl/nl/collectie/SK-C-216
2c1ac367-9b11-4266-bb08-eea14ca0bb76.jpg,Rembrandt van Rijn,"De waardijns van het Amsterdamse lakenbereidersgilde, bekend als ‘De Staalmeesters’",1662,1662,Rijksmuseum,https://lh3.googleusercontent.com/gShVRyvLLbwVB8jeIPghCXgr96wxTHaM4zqfmxIWRsUpMhMn38PwuUU13o1mXQzLMt5HFqX761u8Tgo4L_JG1XLATvw=s0,http://www.rijksmuseum.nl/nl/collectie/SK-C-6
58f00619-2e35-4d7d-a46d-0dcc6618f4ec.jpg,Rembrandt van Rijn,Zelfportret als de apostel Paulus,1661,1661,Rijksmuseum,https://lh3.googleusercontent.com/NrCcfeY0r2F3M2hIQe5SLDRofR2tVzeOH18VjflOYGj88v4clb4v2H_VgCZR4nJhYsxxH9ATzfkL2tRqOWEK5-gPVEE=s0,http://www.rijksmuseum.nl/nl/collectie/SK-A-4050
958cbf50-5232-4378-a410-7d9573dfb718.jpg,Willem Claesz. Heda,Stilleven met vergulde bokaal,1635,1635,Rijksmuseum,https://lh3.googleusercontent.com/mZj-trnVh6jeUDsl1o0a3xNXPat_UOZtKecS4LaZdTLcNoIqtd_yf6beJKCUVzk3NT5SSFeQ-hOzJEOOSV9sg8dHE6VjFjUrGfxwe5Sg=s0,http://www.rijksmuseum.nl/nl/collectie/SK-A-4830
f490d22f-7110-435f-bce1-fc257b677814.jpg,Aelbert Cuyp,Rivierlandschap met ruiters,1653,1657,Rijksmuseum,https://lh3.googleusercontent.com/X7_CHCjksOZYu4gIGa45Edj1tMymdiz2o3pbL6HqqVEszWvPzrM6iIwHzaWNqgsWLcm7VmHCQyuQowWSSImQYLF8qW48zmZ-rx309F3c=s0,http://www.rijksmuseum.nl/nl/collectie/SK-A-4118
8b800a76-4ea3-46cb-bcaa-a3ed2635e966.jpg,Floris Claesz. van Dijck,Stilleven met kazen,1615,1615,Rijksmuseum,https://lh3.googleusercontent.com/O6IfrxhVOGXdcw9-nOkenQqx3svNJtgJFjF_tON1HG_ASu1Uy6IAwOzH7MIOJ3jVBnAZhqyTlw0N1CIILKjtuv0aLLGwvZH3XbSD9pk4=s0,http://www.rijksmuseum.nl/nl/collectie/SK-A-4821
861e23e9-2147-46f4-9a0c-6069b8919e47.jpg,Johannes Vermeer,"Gezicht op huizen in Delft, bekend als ‘Het straatje’",1658,1658,Rijksmuseum,https://lh3.googleusercontent.com/N-coqwrkCI2zYd6nTtGEpLPwB4nOKJVxcXmCCKg0WrcEp4gDj44NdWZy_DoI5yPrWzTX7qZQrc9I1UlB-zBdMNrZWLYh4A1FtX1eimZ5=s0,http://www.rijksmuseum.nl/nl/collectie/SK-A-2860
e4e3005c-dd9e-4db6-b466-50b17a9a52cd.jpg,Johannes Vermeer,Het melkmeisje,1660,1660,Rijksmuseum,https://lh3.googleusercontent.com/cRtF3WdYfRQEraAcQz8dWDJOq3XsRX-h244rOw6zwkHtxy7NHjJOany7u4I2EG_uMAfNwBLHkFyLMENzpmfBTSYXIH_F=s0,http://www.rijksmuseum.nl/nl/collectie/SK-A-2344
b66932b3-9c0c-4962-b2aa-3e4e48163417.jpg,Jan Havicksz. Steen,Het vrolijke huisgezin,1668,1668,Rijksmuseum,https://lh3.googleusercontent.com/7JF0tll1eAfY8XgFHJ6Iq_e1xux4xgcT8_LxMfVbZdRMC5CX5KsXLH1DLlMEfuTfKX8kehtmhJyzJSBFEBDPFmeB6Y8=s0,http://www.rijksmuseum.nl/nl/collectie/SK-C-229
974d1c9c-befa-4e1a-9926-ebd7f89557b5.jpg,Rembrandt van Rijn,Marten Soolmans,1634,1634,Rijksmuseum,https://lh3.googleusercontent.com/hDN8_JS4BbbksBXkxIDUldJvooejHBfQjgD3b_Jr73HjVOAs8thpnvCJA3WUtQFxlbjx-QB1-IyqhgEiM4dFLFk1Sg=s0,http://www.rijksmuseum.nl/nl/collectie/SK-A-5033
6dd85188-6e00-45f5-a749-b0d6f7bf373b.jpg,Rembrandt van Rijn,Oopjen Coppit,1634,1634,Rijksmuseum,https://lh3.googleusercontent.com/ib8SNTK2Qk-z64UYuu-_mI3FswMpYmmNU871wu5diDEPyjxmYJcNI4qRtqxlvKkVnrXTAxAFkuHX7DAN9ZwPFzS5fGE=s0,http://www.rijksmuseum.nl/nl/collectie/SK-C-1768
5fc57e61-cedf-4087-b0b0-c96f8f1dab61.jpg,Johannes Vermeer,De liefdesbrief,1669,1670,Rijksmuseum,https://lh3.googleusercontent.com/GQkZDpSbiMBU8tVbuYw_n8M4HOV5Q7ftA_ywibsh3718_ZrVPssGTtVC5spGM9OJyFOnoncB2u3I3DfuR_-9cdduDRMIbEN-Hzgf9AvDyA=s0,http://www.rijksmuseum.nl/nl/collectie/SK-A-1595
cc818371-348b-4a19-93d3-6f0e26633be8.jpg,Rachel Ruysch,Stilleven met bloemen in een glazen vaas,1690,1720,Rijksmuseum,https://lh5.ggpht.com/2HbgsE1Od79YS0fGVbIBCp4dMAAMVZtmzT_w_lgqEM7zqkxzoZdypQht1Kpzqb5EkRE_5ASyCYoWJfho4daav635DySM=s0,http://www.rijksmuseum.nl/nl/collectie/SK-A-354
a4b30520-2296-47d3-ac10-93907280fc5b.jpg,Jacob Isaacksz van Ruisdael,Landschap met waterval,1668,1668,Rijksmuseum,https://lh3.googleusercontent.com/FcDBx2AP6veDpiC4HhvrSBTC8Oldvs_kvk1hlIrEflOnEUiTiUzhqw6OgFKVa5XBjC3Aisinrut_Xp2K2TxFq7pfzQ=s0,http://www.rijksmuseum.nl/nl/collectie/SK-C-210
4ada7627-8c96-48b4-a85e-e402588ee90a.jpg,Jacob Isaacksz van Ruisdael,Bosgezicht,1653,1653,Rijksmuseum,https://lh3.googleusercontent.com/NqUXm0KUD2jV-jRHYayiqus_vt7-vA8rNPMjLoxnkIVKZB2FjBTEG7GrHWaFi4ddVCw_JUuhWW-Q8s5eAtNQyOAzr14=s0,http://www.rijksmuseum.nl/nl/collectie/SK-A-350
34194e11-00ac-4f7f-be9f-c6f0a7b689fd.jpg,Jan Havicksz. Steen,De aanbidding der herders,1660,1679,Rijksmuseum,https://lh4.ggpht.com/zgIcfcroz7EHi9SX2cnorZjfSEYfs1Hsc0khoIhbUSgp7SGgBRBPeW7Igy39Gd8y6RlGvMDWpu3jkdQmp_tl2Qe50Q=s0,http://www.rijksmuseum.nl/nl/collectie/SK-A-3509
30cb4512-586f-40fb-93dc-cc78c7a5d4a4.jpg,Pieter Jansz. Saenredam,Interieur van de Sint-Bavokerk in Haarlem,1636,1636,Rijksmuseum,https://lh3.googleusercontent.com/fa9VTMnwgKSmj4F-syS8TkjKWIe53zoExEkF-BySEctW7Cf4WpFm1DEQJ4s9y1NU0MeAyNyvUwAyerL_ofR6PWJHYzDu_g67JEaYeiGykg=s0,http://www.rijksmuseum.nl/nl/collectie/SK-A-359
89f09729-f5bf-481c-b90f-38edbace60a1.jpg,Jan Havicksz. Steen,Het Sint-Nicolaasfeest,1665,1668,Rijksmuseum,https://lh3.googleusercontent.com/5AA_BNey03ZDae2iAmr521pe3WGem57AmjPFwy22a5375Dfjp9lt0WhVm9slUcVyC3wIP0cB4qZvS7LC24YLug9581g=s0,http://www.rijksmuseum.nl/nl/collectie/SK-A-385
5e250177-2fbe-4a3f-9e09-f923b5a6b361.jpg,Jan Havicksz. Steen,Bakker Arent Oostwaard en zijn vrouw Catharina Keizerswaard,1658,1658,Rijksmuseum,https://lh3.googleusercontent.com/b13IuigD3pepqXqk2K1ggj01N2rTymj_c0gw-AIXrXRHoXfsXCkRiHgo4vY2ddrarhfDWUR1DWoqzcRpbzqMjDZeeg=s0,http://www.rijksmuseum.nl/nl/collectie/SK-A-390
12b4e4da-0d2b-43b2-9e98-105fb9bc359d.jpg,Jacob Isaacksz van Ruisdael,Winterlandschap,1665,1665,Rijksmuseum,https://lh3.googleusercontent.com/qM1Sd56ix9k-IH8v97c7M-flQ60hWBs8LfFgw6ByBhU477MTH0jyFJyjbwK6CDaRZujQuS83nSroKCOvJL_tgU2xF7E=s0,http://www.rijksmuseum.nl/nl/collectie/SK-A-349
53d78378-c81a-4520-a878-438c029bf130.jpg,Rembrandt van Rijn,Rembrandts zoon Titus in monniksdracht,1660,1660,Rijksmuseum,https://lh3.googleusercontent.com/N9vZO35XvXWcJJLuOP7oFnH2a5SdkQSTqaSY_aXgO_ZRLpDJZW-uJLcMESuRahxxTmsh7mEpeOp5RgXvOr4jzkkRcFY=s0,http://www.rijksmuseum.nl/nl/collectie/SK-A-3138
d1cb50bd-d3b7-424f-ad7d-6f815a749761.jpg,Jan Havicksz. Steen,De zieke vrouw,1663,1666,Rijksmuseum,https://lh3.googleusercontent.com/GFRfu3RlXmUidpjPAsCfSocljTqJvOTRu_nNaNsZCZ4814rMzybV2bFIXV7uq4VgC-Eou2CrWmM8dCTUN1n80wsYdRl3=s0,http://www.rijksmuseum.nl/nl/collectie/SK-C-230
9c6d0083-4ad5-48e2-a542-5858ad657ae4.jpg,Pieter Jansz. Saenredam,Het oude stadhuis in Amsterdam,1657,1657,Rijksmuseum,https://lh3.googleusercontent.com/4sXqduLWWNyBbGT8P-2SYMQKh2loADqzO_Xn1-yIQPLJJSEOKCkMd1otBBT3eCceV8PtHQBIuBLGlSujSFwPsj70yGC8f3VfMBtJZD2u=s0,http://www.rijksmuseum.nl/nl/collectie/SK-C-1409
2b46da25-ecc2-4319-b774-870427a8b4a1.jpg,Jan Havicksz. Steen,De Emmaüsgangers,1665,1668,Rijksmuseum,https://lh3.googleusercontent.com/_wODvOKAVEy_wio8yFOnuBm0puF2lqxygdZriy6Wdg5hNTL13RQOWsrDNNP59Nnjv705l9vUy2_ZrtTFe1duAODKuWk=s0,http://www.rijksmuseum.nl/nl/collectie/SK-A-1932
3f585116-c25b-4d14-b93b-5ef5d9df6c63.jpg,Pieter Jansz. Saenredam,Het middenschip en koor van de Mariakerk in Utrecht,1641,1641,Rijksmuseum,https://lh3.googleusercontent.com/O-pXdMqwSGdMf_CEpSYHWC9oVCjFo_FFf0hXOKcy4e7GL9h2A_aWeKOanuw-JcT6j62ym38uRZzhozqN1tYwpJOd9aKPl2SQm10sXWJg=s0,http://www.rijksmuseum.nl/nl/collectie/SK-A-851
52063391-0278-4e2f-b73d-96165f8e0ebf.jpg,Jan Havicksz. Steen,Zelfportret,1670,1670,Rijksmuseum,https://lh3.googleusercontent.com/GVIL4z8-zb4iicaLy6yTkANAdQFrhrekjQBXS-hRZd6a7WO3AswhwwymmnAGHnMJTh428-8NomtZ4gOU9Bqa5mTT-g=s0,http://www.rijksmuseum.nl/nl/collectie/SK-A-383
3ccbd7a9-0f47-4bc6-b8e1-fc0552a8d9b1.jpg,Willem van de Velde (II),Hollandse schepen op een kalme zee,1665,1665,Rijksmuseum,https://lh3.googleusercontent.com/F7NS5JeqvRMBw_cOC_OljlCep7mpeZt7EeDHAziFsGwX_TI7XNm4stA8ILPiYKhY8p2PUtcr8Ig9eIKq53OdqyjU_Mc=s0,http://www.rijksmuseum.nl/nl/collectie/SK-C-1707
3faf7c5a-0398-4776-827c-f48435a190df.jpg,Meindert Hobbema,Boslandschap met een vrolijk gezelschap in een wagen,1665,1665,Rijksmuseum,https://lh6.ggpht.com/QhzBZh5S3yTO759KglmhjU3e3PjGoBNhRfOlK7_nzTLW_ILT3rjP7kzRwyBD5nlaFVa0lLq8eG0Dv3C856S-gJxJSF4=s0,http://www.rijksmuseum.nl/nl/collectie/SK-A-5026
ef8f6ff8-f367-4f11-8040-1a3c917684eb.jpg,Meindert Hobbema,Een watermolen,1664,1664,Rijksmuseum,https://lh3.googleusercontent.com/MeenbCsBOS4D_EFg9wKVhsbk-NpoP00Bx-BSch3uLzRRIqG1wxf-mYPLSXUsCCNjjVlYx6VRJfYXR8jOGEZncLQcFb8=s0,http://www.rijksmuseum.nl/nl/collectie/SK-A-156
65fe9517-a79f-4d16-b8fd-0c4d1fca67b3.jpg,Pieter Claesz.,Stilleven met kalkoenpastei,1627,1627,Rijksmuseum,https://lh3.googleusercontent.com/rnrW52Z0YetEODlHWIXqFLVc3MgyNbEeTiO8dmfuPo3AW8JxSnOOWBtAAMBUwkqgFacwdtQ33_a0ymu8KyXYioNhgswVcyNcS7rq3aCkbA=s0,http://www.rijksmuseum.nl/nl/collectie/SK-A-4646
0f891dc2-bcd2-4301-b54c-068ff41bd013.jpg,Jan van Goyen,Gezicht op een dorp aan een rivier,1645,1645,Rijksmuseum,https://lh3.googleusercontent.com/HCe9C_ljjuWDqtkpqGzSLKhu9_VTMsrkdiW86SF7YbNhiOCsVLh14opzbXwZU_XI07f47yC9-PXtB3pVtchZsWO4sJDOsBTzZG2jaKvD=s0,http://www.rijksmuseum.nl/nl/collectie/SK-A-120
2f1ae23f-2fdc-40c8-afb0-4aa0fe5f6361.jpg,Frans Hals,Portret van Maritge Claesdr Vooght,1639,1639,Rijksmuseum,https://lh3.googleusercontent.com/Lj1gbiiCOTsWyfYP-7FIzbXWpvJZGFffZ4OLDKE6OauUezaf87kUxlCNm9ADH5H0LGhWkdjE2amdMFHknZSGGK5pVbrERfVlkHs0WqEF=s0,http://www.rijksmuseum.nl/nl/collectie/SK-C-139
8254c6e8-b924-4a1b-9c88-9dfe876ca077.jpg,Pieter de Hooch,Een vrouw met een kind in een kelderkamer,1656,1660,Rijksmuseum,https://lh3.googleusercontent.com/5HyCvI9V8cj41z9iLdosXvrriM9Nf-UHAvlqYjGswdPIR26J76pjjUvsLI0K2OWLeV5jEu1mW9h2kuEn1W-xdWnqWg=s0,http://www.rijksmuseum.nl/nl/collectie/SK-A-182
a27ce026-774f-40c2-a74e-f205270d4828.jpg,Frans Hals,Portret van Lucas de Clercq,1635,1635,Rijksmuseum,https://lh3.googleusercontent.com/xZh3RnT2zMoGP0tw2lxbi05H_ovUjCt8sdokb9yCcRwco3zAOOOcM5uSVs5mBaXiMZk9EDhb_i-TmAYaOK83FctQ_vU2INw6_KZ1ZR8=s0,http://www.rijksmuseum.nl/nl/collectie/SK-C-556
c47c9686-3d7a-4c6d-add6-48b789c0c6c2.jpg,Judith Leyster,De serenade,1629,1629,Rijksmuseum,https://lh3.googleusercontent.com/Ra2qCGtt9lLef2-gp4j4ZGj5IKBb-MT7agxFezRNZoSuwYUZ2dpA_KjiF2_gUeRwWXJmPTznSz5aL2GAbJ-vmeXrAiZjLYEnKY4vqO9e=s0,http://www.rijksmuseum.nl/nl/collectie/SK-A-2326
bf6a5cd4-3de8-427a-9e62-cc5589f8cc28.jpg,Pieter de Hooch,Een gezelschap op de plaats achter een huis,1663,1665,Rijksmuseum,https://lh3.googleusercontent.com/f3HX2jRy9r_W96ERQvKdFFIX85cb7dnmQDEn2JMWHWJXc98RQmnw-Ekpbc0ZllrLRRjGIt-RFUNBWJRofeDnhf65k02q=s0,http://www.rijksmuseum.nl/nl/collectie/SK-C-150
f665becf-dff7-408f-b219-38ee8e3b38c4.jpg,Pieter Claesz.,Vanitasstilleven met de Doornuittrekker,1628,1628,Rijksmuseum,https://lh3.googleusercontent.com/w8tHIkFL6F-E-Nmlk7oSa8LVyx_GU8nL1vcANl9ywW2O0PX7F8USrIuedT6m-4P_1e6mX-QKZQE3gKBA5msLqAxCBRwz2Yk1zhYqyf8=s0,http://www.rijksmuseum.nl/nl/collectie/SK-A-3930
f247e9f4-ca64-41a3-945a-7b2132acd261.jpg,Frans Hals,Portret van Feyntje van Steenkiste,1635,1635,Rijksmuseum,https://lh3.googleusercontent.com/6h0s0P2IKgWIINFOHYhIVYowrMakAaQBpriZkQmN7BwDkX4oUWvHCj6ZQyEBWvgD08bkQkc33ZwfIA6uVqefSZPzFPKbkKHj3VHUgIs=s0,http://www.rijksmuseum.nl/nl/collectie/SK-C-557
e8c04aef-f94a-48c1-8ab8-7cfc868e42fc.jpg,Willem Kalf,Stilleven met zilveren kan en porseleinen kom,1655,1660,Rijksmuseum,https://lh3.googleusercontent.com/B7qhYTP1s_5HEhs34gXA-WK5M-1E7fwSh_HC_DhSVV6lHcexGHpDdl3nZsppT5gIdvC5As2y4eVP9xfUTbFUIuZWhHw=s0,http://www.rijksmuseum.nl/nl/collectie/SK-A-199
bc61e83d-6cba-4779-9379-0b9d77c90a89.jpg,Pieter de Hooch,Binnenhuis met vrouwen bij een linnenkast,1663,1663,Rijksmuseum,https://lh3.googleusercontent.com/7aWk-x_VNb_Y1-X8C38nVnZAgmyAGUWDmOIAYiHKVtZG55xUggHFjQ-8l49nCuF_VJFFh2W57yMJrRq2SVNctSFYL7o=s0,http://www.rijksmuseum.nl/nl/collectie/SK-C-1191
6d93e47c-62eb-4abc-b657-23aaf76b55d6.jpg,Willem Drost,Cimon en Pero,1655,1657,Rijksmuseum,https://lh3.googleusercontent.com/hEdGHTlP0Kt9vjQ5Je_30upPT5IA4keehlQYBhAsDj0Hexd9VLnnDdXfWS7zDWYaNcKChaaE8gQKYERrF6_E8wxWqjpwdr5vrXa4OTY=s0,http://www.rijksmuseum.nl/nl/collectie/SK-C-1802
b984e0ef-5651-4e09-9b47-68e75ab65436.jpg,Jacob Vosmaer,Bloemstilleven met een keizerskroon in een stenen nis,1613,1613,Rijksmuseum,https://lh3.googleusercontent.com/oBdHYIWmiIL9bLZ3wp78D2mObyNrq9isThJ79q1qr0fp0gIjl-fwBNFUrALVcw4TDbHVVUzhgr2nPnxpci3aWn_helLvcDXMdWg9lbYb=s0,http://www.rijksmuseum.nl/nl/collectie/SK-A-5069
7602ba6b-e7c8-45b5-8e74-c42e6b632d8f.jpg,Rembrandt van Rijn,De Vaandeldrager,1636,1636,Rijksmuseum,https://lh3.googleusercontent.com/Bq9YPknJ3GutK3HiIDBKSZ9q7NAjwjk657b63shO9qnWSoPuTTQ2R9YsF0vBY2X4_FjMvIXWtAismYR7Xi6_rA4lsEvoaN9y8gljEntw=s0,http://www.rijksmuseum.nl/nl/collectie/SK-A-5092
f1cda91e-4d37-4056-8979-028c4cd3da49.jpg,Jan van Scorel,Maria Magdalena,1530,1530,Rijksmuseum,https://lh3.googleusercontent.com/moxL3z7zz5j_5gQCgvRGcmLD-RDhVgZvA2NGREYgkLTkYUbGa4Ts-57UaQ4ilN38xWX6w_gb_eU6hkMZcC-wfMg5NQ=s0,http://www.rijksmuseum.nl/nl/collectie/SK-A-372
fb624513-6787-41b8-ad30-7c2eb70a89fa.jpg,Magdalena van de Passe,Salmacis en Hermaphroditus,1623,1623,Rijksmuseum,https://lh3.ggpht.com/vYmPXbvuMBWwc0ccsYAYOaOZB1NkYxJpYB2764NoAe9Bm8qWkWTT2P-y13BhTPUQiouS1MCVOUB_8tgq41yX1S2CYV0K=s0,http://www.rijksmuseum.nl/nl/collectie/RP-P-OB-15.828
8177d767-f0d1-4e21-9259-ba4718becba0.jpg,Magdalena van de Passe,Salmacis en Hermaphroditus,1636,1670,Rijksmuseum,https://lh3.googleusercontent.com/we8rB4CuAs6vNIUwkRtgpZD7YykbBgN9i1FVoqpIYswkzlG7z570lVpKA6ipvUMqCUPF9j0zhDvGcFOEitw44K7ZwaQ=s0,http://www.rijksmuseum.nl/nl/collectie/RP-P-2014-34-34
90052488-7154-4405-a295-b3434ef73f96.jpg,Carl Friedrich Holtzmann,Maria Magdalena,1750,1811,Rijksmuseum,https://lh3.googleusercontent.com/bw3AAu-df_XINPIkTNTdtW-aOoJv_PBf8NhMcfojNUaZOB5wf6Tn4TqbJrgWYdSGEO5xWw-uuvTSIR16_wtuAxhJPO7y3QQBEI1dObY=s0,http://www.rijksmuseum.nl/nl/collectie/RP-P-1977-155-26-1
6b5c79d4-9e6a-4632-9f27-eb1b71d11f84.jpg,anoniem,Maria Magdalena,1600,1600,Rijksmuseum,https://lh3.googleusercontent.com/E7zKhlVpkx773av32Pndbh0UFdRaQVEYiYYGHhyxCkZZ-UxIbQgRZMDPlsf8VpDAhqFdueSWDgIj7vA8H83OXMEHwuE=s0,http://www.rijksmuseum.nl/nl/collectie/RP-P-2009-965(V)
45b8b3a6-d019-4884-bd65-e4e3a8ca6e76.jpg,Aegidius Sadeler (II),Maria Magdalena,1610,1629,Rijksmuseum,https://lh4.ggpht.com/0grwIDz8deinKMeqg4wmqx0fZhGcyMoFDCZ1ugF9R4m-Ujsnt-nwvzZSaAjZntRsLtF7cyS_VCQ6cXROcWuisFRYJuE=s0,http://www.rijksmuseum.nl/nl/collectie/RP-P-OB-5140
7b5e3128-9088-492a-8933-2141cce920db.jpg,Philips Galle,Maria Magdalena,1560,1570,Rijksmuseum,https://lh5.ggpht.com/3Lzr65Kfl8593gaB-2iqHm4n96-7zjLv_d3pra3Ozn0w4sCkc-v5iRagMFU6GL_w-wCKvzFTmPskmbEi8cJv-oxFq-Q=s0,http://www.rijksmuseum.nl/nl/collectie/RP-P-1965-432
eb71d14a-c082-4ceb-aadf-35c61d22d380.jpg,Hendrick Danckerts,Maria Magdalena,1635,1679,Rijksmuseum,https://lh4.ggpht.com/-8y2vCl1LS77J3TnOgl4zITBbRm1ddQzh3s31-C_Hb0Bf_BaqkCg34XzvvTlDlZv0J4cZpUqY-fHOSKgrSOAihlAa2QQ=s0,http://www.rijksmuseum.nl/nl/collectie/RP-P-BI-6822
7ac10021-9ab4-4308-a578-579d1dea3bf8.jpg,Meester van de Emmerikse Heiligen,Maria Magdalena,1480,1500,Rijksmuseum,https://lh3.googleusercontent.com/75kJggvqXXXL9QMMx-lMltZSnzGhfZlucIZR4W8j4bFE49q9ZRq_nx6Pzpvss9rnR3OOiKouF_1qKu_OmB4YsOJbtw=s0,http://www.rijksmuseum.nl/nl/collectie/BK-1986-40
bbd1fae8-4023-4859-8ed1-d38616aec96c.jpg,Rembrandt van Rijn,De Nachtwacht,1642,1642,Rijksmuseum,https://lh3.googleusercontent.com/SsEIJWka3_cYRXXSE8VD3XNOgtOxoZhqW1uB6UFj78eg8gq3G4jAqL4Z_5KwA12aD7Leqp27F653aBkYkRBkEQyeKxfaZPyDx0O8CzWg=s0,http://www.rijksmuseum.nl/nl/collectie/SK-C-5
ade50b2f-3165-4cc3-9a1b-958b6e617391.jpg,Lambertus Antonius Claessens,De nachtwacht,1797,1797,Rijksmuseum,https://lh4.ggpht.com/JxCghY_vUmbKtiH-K6VL-EXkPo-mQAT3HeD78Jc071TgWpOXQh6jG4hIxTuugrdix2cb3gm7wNk49Gba1I0cukwH0A8=s0,http://www.rijksmuseum.nl/nl/collectie/RP-P-1883-A-7355
a555ee47-d4a2-4f0a-a856-c44628218b7d.jpg,Lambertus Antonius Claessens,De nachtwacht,1797,1797,Rijksmuseum,https://lh4.ggpht.com/UtP6N1S0zTXyvaBvl5ChkIVOVD0rakX1lKYWXILN4loCxaQUSUbeXwim0oHrGcNBz8bvVffi3q6k3CsyMG2YrrKhOAI=s0,http://www.rijksmuseum.nl/nl/collectie/RP-P-OB-67.590
ac7350df-5c5e-47e0-9bc3-0d64b8b963f9.jpg,Lambertus Antonius Claessens,De nachtwacht,1797,1797,Rijksmuseum,https://lh5.ggpht.com/gFkHPOtqsO04FNCerefNQEQejHeCB1xVd9QhoflqCPt1BWP433H7N8YTSK_9bkhB0bCmidvmUMi0PU_8r1FAzqpd79Y=s0,http://www.rijksmuseum.nl/nl/collectie/RP-P-1913-667
0e0ed7c3-dd95-4407-8f84-4d54bcb6366f.jpg,Lambertus Antonius Claessens,De nachtwacht,1797,1797,Rijksmuseum,https://lh6.ggpht.com/cOIdeB7DFg5-CajEqbQOYppJCiFzqYJWUi6EmwgVgffM-dAHiQyTQVk3CY_4EuaZeE7tS3O1_f52c8Ga4lEUZiJmLv2c=s0,http://www.rijksmuseum.nl/nl/collectie/RP-P-1918-2158
8a7f9446-7a90-42fb-868f-558d6e871582.jpg,Lambertus Antonius Claessens,De nachtwacht,1797,1797,Rijksmuseum,https://lh4.ggpht.com/yqFq1K_DVYPbz3x1F7itDj8YFqfdVc--DZcMD4LE16TQUPqgO-vqDZMTv24WLbOAyHUZPd4wlRHULxOq9-UAoepajwI=s0,http://www.rijksmuseum.nl/nl/collectie/RP-P-OB-67.589
31b7c4fc-0b26-4ab2-9dea-770797e6a6d8.jpg,Lambertus Antonius Claessens,De nachtwacht,1797,1797,Rijksmuseum,https://lh6.ggpht.com/s5p92TkEhJ3nLn9tL0ffZv8-NAOdKZWsMJMiBejSGHr91zORZ0PtTbv_54LD5Ie5_9AipWSzsH_7mJCFzdMkk3W1a7n4=s0,http://www.rijksmuseum.nl/nl/collectie/RP-P-OB-67.591
d7463308-4b27-40b6-98ac-9cde2d9d620a.jpg,Arnoldus van Geffen,Nachtwacht,1769,1769,Rijksmuseum,https://lh3.ggpht.com/7pvxEc66pGW7LghH-FQvW6WeAd9wQQZL4usKNYtBQtyi1kYVjFJl0-jVzilPu8CC4JqdABMvA57WXw56eFyV1-Z6F7sz=s0,http://www.rijksmuseum.nl/nl/collectie/BK-NM-11177-293
5beafc0f-82e8-452a-b773-c9bfc2768866.jpg,Johannes Adrianus van Geffen,Nachtwacht,1791,1791,Rijksmuseum,https://lh3.ggpht.com/PM64a_AUmi4KJjnhw6qcQ_nEAm9SIssfWZANi-a0-dm_Zmm9evH0v-xI5mWmbJX-pbs_3DXWkmatdrJhwHfYkEjklA=s0,http://www.rijksmuseum.nl/nl/collectie/BK-NM-11177-289
e47a201a-8ec3-45ef-a40b-4aa9d9305172.jpg,Johannes Adrianus van Geffen,Nachtwacht,1779,1779,Rijksmuseum,https://lh5.ggpht.com/nOqkK65Cek53Dli8pcnzKuZYzg4GlUeN5qiYglq4lgX5-GHWY2VgueYadz06pACH2-ty26m0mxgDIVFOAqBNaeazhg=s0,http://www.rijksmuseum.nl/nl/collectie/BK-1977-67
