bibbleue1	72 28.txt
bibbleue2	124 12.txt
bibbleue3	59 2.txt
bibbleue4	81 2.txt
bibbleue5	63 2.txt
bibbleue6	133 6.txt
bibbleue7	271 1.txt
bibbleue8	72 54.txt
bibbleue9	29 3.txt
bibbleue10	45 42.txt
bibbleue11	60 9.txt
bibbleue12	45 6.txt
bibbleue13	72 103.txt
bibbleue14	243 23.txt
bibbleue15	122 27.txt
bibbleue16	247 1.txt
bibbleue17	197 6.txt
bibbleue18	175 7.txt
bibbleue19	3 11.txt
bibbleue20	266 1.txt
bibbleue21	124 19.txt
bibbleue22	72 92.txt
bibbleue23	97 8.txt
bibbleue24	42 3.txt
bibbleue25	72 17.txt
bibbleue26	7 1.txt
bibbleue27	8 10.txt
bibbleue28	223 1.txt
bibbleue29	65 5.txt
bibbleue30	170 4.txt
bibbleue31	26 5.txt
bibbleue32	201 3.txt
bibbleue33	203 20.txt
bibbleue34	204 2.txt
bibbleue35	16 3.txt
bibbleue36	212 2.txt
bibbleue37	266 4.txt
bibbleue38	123 9.txt
bibbleue39	2 1.txt
bibbleue40	260 1.txt
bibbleue41	12 4.txt
bibbleue42	171 2.txt
bibbleue43	167 2.txt
bibbleue44	208 2.txt
bibbleue45	43 4.txt
bibbleue46	45 36.txt
bibbleue47	131 4.txt
bibbleue48	14 5.txt
bibbleue49	62 50.txt
bibbleue50	18 57.txt
bibbleue51	1 34.txt
bibbleue52	222 4.txt
bibbleue53	137 1.txt
bibbleue54	72 104.txt
bibbleue55	225 1.txt
bibbleue56	144 3.txt
bibbleue57	135 1.txt
bibbleue58	62 26.txt
bibbleue59	150 2.txt
bibbleue60	49 22.txt
bibbleue61	97 5.txt
bibbleue62	274 2.txt
bibbleue63	101 1.txt
bibbleue64	236 1.txt
bibbleue65	152 2.txt
bibbleue66	121 10.txt
bibbleue67	3 13.txt
bibbleue68	42 6.txt
bibbleue69	122 13.txt
bibbleue70	19 18.txt
bibbleue71	76 2.txt
bibbleue72	72 73.txt
bibbleue73	147 2.txt
bibbleue74	8 19.txt
bibbleue75	32 3.txt
bibbleue76	130 8.txt
bibbleue77	87 4.txt
bibbleue78	34 4.txt
bibbleue79	17 2.txt
bibbleue80	1 33.txt
bibbleue81	206 3.txt
bibbleue82	72 45.txt
bibbleue83	182 1.txt
bibbleue84	18 24.txt
bibbleue85	132 7.txt
bibbleue86	281 3.txt
bibbleue87	3 5.txt
bibbleue88	62 49.txt
bibbleue89	4 17.txt
bibbleue90	176 12.txt
bibbleue91	222 1.txt
bibbleue92	122 21.txt
bibbleue93	45 64.txt
bibbleue94	72 51.txt
bibbleue95	253 2.txt
bibbleue96	62 38.txt
bibbleue97	118 3.txt
bibbleue98	161 5.txt
bibbleue99	131 11.txt
bibbleue100	129 1.txt
bibbleue101	138 3.txt
bibbleue102	106 2.txt
bibbleue103	19 13.txt
bibbleue104	26 3.txt
bibbleue105	14 3.txt
bibbleue106	60 2.txt
bibbleue107	62 30.txt
bibbleue108	4 10.txt
bibbleue109	200 2.txt
bibbleue110	4 15.txt
bibbleue111	168 4.txt
bibbleue112	197 1.txt
bibbleue113	135 3.txt
bibbleue114	279 2.txt
bibbleue115	122 8.txt
bibbleue116	253 4.txt
bibbleue117	222 3.txt
bibbleue118	18 65.txt
bibbleue119	85 2.txt
bibbleue120	122 37.txt
bibbleue121	99 2.txt
bibbleue122	155 3.txt
bibbleue123	123 28.txt
bibbleue124	67 6.txt
bibbleue125	123 14.txt
bibbleue126	123 19.txt
bibbleue127	72 89.txt
bibbleue128	1 31.txt
bibbleue129	62 51.txt
bibbleue130	13 5.txt
bibbleue131	38 6.txt
bibbleue132	276 2.txt
bibbleue133	41 1.txt
bibbleue134	161 3.txt
bibbleue135	4 18.txt
bibbleue136	161 4.txt
bibbleue137	27 3.txt
bibbleue138	4 32.txt
bibbleue139	147 7.txt
bibbleue140	262 12.txt
bibbleue141	154 7.txt
bibbleue142	170 2.txt
bibbleue143	27 4.txt
bibbleue144	83 5.txt
bibbleue145	32 1.txt
bibbleue146	148 4.txt
bibbleue147	217 3.txt
bibbleue148	72 21.txt
bibbleue149	44 4.txt
bibbleue150	168 3.txt
bibbleue151	2 15.txt
bibbleue152	268 2.txt
bibbleue153	143 5.txt
bibbleue154	2 16.txt
bibbleue155	72 33.txt
bibbleue156	8 30.txt
bibbleue157	261 1.txt
bibbleue158	241 2.txt
bibbleue159	37 9.txt
bibbleue160	245 1.txt
bibbleue161	119 3.txt
bibbleue162	161 6.txt
bibbleue163	4 8.txt
bibbleue164	141 2.txt
bibbleue165	37 6.txt
bibbleue166	169 1.txt
bibbleue167	19 4.txt
bibbleue168	122 40.txt
bibbleue169	199 3.txt
bibbleue170	25 2.txt
bibbleue171	158 1.txt
bibbleue172	45 73.txt
bibbleue173	44 16.txt
bibbleue174	267 2.txt
bibbleue175	88 3.txt
bibbleue176	226 2.txt
bibbleue177	73 3.txt
bibbleue178	244 2.txt
bibbleue179	18 36.txt
bibbleue180	266 7.txt
bibbleue181	70 3.txt
bibbleue182	63 3.txt
bibbleue183	149 6.txt
bibbleue184	4 9.txt
bibbleue185	161 1.txt
bibbleue186	219 5.txt
bibbleue187	262 5.txt
bibbleue188	227 1.txt
bibbleue189	97 21.txt
bibbleue190	104 1.txt
bibbleue191	45 48.txt
bibbleue192	79 1.txt
bibbleue193	18 42.txt
bibbleue194	2 4.txt
bibbleue195	72 75.txt
bibbleue196	203 4.txt
bibbleue197	72 32.txt
bibbleue198	4 35.txt
bibbleue199	72 66.txt
bibbleue200	126 3.txt
bibbleue201	243 17.txt
bibbleue202	109 2.txt
bibbleue203	72 83.txt
bibbleue204	62 74.txt
bibbleue205	131 1.txt
bibbleue206	249 2.txt
bibbleue207	86 6.txt
bibbleue208	280 7.txt
bibbleue209	8 28.txt
bibbleue210	190 10.txt
bibbleue211	3 14.txt
bibbleue212	203 11.txt
bibbleue213	121 9.txt
bibbleue214	18 54.txt
bibbleue215	255 2.txt
bibbleue216	176 5.txt
bibbleue217	235 1.txt
bibbleue218	72 22.txt
bibbleue219	133 5.txt
bibbleue220	123 27.txt
bibbleue221	24 2.txt
bibbleue222	3 9.txt
bibbleue223	190 7.txt
bibbleue224	18 7.txt
bibbleue225	85 3.txt
bibbleue226	277 4.txt
bibbleue227	134 5.txt
bibbleue228	72 80.txt
bibbleue229	229 1.txt
bibbleue230	37 1.txt
bibbleue231	45 57.txt
bibbleue232	19 11.txt
bibbleue233	49 4.txt
bibbleue234	123 18.txt
bibbleue235	39 4.txt
bibbleue236	19 6.txt
bibbleue237	68 1.txt
bibbleue238	124 16.txt
bibbleue239	124 15.txt
bibbleue240	276 1.txt
bibbleue241	72 53.txt
bibbleue242	193 5.txt
bibbleue243	149 7.txt
bibbleue244	8 20.txt
bibbleue245	72 102.txt
bibbleue246	115 1.txt
bibbleue247	66 7.txt
bibbleue248	39 3.txt
bibbleue249	58 1.txt
bibbleue250	277 14.txt
bibbleue251	91 9.txt
bibbleue252	45 24.txt
bibbleue253	184 6.txt
bibbleue254	62 53.txt
bibbleue255	28 2.txt
bibbleue256	49 10.txt
bibbleue257	97 4.txt
bibbleue258	62 17.txt
bibbleue259	97 6.txt
bibbleue260	72 71.txt
bibbleue261	62 65.txt
bibbleue262	277 8.txt
bibbleue263	72 108.txt
bibbleue264	1 11.txt
bibbleue265	100 2.txt
bibbleue266	280 5.txt
bibbleue267	225 3.txt
bibbleue268	236 2.txt
bibbleue269	119 2.txt
bibbleue270	44 18.txt
bibbleue271	4 14.txt
bibbleue272	49 1.txt
bibbleue273	45 40.txt
bibbleue274	163 3.txt
bibbleue275	152 1.txt
bibbleue276	23 1.txt
bibbleue277	122 24.txt
bibbleue278	72 1.txt
bibbleue279	114 2.txt
bibbleue280	118 2.txt
bibbleue281	72 70.txt
bibbleue282	4 23.txt
bibbleue283	19 26.txt
bibbleue284	240 1.txt
bibbleue285	252 4.txt
bibbleue286	277 7.txt
bibbleue287	19 30.txt
bibbleue288	193 4.txt
bibbleue289	123 1.txt
bibbleue290	37 14.txt
bibbleue291	4 7.txt
bibbleue292	4 22.txt
bibbleue293	32 4.txt
bibbleue294	229 2.txt
bibbleue295	19 15.txt
bibbleue296	86 3.txt
bibbleue297	200 4.txt
bibbleue298	30 4.txt
bibbleue299	8 24.txt
bibbleue300	141 3.txt
bibbleue301	72 37.txt
bibbleue302	165 5.txt
bibbleue303	43 1.txt
bibbleue304	35 2.txt
bibbleue305	72 9.txt
bibbleue306	262 13.txt
bibbleue307	90 5.txt
bibbleue308	18 56.txt
bibbleue309	130 9.txt
bibbleue310	170 1.txt
bibbleue311	45 29.txt
bibbleue312	146 1.txt
bibbleue313	45 19.txt
bibbleue314	62 23.txt
bibbleue315	43 3.txt
bibbleue316	277 15.txt
bibbleue317	67 7.txt
bibbleue318	162 6.txt
bibbleue319	37 15.txt
bibbleue320	37 13.txt
bibbleue321	164 4.txt
bibbleue322	238 2.txt
bibbleue323	72 95.txt
bibbleue324	131 10.txt
bibbleue325	8 27.txt
bibbleue326	45 8.txt
bibbleue327	122 18.txt
bibbleue328	45 68.txt
bibbleue329	279 3.txt
bibbleue330	96 1.txt
bibbleue331	37 16.txt
bibbleue332	111 3.txt
bibbleue333	258 2.txt
bibbleue334	17 1.txt
bibbleue335	125 2.txt
bibbleue336	243 5.txt
bibbleue337	160 2.txt
bibbleue338	13 1.txt
bibbleue339	280 8.txt
bibbleue340	8 5.txt
bibbleue341	72 20.txt
bibbleue342	24 3.txt
bibbleue343	3 7.txt
bibbleue344	184 2.txt
bibbleue345	261 2.txt
bibbleue346	131 12.txt
bibbleue347	203 9.txt
bibbleue348	38 4.txt
bibbleue349	40 2.txt
bibbleue350	45 2.txt
bibbleue351	1 24.txt
bibbleue352	256 1.txt
bibbleue353	35 1.txt
bibbleue354	102 1.txt
bibbleue355	130 10.txt
bibbleue356	186 3.txt
bibbleue357	62 69.txt
bibbleue358	132 6.txt
bibbleue359	67 2.txt
bibbleue360	183 2.txt
bibbleue361	4 40.txt
bibbleue362	18 43.txt
bibbleue363	124 7.txt
bibbleue364	16 1.txt
bibbleue365	147 1.txt
bibbleue366	136 2.txt
bibbleue367	81 1.txt
bibbleue368	142 2.txt
bibbleue369	100 4.txt
bibbleue370	1 15.txt
bibbleue371	95 2.txt
bibbleue372	12 2.txt
bibbleue373	246 5.txt
bibbleue374	18 49.txt
bibbleue375	176 9.txt
bibbleue376	127 3.txt
bibbleue377	148 8.txt
bibbleue378	34 1.txt
bibbleue379	78 2.txt
bibbleue380	62 22.txt
bibbleue381	45 51.txt
bibbleue382	8 33.txt
bibbleue383	209 2.txt
bibbleue384	18 19.txt
bibbleue385	280 4.txt
bibbleue386	123 29.txt
bibbleue387	211 1.txt
bibbleue388	92 1.txt
bibbleue389	89 3.txt
bibbleue390	280 2.txt
bibbleue391	72 107.txt
bibbleue392	230 1.txt
bibbleue393	18 51.txt
bibbleue394	12 6.txt
bibbleue395	44 6.txt
bibbleue396	79 5.txt
bibbleue397	72 100.txt
bibbleue398	159 1.txt
bibbleue399	56 1.txt
bibbleue400	206 4.txt
bibbleue401	274 3.txt
bibbleue402	72 2.txt
bibbleue403	45 59.txt
bibbleue404	279 4.txt
bibbleue405	19 7.txt
bibbleue406	178 5.txt
bibbleue407	45 53.txt
bibbleue408	18 29.txt
bibbleue409	125 1.txt
bibbleue410	62 55.txt
bibbleue411	1 35.txt
bibbleue412	116 2.txt
bibbleue413	242 2.txt
bibbleue414	187 1.txt
bibbleue415	49 8.txt
bibbleue416	51 1.txt
bibbleue417	2 8.txt
bibbleue418	20 3.txt
bibbleue419	2 12.txt
bibbleue420	204 3.txt
bibbleue421	214 2.txt
bibbleue422	26 6.txt
bibbleue423	14 1.txt
bibbleue424	62 21.txt
bibbleue425	221 2.txt
bibbleue426	246 1.txt
bibbleue427	133 7.txt
bibbleue428	18 67.txt
bibbleue429	97 30.txt
bibbleue430	225 4.txt
bibbleue431	4 13.txt
bibbleue432	151 1.txt
bibbleue433	140 3.txt
bibbleue434	101 9.txt
bibbleue435	121 5.txt
bibbleue436	72 29.txt
bibbleue437	114 1.txt
bibbleue438	18 58.txt
bibbleue439	26 1.txt
bibbleue440	2 3.txt
bibbleue441	262 4.txt
bibbleue442	4 29.txt
bibbleue443	199 2.txt
bibbleue444	185 3.txt
bibbleue445	72 68.txt
bibbleue446	62 68.txt
bibbleue447	62 43.txt
bibbleue448	203 13.txt
bibbleue449	72 97.txt
bibbleue450	9 1.txt
bibbleue451	37 4.txt
bibbleue452	53 1.txt
bibbleue453	45 17.txt
bibbleue454	171 1.txt
bibbleue455	190 8.txt
bibbleue456	49 7.txt
bibbleue457	44 8.txt
bibbleue458	207 3.txt
bibbleue459	122 30.txt
bibbleue460	123 12.txt
bibbleue461	18 46.txt
bibbleue462	18 53.txt
bibbleue463	122 28.txt
bibbleue464	97 33.txt
bibbleue465	45 45.txt
bibbleue466	174 3.txt
bibbleue467	85 1.txt
bibbleue468	85 5.txt
bibbleue469	11 1.txt
bibbleue470	107 8.txt
bibbleue471	38 8.txt
bibbleue472	97 7.txt
bibbleue473	38 5.txt
bibbleue474	130 4.txt
bibbleue475	49 15.txt
bibbleue476	86 11.txt
bibbleue477	66 3.txt
bibbleue478	271 3.txt
bibbleue479	34 2.txt
bibbleue480	203 22.txt
bibbleue481	281 7.txt
bibbleue482	4 39.txt
bibbleue483	49 2.txt
bibbleue484	25 1.txt
bibbleue485	62 7.txt
bibbleue486	72 79.txt
bibbleue487	38 9.txt
bibbleue488	148 1.txt
bibbleue489	73 1.txt
bibbleue490	98 2.txt
bibbleue491	147 11.txt
bibbleue492	97 31.txt
bibbleue493	150 1.txt
bibbleue494	122 38.txt
bibbleue495	243 22.txt
bibbleue496	119 1.txt
bibbleue497	45 34.txt
bibbleue498	62 34.txt
bibbleue499	72 50.txt
bibbleue500	101 2.txt
bibbleue501	19 1.txt
bibbleue502	72 56.txt
bibbleue503	235 5.txt
bibbleue504	120 2.txt
bibbleue505	262 9.txt
bibbleue506	18 30.txt
bibbleue507	123 31.txt
bibbleue508	49 18.txt
bibbleue509	62 41.txt
bibbleue510	13 6.txt
bibbleue511	129 2.txt
bibbleue512	147 9.txt
bibbleue513	243 7.txt
bibbleue514	157 1.txt
bibbleue515	101 6.txt
bibbleue516	266 2.txt
bibbleue517	148 2.txt
bibbleue518	124 1.txt
bibbleue519	183 3.txt
bibbleue520	102 2.txt
bibbleue521	62 25.txt
bibbleue522	122 14.txt
bibbleue523	72 30.txt
bibbleue524	213 1.txt
bibbleue525	132 13.txt
bibbleue526	97 2.txt
bibbleue527	127 4.txt
bibbleue528	265 2.txt
bibbleue529	62 36.txt
bibbleue530	97 27.txt
bibbleue531	156 1.txt
bibbleue532	206 1.txt
bibbleue533	235 2.txt
bibbleue534	67 5.txt
bibbleue535	61 1.txt
bibbleue536	62 71.txt
bibbleue537	206 5.txt
bibbleue538	8 2.txt
bibbleue539	235 3.txt
bibbleue540	97 34.txt
bibbleue541	65 2.txt
bibbleue542	121 6.txt
bibbleue543	18 33.txt
bibbleue544	95 3.txt
bibbleue545	262 3.txt
bibbleue546	178 1.txt
bibbleue547	45 16.txt
bibbleue548	72 31.txt
bibbleue549	190 6.txt
bibbleue550	150 5.txt
bibbleue551	37 7.txt
bibbleue552	18 6.txt
bibbleue553	164 2.txt
bibbleue554	186 2.txt
bibbleue555	62 66.txt
bibbleue556	60 10.txt
bibbleue557	123 3.txt
bibbleue558	56 2.txt
bibbleue559	162 1.txt
bibbleue560	90 19.txt
bibbleue561	124 18.txt
bibbleue562	62 59.txt
bibbleue563	62 6.txt
bibbleue564	45 37.txt
bibbleue565	68 2.txt
bibbleue566	15 2.txt
bibbleue567	172 1.txt
bibbleue568	4 3.txt
bibbleue569	1 28.txt
bibbleue570	165 4.txt
bibbleue571	253 3.txt
bibbleue572	26 12.txt
bibbleue573	87 2.txt
bibbleue574	33 1.txt
bibbleue575	247 3.txt
bibbleue576	16 2.txt
bibbleue577	45 69.txt
bibbleue578	262 11.txt
bibbleue579	176 4.txt
bibbleue580	65 3.txt
bibbleue581	162 4.txt
bibbleue582	203 6.txt
bibbleue583	72 19.txt
bibbleue584	26 2.txt
bibbleue585	180 2.txt
bibbleue586	91 2.txt
bibbleue587	18 23.txt
bibbleue588	176 13.txt
bibbleue589	97 20.txt
bibbleue590	281 2.txt
bibbleue591	49 5.txt
bibbleue592	72 18.txt
bibbleue593	45 44.txt
bibbleue594	18 55.txt
bibbleue595	19 20.txt
bibbleue596	104 2.txt
bibbleue597	253 1.txt
bibbleue598	19 29.txt
bibbleue599	63 4.txt
bibbleue600	1 21.txt
bibbleue601	91 12.txt
bibbleue602	149 4.txt
bibbleue603	48 2.txt
bibbleue604	72 48.txt
bibbleue605	61 2.txt
bibbleue606	45 28.txt
bibbleue607	18 8.txt
bibbleue608	19 16.txt
bibbleue609	184 1.txt
bibbleue610	155 2.txt
bibbleue611	1 2.txt
bibbleue612	103 3.txt
bibbleue613	147 8.txt
bibbleue614	67 3.txt
bibbleue615	72 67.txt
bibbleue616	147 12.txt
bibbleue617	2 10.txt
bibbleue618	18 52.txt
bibbleue619	123 8.txt
bibbleue620	45 26.txt
bibbleue621	132 11.txt
bibbleue622	8 17.txt
bibbleue623	72 105.txt
bibbleue624	243 12.txt
bibbleue625	60 4.txt
bibbleue626	201 2.txt
bibbleue627	252 1.txt
bibbleue628	72 44.txt
bibbleue629	248 1.txt
bibbleue630	72 35.txt
bibbleue631	44 2.txt
bibbleue632	11 2.txt
bibbleue633	122 2.txt
bibbleue634	72 58.txt
bibbleue635	33 2.txt
bibbleue636	203 7.txt
bibbleue637	147 10.txt
bibbleue638	45 1.txt
bibbleue639	3 1.txt
bibbleue640	72 76.txt
bibbleue641	110 2.txt
bibbleue642	18 60.txt
bibbleue643	26 9.txt
bibbleue644	45 30.txt
bibbleue645	72 42.txt
bibbleue646	72 36.txt
bibbleue647	49 9.txt
bibbleue648	121 2.txt
bibbleue649	46 3.txt
bibbleue650	37 10.txt
bibbleue651	62 48.txt
bibbleue652	123 13.txt
bibbleue653	162 3.txt
bibbleue654	134 4.txt
bibbleue655	198 2.txt
bibbleue656	72 23.txt
bibbleue657	260 2.txt
bibbleue658	237 3.txt
bibbleue659	3 4.txt
bibbleue660	4 21.txt
bibbleue661	1 16.txt
bibbleue662	45 31.txt
bibbleue663	72 11.txt
bibbleue664	90 6.txt
bibbleue665	243 1.txt
bibbleue666	19 24.txt
bibbleue667	200 5.txt
bibbleue668	122 32.txt
bibbleue669	49 20.txt
bibbleue670	153 1.txt
bibbleue671	234 2.txt
bibbleue672	243 9.txt
bibbleue673	199 1.txt
bibbleue674	8 31.txt
bibbleue675	110 3.txt
bibbleue676	72 86.txt
bibbleue677	177 2.txt
bibbleue678	52 2.txt
bibbleue679	193 3.txt
bibbleue680	75 2.txt
bibbleue681	1 13.txt
bibbleue682	76 1.txt
bibbleue683	38 7.txt
bibbleue684	248 2.txt
bibbleue685	132 14.txt
bibbleue686	124 2.txt
bibbleue687	1 20.txt
bibbleue688	190 1.txt
bibbleue689	122 9.txt
bibbleue690	45 9.txt
bibbleue691	250 3.txt
bibbleue692	190 9.txt
bibbleue693	197 4.txt
bibbleue694	90 12.txt
bibbleue695	19 9.txt
bibbleue696	257 1.txt
bibbleue697	277 5.txt
bibbleue698	142 1.txt
bibbleue699	2 9.txt
bibbleue700	8 21.txt
bibbleue701	18 11.txt
bibbleue702	252 2.txt
bibbleue703	47 3.txt
bibbleue704	138 1.txt
bibbleue705	222 2.txt
bibbleue706	4 4.txt
bibbleue707	175 4.txt
bibbleue708	62 39.txt
bibbleue709	206 2.txt
bibbleue710	44 23.txt
bibbleue711	122 10.txt
bibbleue712	123 21.txt
bibbleue713	180 3.txt
bibbleue714	45 72.txt
bibbleue715	62 64.txt
bibbleue716	132 16.txt
bibbleue717	246 6.txt
bibbleue718	43 2.txt
bibbleue719	72 34.txt
bibbleue720	243 19.txt
bibbleue721	111 1.txt
bibbleue722	130 14.txt
bibbleue723	123 7.txt
bibbleue724	262 2.txt
bibbleue725	122 20.txt
bibbleue726	125 4.txt
bibbleue727	123 20.txt
bibbleue728	163 5.txt
bibbleue729	82 3.txt
bibbleue730	97 18.txt
bibbleue731	155 1.txt
bibbleue732	42 4.txt
bibbleue733	237 1.txt
bibbleue734	49 3.txt
bibbleue735	231 1.txt
bibbleue736	97 32.txt
bibbleue737	123 23.txt
bibbleue738	224 3.txt
bibbleue739	38 1.txt
bibbleue740	72 46.txt
bibbleue741	12 1.txt
bibbleue742	8 7.txt
bibbleue743	49 11.txt
bibbleue744	245 3.txt
bibbleue745	39 2.txt
bibbleue746	198 3.txt
bibbleue747	45 23.txt
bibbleue748	213 3.txt
bibbleue749	97 29.txt
bibbleue750	116 4.txt
bibbleue751	4 30.txt
bibbleue752	110 5.txt
bibbleue753	222 5.txt
bibbleue754	72 106.txt
bibbleue755	82 1.txt
bibbleue756	123 6.txt
bibbleue757	154 5.txt
bibbleue758	124 9.txt
bibbleue759	116 5.txt
bibbleue760	123 2.txt
bibbleue761	122 41.txt
bibbleue762	139 1.txt
bibbleue763	176 1.txt
bibbleue764	4 27.txt
bibbleue765	72 78.txt
bibbleue766	124 3.txt
bibbleue767	232 2.txt
bibbleue768	122 3.txt
bibbleue769	123 16.txt
bibbleue770	132 1.txt
bibbleue771	4 25.txt
bibbleue772	219 4.txt
bibbleue773	155 6.txt
bibbleue774	112 5.txt
bibbleue775	90 4.txt
bibbleue776	225 2.txt
bibbleue777	219 2.txt
bibbleue778	1 14.txt
bibbleue779	276 3.txt
bibbleue780	213 2.txt
bibbleue781	203 14.txt
bibbleue782	123 17.txt
bibbleue783	170 3.txt
bibbleue784	121 4.txt
bibbleue785	18 18.txt
bibbleue786	215 2.txt
bibbleue787	124 20.txt
bibbleue788	131 6.txt
bibbleue789	64 1.txt
bibbleue790	62 10.txt
bibbleue791	60 1.txt
bibbleue792	18 62.txt
bibbleue793	45 33.txt
bibbleue794	91 4.txt
bibbleue795	57 2.txt
bibbleue796	72 63.txt
bibbleue797	132 12.txt
bibbleue798	124 17.txt
bibbleue799	45 11.txt
bibbleue800	10 7.txt
bibbleue801	99 3.txt
bibbleue802	8 25.txt
bibbleue803	1 8.txt
bibbleue804	90 8.txt
bibbleue805	45 58.txt
bibbleue806	71 3.txt
bibbleue807	72 15.txt
bibbleue808	33 4.txt
bibbleue809	131 8.txt
bibbleue810	90 14.txt
bibbleue811	99 1.txt
bibbleue812	5 7.txt
bibbleue813	196 1.txt
bibbleue814	175 3.txt
bibbleue815	188 2.txt
bibbleue816	41 3.txt
bibbleue817	149 1.txt
bibbleue818	68 3.txt
bibbleue819	116 3.txt
bibbleue820	72 38.txt
bibbleue821	45 43.txt
bibbleue822	54 3.txt
bibbleue823	97 22.txt
bibbleue824	72 12.txt
bibbleue825	226 4.txt
bibbleue826	87 1.txt
bibbleue827	112 1.txt
bibbleue828	83 2.txt
bibbleue829	24 6.txt
bibbleue830	18 63.txt
bibbleue831	207 2.txt
bibbleue832	246 2.txt
bibbleue833	162 5.txt
bibbleue834	55 1.txt
bibbleue835	77 1.txt
bibbleue836	131 5.txt
bibbleue837	97 19.txt
bibbleue838	65 4.txt
bibbleue839	72 8.txt
bibbleue840	169 2.txt
bibbleue841	122 12.txt
bibbleue842	4 31.txt
bibbleue843	18 9.txt
bibbleue844	88 2.txt
bibbleue845	72 60.txt
bibbleue846	259 1.txt
bibbleue847	29 2.txt
bibbleue848	19 21.txt
bibbleue849	147 6.txt
bibbleue850	4 24.txt
bibbleue851	108 1.txt
bibbleue852	63 1.txt
bibbleue853	72 26.txt
bibbleue854	49 19.txt
bibbleue855	148 7.txt
bibbleue856	4 6.txt
bibbleue857	145 1.txt
bibbleue858	118 4.txt
bibbleue859	19 28.txt
bibbleue860	62 24.txt
bibbleue861	72 99.txt
bibbleue862	124 21.txt
bibbleue863	112 3.txt
bibbleue864	44 21.txt
bibbleue865	147 3.txt
bibbleue866	57 1.txt
bibbleue867	4 34.txt
bibbleue868	45 49.txt
bibbleue869	47 2.txt
bibbleue870	280 9.txt
bibbleue871	18 69.txt
bibbleue872	73 4.txt
bibbleue873	45 65.txt
bibbleue874	204 1.txt
bibbleue875	238 3.txt
bibbleue876	123 15.txt
bibbleue877	134 1.txt
bibbleue878	123 30.txt
bibbleue879	208 1.txt
bibbleue880	31 4.txt
bibbleue881	86 5.txt
bibbleue882	174 6.txt
bibbleue883	135 5.txt
bibbleue884	95 1.txt
bibbleue885	130 2.txt
bibbleue886	38 10.txt
bibbleue887	3 12.txt
bibbleue888	60 8.txt
bibbleue889	8 23.txt
bibbleue890	150 4.txt
bibbleue891	62 42.txt
bibbleue892	183 9.txt
bibbleue893	191 2.txt
bibbleue894	46 1.txt
bibbleue895	174 1.txt
bibbleue896	124 5.txt
bibbleue897	78 3.txt
bibbleue898	97 17.txt
bibbleue899	176 8.txt
bibbleue900	28 3.txt
bibbleue901	4 1.txt
bibbleue902	258 1.txt
bibbleue903	264 2.txt
bibbleue904	109 1.txt
bibbleue905	149 2.txt
bibbleue906	144 5.txt
bibbleue907	193 2.txt
bibbleue908	260 4.txt
bibbleue909	83 4.txt
bibbleue910	97 39.txt
bibbleue911	223 2.txt
bibbleue912	100 1.txt
bibbleue913	62 14.txt
bibbleue914	70 4.txt
bibbleue915	62 11.txt
bibbleue916	163 2.txt
bibbleue917	159 2.txt
bibbleue918	196 2.txt
bibbleue919	267 3.txt
bibbleue920	165 3.txt
bibbleue921	243 20.txt
bibbleue922	264 3.txt
bibbleue923	38 3.txt
bibbleue924	132 5.txt
bibbleue925	72 65.txt
bibbleue926	263 1.txt
bibbleue927	96 2.txt
bibbleue928	203 3.txt
bibbleue929	254 1.txt
bibbleue930	280 3.txt
bibbleue931	30 1.txt
bibbleue932	107 2.txt
bibbleue933	189 2.txt
bibbleue934	62 73.txt
bibbleue935	231 2.txt
bibbleue936	79 3.txt
bibbleue937	29 4.txt
bibbleue938	186 1.txt
bibbleue939	174 2.txt
bibbleue940	135 2.txt
bibbleue941	183 4.txt
bibbleue942	157 2.txt
bibbleue943	97 14.txt
bibbleue944	122 15.txt
bibbleue945	45 60.txt
bibbleue946	1 19.txt
bibbleue947	149 5.txt
bibbleue948	18 12.txt
bibbleue949	123 5.txt
bibbleue950	36 4.txt
bibbleue951	197 3.txt
bibbleue952	45 25.txt
bibbleue953	45 7.txt
bibbleue954	190 5.txt
bibbleue955	179 3.txt
bibbleue956	45 56.txt
bibbleue957	30 6.txt
bibbleue958	2 2.txt
bibbleue959	71 1.txt
bibbleue960	266 3.txt
bibbleue961	132 3.txt
bibbleue962	70 2.txt
bibbleue963	232 3.txt
bibbleue964	97 9.txt
bibbleue965	277 2.txt
bibbleue966	8 3.txt
bibbleue967	8 8.txt
bibbleue968	124 11.txt
bibbleue969	130 13.txt
bibbleue970	90 13.txt
bibbleue971	184 4.txt
bibbleue972	66 1.txt
bibbleue973	176 2.txt
bibbleue974	272 1.txt
bibbleue975	107 6.txt
bibbleue976	91 3.txt
bibbleue977	139 3.txt
bibbleue978	75 3.txt
bibbleue979	36 5.txt
bibbleue980	18 10.txt
bibbleue981	2 17.txt
bibbleue982	62 56.txt
bibbleue983	9 3.txt
bibbleue984	98 1.txt
bibbleue985	74 2.txt
bibbleue986	133 3.txt
bibbleue987	48 3.txt
bibbleue988	203 19.txt
bibbleue989	154 2.txt
bibbleue990	2 6.txt
bibbleue991	107 1.txt
bibbleue992	18 44.txt
bibbleue993	9 2.txt
bibbleue994	42 1.txt
bibbleue995	72 87.txt
bibbleue996	269 2.txt
bibbleue997	79 4.txt
bibbleue998	144 4.txt
bibbleue999	168 5.txt
bibbleue1000	45 50.txt
bibbleue1001	212 1.txt
bibbleue1002	51 2.txt
bibbleue1003	247 2.txt
bibbleue1004	130 5.txt
bibbleue1005	183 5.txt
bibbleue1006	19 10.txt
bibbleue1007	203 1.txt
bibbleue1008	184 5.txt
bibbleue1009	183 6.txt
bibbleue1010	72 10.txt
bibbleue1011	5 6.txt
bibbleue1012	262 8.txt
bibbleue1013	72 77.txt
bibbleue1014	62 31.txt
bibbleue1015	190 3.txt
bibbleue1016	24 1.txt
bibbleue1017	72 64.txt
bibbleue1018	19 27.txt
bibbleue1019	134 2.txt
bibbleue1020	87 3.txt
bibbleue1021	122 42.txt
bibbleue1022	93 1.txt
bibbleue1023	64 2.txt
bibbleue1024	121 11.txt
bibbleue1025	190 11.txt
bibbleue1026	166 3.txt
bibbleue1027	93 2.txt
bibbleue1028	149 3.txt
bibbleue1029	12 5.txt
bibbleue1030	52 1.txt
bibbleue1031	244 5.txt
bibbleue1032	202 2.txt
bibbleue1033	63 6.txt
bibbleue1034	122 11.txt
bibbleue1035	106 3.txt
bibbleue1036	166 5.txt
bibbleue1037	137 2.txt
bibbleue1038	18 31.txt
bibbleue1039	208 3.txt
bibbleue1040	158 2.txt
bibbleue1041	169 3.txt
bibbleue1042	243 26.txt
bibbleue1043	133 1.txt
bibbleue1044	4 28.txt
bibbleue1045	1 6.txt
bibbleue1046	36 6.txt
bibbleue1047	116 6.txt
bibbleue1048	7 2.txt
bibbleue1049	233 2.txt
bibbleue1050	20 5.txt
bibbleue1051	147 5.txt
bibbleue1052	62 29.txt
bibbleue1053	121 7.txt
bibbleue1054	1 4.txt
bibbleue1055	194 2.txt
bibbleue1056	133 11.txt
bibbleue1057	138 2.txt
bibbleue1058	114 4.txt
bibbleue1059	8 9.txt
bibbleue1060	121 1.txt
bibbleue1061	2 5.txt
bibbleue1062	173 1.txt
bibbleue1063	62 60.txt
bibbleue1064	62 57.txt
bibbleue1065	91 11.txt
bibbleue1066	18 3.txt
bibbleue1067	185 6.txt
bibbleue1068	67 10.txt
bibbleue1069	108 3.txt
bibbleue1070	72 39.txt
bibbleue1071	1 32.txt
bibbleue1072	270 3.txt
bibbleue1073	163 1.txt
bibbleue1074	131 3.txt
bibbleue1075	62 8.txt
bibbleue1076	25 4.txt
bibbleue1077	166 2.txt
bibbleue1078	100 3.txt
bibbleue1079	24 5.txt
bibbleue1080	49 14.txt
bibbleue1081	72 57.txt
bibbleue1082	90 1.txt
bibbleue1083	277 12.txt
bibbleue1084	74 1.txt
bibbleue1085	91 10.txt
bibbleue1086	108 2.txt
bibbleue1087	45 39.txt
bibbleue1088	192 2.txt
bibbleue1089	117 1.txt
bibbleue1090	45 22.txt
bibbleue1091	36 1.txt
bibbleue1092	45 67.txt
bibbleue1093	119 4.txt
bibbleue1094	30 2.txt
bibbleue1095	274 1.txt
bibbleue1096	8 32.txt
bibbleue1097	228 1.txt
bibbleue1098	151 2.txt
bibbleue1099	146 2.txt
bibbleue1100	23 2.txt
bibbleue1101	40 1.txt
bibbleue1102	88 1.txt
bibbleue1103	91 6.txt
bibbleue1104	139 2.txt
bibbleue1105	10 6.txt
bibbleue1106	175 6.txt
bibbleue1107	277 13.txt
bibbleue1108	132 9.txt
bibbleue1109	26 10.txt
bibbleue1110	164 3.txt
bibbleue1111	62 75.txt
bibbleue1112	133 9.txt
bibbleue1113	19 2.txt
bibbleue1114	122 31.txt
bibbleue1115	18 64.txt
bibbleue1116	4 20.txt
bibbleue1117	48 1.txt
bibbleue1118	124 8.txt
bibbleue1119	49 17.txt
bibbleue1120	223 3.txt
bibbleue1121	45 62.txt
bibbleue1122	49 12.txt
bibbleue1123	19 3.txt
bibbleue1124	5 4.txt
bibbleue1125	18 38.txt
bibbleue1126	124 22.txt
bibbleue1127	20 6.txt
bibbleue1128	132 10.txt
bibbleue1129	4 26.txt
bibbleue1130	8 14.txt
bibbleue1131	27 2.txt
bibbleue1132	193 1.txt
bibbleue1133	185 1.txt
bibbleue1134	188 1.txt
bibbleue1135	8 15.txt
bibbleue1136	50 1.txt
bibbleue1137	194 1.txt
bibbleue1138	201 4.txt
bibbleue1139	219 6.txt
bibbleue1140	18 2.txt
bibbleue1141	24 4.txt
bibbleue1142	132 4.txt
bibbleue1143	165 6.txt
bibbleue1144	205 1.txt
bibbleue1145	114 3.txt
bibbleue1146	109 5.txt
bibbleue1147	3 2.txt
bibbleue1148	235 4.txt
bibbleue1149	125 3.txt
bibbleue1150	18 13.txt
bibbleue1151	62 12.txt
bibbleue1152	62 2.txt
bibbleue1153	72 84.txt
bibbleue1154	203 15.txt
bibbleue1155	77 3.txt
bibbleue1156	5 2.txt
bibbleue1157	128 4.txt
bibbleue1158	1 22.txt
bibbleue1159	44 5.txt
bibbleue1160	1 5.txt
bibbleue1161	30 5.txt
bibbleue1162	67 1.txt
bibbleue1163	103 4.txt
bibbleue1164	19 22.txt
bibbleue1165	243 11.txt
bibbleue1166	172 3.txt
bibbleue1167	141 6.txt
bibbleue1168	31 1.txt
bibbleue1169	250 2.txt
bibbleue1170	4 16.txt
bibbleue1171	70 5.txt
bibbleue1172	209 1.txt
bibbleue1173	148 3.txt
bibbleue1174	210 1.txt
bibbleue1175	143 2.txt
bibbleue1176	66 2.txt
bibbleue1177	54 1.txt
bibbleue1178	111 4.txt
bibbleue1179	134 6.txt
bibbleue1180	72 91.txt
bibbleue1181	31 3.txt
bibbleue1182	26 15.txt
bibbleue1183	53 3.txt
bibbleue1184	4 37.txt
bibbleue1185	72 24.txt
bibbleue1186	111 5.txt
bibbleue1187	78 1.txt
bibbleue1188	110 1.txt
bibbleue1189	122 6.txt
bibbleue1190	143 4.txt
bibbleue1191	176 11.txt
bibbleue1192	250 1.txt
bibbleue1193	41 4.txt
bibbleue1194	183 7.txt
bibbleue1195	86 1.txt
bibbleue1196	165 2.txt
bibbleue1197	233 1.txt
bibbleue1198	195 3.txt
bibbleue1199	202 1.txt
bibbleue1200	126 2.txt
bibbleue1201	1 7.txt
bibbleue1202	13 3.txt
bibbleue1203	1 9.txt
bibbleue1204	62 40.txt
bibbleue1205	277 6.txt
bibbleue1206	217 1.txt
bibbleue1207	8 16.txt
bibbleue1208	122 35.txt
bibbleue1209	83 3.txt
bibbleue1210	140 1.txt
bibbleue1211	122 7.txt
bibbleue1212	107 7.txt
bibbleue1213	165 1.txt
bibbleue1214	203 16.txt
bibbleue1215	264 4.txt
bibbleue1216	122 17.txt
bibbleue1217	3 6.txt
bibbleue1218	203 21.txt
bibbleue1219	90 17.txt
bibbleue1220	154 3.txt
bibbleue1221	103 2.txt
bibbleue1222	39 1.txt
bibbleue1223	44 1.txt
bibbleue1224	26 7.txt
bibbleue1225	181 3.txt
bibbleue1226	203 12.txt
bibbleue1227	6 2.txt
bibbleue1228	122 26.txt
bibbleue1229	62 1.txt
bibbleue1230	214 1.txt
bibbleue1231	101 7.txt
bibbleue1232	1 25.txt
bibbleue1233	154 1.txt
bibbleue1234	237 2.txt
bibbleue1235	180 4.txt
bibbleue1236	214 3.txt
bibbleue1237	130 11.txt
bibbleue1238	72 74.txt
bibbleue1239	216 2.txt
bibbleue1240	62 15.txt
bibbleue1241	281 5.txt
bibbleue1242	76 3.txt
bibbleue1243	218 1.txt
bibbleue1244	243 15.txt
bibbleue1245	62 16.txt
bibbleue1246	262 10.txt
bibbleue1247	45 52.txt
bibbleue1248	34 3.txt
bibbleue1249	89 2.txt
bibbleue1250	49 13.txt
bibbleue1251	241 4.txt
bibbleue1252	116 1.txt
bibbleue1253	265 1.txt
bibbleue1254	54 2.txt
bibbleue1255	249 1.txt
bibbleue1256	18 26.txt
bibbleue1257	184 3.txt
bibbleue1258	134 3.txt
bibbleue1259	22 1.txt
bibbleue1260	166 1.txt
bibbleue1261	185 5.txt
bibbleue1262	262 7.txt
bibbleue1263	4 2.txt
bibbleue1264	179 2.txt
bibbleue1265	22 2.txt
bibbleue1266	72 5.txt
bibbleue1267	6 1.txt
bibbleue1268	128 3.txt
bibbleue1269	44 11.txt
bibbleue1270	5 5.txt
bibbleue1271	45 74.txt
bibbleue1272	18 32.txt
bibbleue1273	90 11.txt
bibbleue1274	183 8.txt
bibbleue1275	243 25.txt
bibbleue1276	84 1.txt
bibbleue1277	38 2.txt
bibbleue1278	111 2.txt
bibbleue1279	62 54.txt
bibbleue1280	243 16.txt
bibbleue1281	161 2.txt
bibbleue1282	91 5.txt
bibbleue1283	1 10.txt
bibbleue1284	75 4.txt
bibbleue1285	216 1.txt
bibbleue1286	15 1.txt
bibbleue1287	260 3.txt
bibbleue1288	130 7.txt
bibbleue1289	62 62.txt
bibbleue1290	246 4.txt
bibbleue1291	268 1.txt
bibbleue1292	123 24.txt
bibbleue1293	44 20.txt
bibbleue1294	72 61.txt
bibbleue1295	121 8.txt
bibbleue1296	1 26.txt
bibbleue1297	169 4.txt
bibbleue1298	4 11.txt
bibbleue1299	5 1.txt
bibbleue1300	200 3.txt
bibbleue1301	277 11.txt
bibbleue1302	36 3.txt
bibbleue1303	172 2.txt
bibbleue1304	200 1.txt
bibbleue1305	277 16.txt
bibbleue1306	71 2.txt
bibbleue1307	18 66.txt
bibbleue1308	153 2.txt
bibbleue1309	8 4.txt
bibbleue1310	245 2.txt
bibbleue1311	97 38.txt
bibbleue1312	66 6.txt
bibbleue1313	201 1.txt
bibbleue1314	62 35.txt
bibbleue1315	239 1.txt
bibbleue1316	14 4.txt
bibbleue1317	211 2.txt
bibbleue1318	18 16.txt
bibbleue1319	35 3.txt
bibbleue1320	49 16.txt
bibbleue1321	118 1.txt
bibbleue1322	262 6.txt
bibbleue1323	30 3.txt
bibbleue1324	44 19.txt
bibbleue1325	18 48.txt
bibbleue1326	19 23.txt
bibbleue1327	62 19.txt
bibbleue1328	45 54.txt
bibbleue1329	10 4.txt
bibbleue1330	19 14.txt
bibbleue1331	171 3.txt
bibbleue1332	45 77.txt
bibbleue1333	8 26.txt
bibbleue1334	62 37.txt
bibbleue1335	243 3.txt
bibbleue1336	20 2.txt
bibbleue1337	1 3.txt
bibbleue1338	160 1.txt
bibbleue1339	122 23.txt
bibbleue1340	122 36.txt
bibbleue1341	278 1.txt
bibbleue1342	178 6.txt
bibbleue1343	275 1.txt
bibbleue1344	86 12.txt
bibbleue1345	277 9.txt
bibbleue1346	122 25.txt
bibbleue1347	166 4.txt
bibbleue1348	18 35.txt
bibbleue1349	283 2.txt
bibbleue1350	270 2.txt
bibbleue1351	45 75.txt
bibbleue1352	4 33.txt
bibbleue1353	37 17.txt
bibbleue1354	155 7.txt
bibbleue1355	129 4.txt
bibbleue1356	147 4.txt
bibbleue1357	89 1.txt
bibbleue1358	280 6.txt
bibbleue1359	103 1.txt
bibbleue1360	45 78.txt
bibbleue1361	126 1.txt
bibbleue1362	94 1.txt
bibbleue1363	62 27.txt
bibbleue1364	215 1.txt
bibbleue1365	12 3.txt
bibbleue1366	67 8.txt
bibbleue1367	8 11.txt
bibbleue1368	264 1.txt
bibbleue1369	192 1.txt
bibbleue1370	145 2.txt
bibbleue1371	62 63.txt
bibbleue1372	251 3.txt
bibbleue1373	19 19.txt
bibbleue1374	124 6.txt
bibbleue1375	176 3.txt
bibbleue1376	62 28.txt
bibbleue1377	279 1.txt
bibbleue1378	18 25.txt
bibbleue1379	134 7.txt
bibbleue1380	123 25.txt
bibbleue1381	123 26.txt
bibbleue1382	127 1.txt
bibbleue1383	251 1.txt
bibbleue1384	148 6.txt
bibbleue1385	19 8.txt
bibbleue1386	185 4.txt
bibbleue1387	120 1.txt
bibbleue1388	28 4.txt
bibbleue1389	178 4.txt
bibbleue1390	177 1.txt
bibbleue1391	5 3.txt
bibbleue1392	234 3.txt
bibbleue1393	181 2.txt
bibbleue1394	155 4.txt
bibbleue1395	13 2.txt
bibbleue1396	206 6.txt
bibbleue1397	36 2.txt
bibbleue1398	19 31.txt
bibbleue1399	72 81.txt
bibbleue1400	143 1.txt
bibbleue1401	72 98.txt
bibbleue1402	244 1.txt
bibbleue1403	45 14.txt
bibbleue1404	280 1.txt
bibbleue1405	189 1.txt
bibbleue1406	106 1.txt
bibbleue1407	18 45.txt
bibbleue1408	230 3.txt
bibbleue1409	124 14.txt
bibbleue1410	8 29.txt
bibbleue1411	33 3.txt
bibbleue1412	120 3.txt
bibbleue1413	90 18.txt
bibbleue1414	72 16.txt
bibbleue1415	37 2.txt
bibbleue1416	176 10.txt
bibbleue1417	75 5.txt
bibbleue1418	91 1.txt
bibbleue1419	60 3.txt
bibbleue1420	187 2.txt
bibbleue1421	45 4.txt
bibbleue1422	118 5.txt
bibbleue1423	107 9.txt
bibbleue1424	97 24.txt
bibbleue1425	62 46.txt
bibbleue1426	75 1.txt
bibbleue1427	18 27.txt
bibbleue1428	175 1.txt
bibbleue1429	97 25.txt
bibbleue1430	69 1.txt
bibbleue1431	1 30.txt
bibbleue1432	132 15.txt
bibbleue1433	195 2.txt
bibbleue1434	44 14.txt
bibbleue1435	238 1.txt
bibbleue1436	280 10.txt
bibbleue1437	62 3.txt
bibbleue1438	45 12.txt
bibbleue1439	122 29.txt
bibbleue1440	101 5.txt
bibbleue1441	45 32.txt
bibbleue1442	164 1.txt
bibbleue1443	122 19.txt
bibbleue1444	45 66.txt
bibbleue1445	113 2.txt
bibbleue1446	8 12.txt
bibbleue1447	263 2.txt
bibbleue1448	243 8.txt
bibbleue1449	62 44.txt
bibbleue1450	224 1.txt
bibbleue1451	86 10.txt
bibbleue1452	183 10.txt
bibbleue1453	19 17.txt
bibbleue1454	45 10.txt
bibbleue1455	261 3.txt
bibbleue1456	60 5.txt
bibbleue1457	10 1.txt
bibbleue1458	42 2.txt
bibbleue1459	72 7.txt
bibbleue1460	145 5.txt
bibbleue1461	124 10.txt
bibbleue1462	44 15.txt
bibbleue1463	2 14.txt
bibbleue1464	45 41.txt
bibbleue1465	41 2.txt
bibbleue1466	101 4.txt
bibbleue1467	190 4.txt
bibbleue1468	72 96.txt
bibbleue1469	18 37.txt
bibbleue1470	67 11.txt
bibbleue1471	97 16.txt
bibbleue1472	270 4.txt
bibbleue1473	45 70.txt
bibbleue1474	67 9.txt
bibbleue1475	252 3.txt
bibbleue1476	92 2.txt
bibbleue1477	113 1.txt
bibbleue1478	185 2.txt
bibbleue1479	176 7.txt
bibbleue1480	123 10.txt
bibbleue1481	37 8.txt
bibbleue1482	62 67.txt
bibbleue1483	241 1.txt
bibbleue1484	4 41.txt
bibbleue1485	269 1.txt
bibbleue1486	44 9.txt
bibbleue1487	133 2.txt
bibbleue1488	18 14.txt
bibbleue1489	2 7.txt
bibbleue1490	26 14.txt
bibbleue1491	97 37.txt
bibbleue1492	155 5.txt
bibbleue1493	203 10.txt
bibbleue1494	45 5.txt
bibbleue1495	18 47.txt
bibbleue1496	53 4.txt
bibbleue1497	234 1.txt
bibbleue1498	109 4.txt
bibbleue1499	73 2.txt
bibbleue1500	86 8.txt
bibbleue1501	18 34.txt
bibbleue1502	45 15.txt
bibbleue1503	110 4.txt
bibbleue1504	183 1.txt
bibbleue1505	45 13.txt
bibbleue1506	181 1.txt
bibbleue1507	45 76.txt
bibbleue1508	18 15.txt
bibbleue1509	72 14.txt
bibbleue1510	65 1.txt
bibbleue1511	243 18.txt
bibbleue1512	176 6.txt
bibbleue1513	86 9.txt
bibbleue1514	72 3.txt
bibbleue1515	18 5.txt
bibbleue1516	244 3.txt
bibbleue1517	1 17.txt
bibbleue1518	37 3.txt
bibbleue1519	8 13.txt
bibbleue1520	18 21.txt
bibbleue1521	97 12.txt
bibbleue1522	62 70.txt
bibbleue1523	26 8.txt
bibbleue1524	6 3.txt
bibbleue1525	192 3.txt
bibbleue1526	107 5.txt
bibbleue1527	123 32.txt
bibbleue1528	2 11.txt
bibbleue1529	88 4.txt
bibbleue1530	37 11.txt
bibbleue1531	83 6.txt
bibbleue1532	267 1.txt
bibbleue1533	122 33.txt
bibbleue1534	97 28.txt
bibbleue1535	45 46.txt
bibbleue1536	273 1.txt
bibbleue1537	136 3.txt
bibbleue1538	90 16.txt
bibbleue1539	244 4.txt
bibbleue1540	131 2.txt
bibbleue1541	1 23.txt
bibbleue1542	190 2.txt
bibbleue1543	18 59.txt
bibbleue1544	8 6.txt
bibbleue1545	62 4.txt
bibbleue1546	124 13.txt
bibbleue1547	255 1.txt
bibbleue1548	277 1.txt
bibbleue1549	72 13.txt
bibbleue1550	3 3.txt
bibbleue1551	72 40.txt
bibbleue1552	45 35.txt
bibbleue1553	72 55.txt
bibbleue1554	222 6.txt
bibbleue1555	203 18.txt
bibbleue1556	232 1.txt
bibbleue1557	243 4.txt
bibbleue1558	44 13.txt
bibbleue1559	180 5.txt
bibbleue1560	132 2.txt
bibbleue1561	4 12.txt
bibbleue1562	44 12.txt
bibbleue1563	59 1.txt
bibbleue1564	220 2.txt
bibbleue1565	3 10.txt
bibbleue1566	45 20.txt
bibbleue1567	123 22.txt
bibbleue1568	241 3.txt
bibbleue1569	105 1.txt
bibbleue1570	142 3.txt
bibbleue1571	46 2.txt
bibbleue1572	45 27.txt
bibbleue1573	203 5.txt
bibbleue1574	277 17.txt
bibbleue1575	173 2.txt
bibbleue1576	20 1.txt
bibbleue1577	122 22.txt
bibbleue1578	175 5.txt
bibbleue1579	281 6.txt
bibbleue1580	4 43.txt
bibbleue1581	48 5.txt
bibbleue1582	18 41.txt
bibbleue1583	266 5.txt
bibbleue1584	45 3.txt
bibbleue1585	112 6.txt
bibbleue1586	45 38.txt
bibbleue1587	271 2.txt
bibbleue1588	141 4.txt
bibbleue1589	191 1.txt
bibbleue1590	250 4.txt
bibbleue1591	272 2.txt
bibbleue1592	130 3.txt
bibbleue1593	48 4.txt
bibbleue1594	72 72.txt
bibbleue1595	112 2.txt
bibbleue1596	154 6.txt
bibbleue1597	90 7.txt
bibbleue1598	62 45.txt
bibbleue1599	4 42.txt
bibbleue1600	135 4.txt
bibbleue1601	131 7.txt
bibbleue1602	123 11.txt
bibbleue1603	10 5.txt
bibbleue1604	10 2.txt
bibbleue1605	124 4.txt
bibbleue1606	72 27.txt
bibbleue1607	25 3.txt
bibbleue1608	1 1.txt
bibbleue1609	226 1.txt
bibbleue1610	14 2.txt
bibbleue1611	18 1.txt
bibbleue1612	207 1.txt
bibbleue1613	145 3.txt
bibbleue1614	72 52.txt
bibbleue1615	262 1.txt
bibbleue1616	72 59.txt
bibbleue1617	201 5.txt
bibbleue1618	72 69.txt
bibbleue1619	1 27.txt
bibbleue1620	37 12.txt
bibbleue1621	175 2.txt
bibbleue1622	72 88.txt
bibbleue1623	97 23.txt
bibbleue1624	122 34.txt
bibbleue1625	217 2.txt
bibbleue1626	195 1.txt
bibbleue1627	122 1.txt
bibbleue1628	72 94.txt
bibbleue1629	18 50.txt
bibbleue1630	143 3.txt
bibbleue1631	148 5.txt
bibbleue1632	115 2.txt
bibbleue1633	42 5.txt
bibbleue1634	128 1.txt
bibbleue1635	243 21.txt
bibbleue1636	8 1.txt
bibbleue1637	122 4.txt
bibbleue1638	72 101.txt
bibbleue1639	26 11.txt
bibbleue1640	28 1.txt
bibbleue1641	243 14.txt
bibbleue1642	72 25.txt
bibbleue1643	230 2.txt
bibbleue1644	18 22.txt
bibbleue1645	122 16.txt
bibbleue1646	249 3.txt
bibbleue1647	214 5.txt
bibbleue1648	277 3.txt
bibbleue1649	4 5.txt
bibbleue1650	45 21.txt
bibbleue1651	4 36.txt
bibbleue1652	72 43.txt
bibbleue1653	122 5.txt
bibbleue1654	282 1.txt
bibbleue1655	62 5.txt
bibbleue1656	45 71.txt
bibbleue1657	123 4.txt
bibbleue1658	141 5.txt
bibbleue1659	62 32.txt
bibbleue1660	180 1.txt
bibbleue1661	201 6.txt
bibbleue1662	234 4.txt
bibbleue1663	19 5.txt
bibbleue1664	136 1.txt
bibbleue1665	150 6.txt
bibbleue1666	94 2.txt
bibbleue1667	97 1.txt
bibbleue1668	90 9.txt
bibbleue1669	140 2.txt
bibbleue1670	13 4.txt
bibbleue1671	44 7.txt
bibbleue1672	219 3.txt
bibbleue1673	127 5.txt
bibbleue1674	72 62.txt
bibbleue1675	45 55.txt
bibbleue1676	124 23.txt
bibbleue1677	18 17.txt
bibbleue1678	277 18.txt
bibbleue1679	203 2.txt
bibbleue1680	83 1.txt
bibbleue1681	219 1.txt
bibbleue1682	198 1.txt
bibbleue1683	144 1.txt
bibbleue1684	72 93.txt
bibbleue1685	62 47.txt
bibbleue1686	276 4.txt
bibbleue1687	203 8.txt
bibbleue1688	90 2.txt
bibbleue1689	107 3.txt
bibbleue1690	69 2.txt
bibbleue1691	2 13.txt
bibbleue1692	72 85.txt
bibbleue1693	72 47.txt
bibbleue1694	45 47.txt
bibbleue1695	128 2.txt
bibbleue1696	133 8.txt
bibbleue1697	167 1.txt
bibbleue1698	62 52.txt
bibbleue1699	174 5.txt
bibbleue1700	133 10.txt
bibbleue1701	37 5.txt
bibbleue1702	80 2.txt
bibbleue1703	63 5.txt
bibbleue1704	243 24.txt
bibbleue1705	163 4.txt
bibbleue1706	72 4.txt
bibbleue1707	8 22.txt
bibbleue1708	45 61.txt
bibbleue1709	178 3.txt
bibbleue1710	27 1.txt
bibbleue1711	53 2.txt
bibbleue1712	109 3.txt
bibbleue1713	47 1.txt
bibbleue1714	227 3.txt
bibbleue1715	193 6.txt
bibbleue1716	227 2.txt
bibbleue1717	86 7.txt
bibbleue1718	86 2.txt
bibbleue1719	265 3.txt
bibbleue1720	18 68.txt
bibbleue1721	60 6.txt
bibbleue1722	272 3.txt
bibbleue1723	243 6.txt
bibbleue1724	173 3.txt
bibbleue1725	141 1.txt
bibbleue1726	1 29.txt
bibbleue1727	127 2.txt
bibbleue1728	26 4.txt
bibbleue1729	44 10.txt
bibbleue1730	62 72.txt
bibbleue1731	174 4.txt
bibbleue1732	62 20.txt
bibbleue1733	50 2.txt
bibbleue1734	281 1.txt
bibbleue1735	21 2.txt
bibbleue1736	18 4.txt
bibbleue1737	4 19.txt
bibbleue1738	90 15.txt
bibbleue1739	97 26.txt
bibbleue1740	67 4.txt
bibbleue1741	18 40.txt
bibbleue1742	130 6.txt
bibbleue1743	132 8.txt
bibbleue1744	97 10.txt
bibbleue1745	95 4.txt
bibbleue1746	203 17.txt
bibbleue1747	145 4.txt
bibbleue1748	234 5.txt
bibbleue1749	130 12.txt
bibbleue1750	243 2.txt
bibbleue1751	231 3.txt
bibbleue1752	226 3.txt
bibbleue1753	46 4.txt
bibbleue1754	31 2.txt
bibbleue1755	178 2.txt
bibbleue1756	168 2.txt
bibbleue1757	26 13.txt
bibbleue1758	255 3.txt
bibbleue1759	210 2.txt
bibbleue1760	122 39.txt
bibbleue1761	72 6.txt
bibbleue1762	162 2.txt
bibbleue1763	45 18.txt
bibbleue1764	133 4.txt
bibbleue1765	60 7.txt
bibbleue1766	49 6.txt
bibbleue1767	196 3.txt
bibbleue1768	251 2.txt
bibbleue1769	127 6.txt
bibbleue1770	243 10.txt
bibbleue1771	62 13.txt
bibbleue1772	205 2.txt
bibbleue1773	62 61.txt
bibbleue1774	242 1.txt
bibbleue1775	221 1.txt
bibbleue1776	283 1.txt
bibbleue1777	62 9.txt
bibbleue1778	220 1.txt
bibbleue1779	8 18.txt
bibbleue1780	72 41.txt
bibbleue1781	18 70.txt
bibbleue1782	18 20.txt
bibbleue1783	18 39.txt
bibbleue1784	277 10.txt
bibbleue1785	156 2.txt
bibbleue1786	101 3.txt
bibbleue1787	66 4.txt
bibbleue1788	1 12.txt
bibbleue1789	77 2.txt
bibbleue1790	84 2.txt
bibbleue1791	59 3.txt
bibbleue1792	62 58.txt
bibbleue1793	125 5.txt
bibbleue1794	97 35.txt
bibbleue1795	3 8.txt
bibbleue1796	21 1.txt
bibbleue1797	270 1.txt
bibbleue1798	18 61.txt
bibbleue1799	70 1.txt
bibbleue1800	131 9.txt
bibbleue1801	91 8.txt
bibbleue1802	91 7.txt
bibbleue1803	154 4.txt
bibbleue1804	97 15.txt
bibbleue1805	107 4.txt
bibbleue1806	90 3.txt
bibbleue1807	273 2.txt
bibbleue1808	79 2.txt
bibbleue1809	97 3.txt
bibbleue1810	266 6.txt
bibbleue1811	85 4.txt
bibbleue1812	97 13.txt
bibbleue1813	197 2.txt
bibbleue1814	130 1.txt
bibbleue1815	179 1.txt
bibbleue1816	66 5.txt
bibbleue1817	45 63.txt
bibbleue1818	121 3.txt
bibbleue1819	233 3.txt
bibbleue1820	72 82.txt
bibbleue1821	49 21.txt
bibbleue1822	86 4.txt
bibbleue1823	214 4.txt
bibbleue1824	243 13.txt
bibbleue1825	72 90.txt
bibbleue1826	101 8.txt
bibbleue1827	246 3.txt
bibbleue1828	112 4.txt
bibbleue1829	97 36.txt
bibbleue1830	80 1.txt
bibbleue1831	150 3.txt
bibbleue1832	197 5.txt
bibbleue1833	10 3.txt
bibbleue1834	224 2.txt
bibbleue1835	20 4.txt
bibbleue1836	1 18.txt
bibbleue1837	29 1.txt
bibbleue1838	62 33.txt
bibbleue1839	144 2.txt
bibbleue1840	32 2.txt
bibbleue1841	90 10.txt
bibbleue1842	44 22.txt
bibbleue1843	62 18.txt
bibbleue1844	4 38.txt
bibbleue1845	129 3.txt
bibbleue1846	35 4.txt
bibbleue1847	281 4.txt
bibbleue1848	19 12.txt
bibbleue1849	44 17.txt
bibbleue1850	72 49.txt
bibbleue1851	97 11.txt
bibbleue1852	168 1.txt
bibbleue1853	19 25.txt
bibbleue1854	44 3.txt
bibbleue1855	18 28.txt
